PRT1
1665
4448
7381
4 0 120 0 (2477 2048 80 ) (2477 2048 144.500000 ) (2317 2048 144.499985 ) (2317 2048 80 ) 
4 0 1 0 (2317 2048 80 ) (2317 2177 80 ) (2477 2177 80 ) (2477 2048 80 ) 
4 1 121 0 (2317 2048 0 ) (2477 2048 0 ) (2477 2048 16 ) (2317 2048 16 ) 
4 1 120 0 (2477 2048 16 ) (2477 2048 80 ) (2317 2048 80 ) (2317 2048 16 ) 
4 1 36 0 (2477 2048 0 ) (2317 2048 0 ) (2317 2145 0 ) (2477 2145 0 ) 
4 1 35 0 (2317 2145 0 ) (2317 2352 0 ) (2477 2352 0 ) (2477 2145 0 ) 
4 1 32 0 (2317 2352 0 ) (2317 2368 0 ) (2477 2368 0 ) (2477 2352 0 ) 
4 1 27 0 (2317 2368 0 ) (2317 2433 0 ) (2477 2433 0 ) (2477 2368 0 ) 
4 2 7 0 (2077 2170 12 ) (2080 2170 12 ) (2080 2170 16 ) (2077 2170 16 ) 
4 2 5 0 (2068 2170 16 ) (2068 2170 12 ) (2071 2170 12 ) (2071 2170 16 ) 
4 2 3 0 (2080 2170 12 ) (2136 2170 12 ) (2136 2170 16 ) (2080 2170 16 ) 
4 2 10 0 (2068 2336 12 ) (2068 2170 12 ) (2068 2170 16 ) (2068 2336 16 ) 
4 2 11 0 (2068 2336 12 ) (2136 2336 12 ) (2136 2170 12 ) (2068 2170 12 ) 
4 3 131 0 (2080 2048 12 ) (2136 2048 12 ) (2136 2048 16 ) (2080 2048 16 ) 
4 3 8 0 (2080 2158 12 ) (2080 2048 12 ) (2080 2048 16 ) (2080 2158 16 ) 
4 3 7 0 (2080 2170 16 ) (2080 2170 12 ) (2080 2167 12 ) (2080 2167 16 ) 
4 3 6 0 (2080 2161 12 ) (2080 2158 12 ) (2080 2158 16 ) (2080 2161 16 ) 
4 3 11 0 (2136 2170 12 ) (2136 2048 12 ) (2080 2048 12 ) (2080 2170 12 ) 
4 4 9 0 (2068 2158 16 ) (2068 2158 12 ) (2071 2158 12 ) (2071 2158 16 ) 
3 4 11 0 (2068 2158 12 ) (2068 2161 12 ) (2071 2158 12 ) 
4 4 10 0 (2068 2161 12 ) (2068 2158 12 ) (2068 2158 16 ) (2068 2161 16 ) 
4 5 10 0 (2068 2170 12 ) (2068 2167 12 ) (2068 2167 16 ) (2068 2170 16 ) 
3 5 11 0 (2068 2167 12 ) (2068 2170 12 ) (2071 2170 12 ) 
4 6 8 0 (2077 2158 12 ) (2080 2158 12 ) (2080 2158 16 ) (2077 2158 16 ) 
3 6 11 0 (2080 2161 12 ) (2080 2158 12 ) (2077 2158 12 ) 
3 7 11 0 (2077 2170 12 ) (2080 2170 12 ) (2080 2167 12 ) 
4 8 132 0 (2071 2048 12 ) (2080 2048 12 ) (2080 2048 16 ) (2075 2048 16 ) 
4 8 9 0 (2074 2158 15 ) (2070.998779 2158 12 ) (2070.998779 2048 12 ) (2074 2048 15 ) 
4 8 11 0 (2080 2048 12 ) (2071 2048 12 ) (2071 2158 12 ) (2080 2158 12 ) 
5 9 133 0 (2068 2048 12 ) (2071 2048 12 ) (2074 2048 15 ) (2073 2048 16 ) (2068 2048 16 ) 
4 9 10 0 (2068 2158 12 ) (2068 2048 12 ) (2068 2048 16 ) (2068 2158 16 ) 
4 9 11 0 (2071 2048 12 ) (2068 2048 12 ) (2068 2158 12 ) (2071 2158 12 ) 
4 10 204 0 (2048 2090 16 ) (2048 2102 16 ) (2048 2102 12 ) (2048 2090 12 ) 
4 10 202 0 (2048 2152 16 ) (2048 2336 16 ) (2048 2336 12 ) (2048 2152 12 ) 
4 10 203 0 (2048 2102 16 ) (2048 2152 16 ) (2048 2152 12 ) (2048 2102 12 ) 
4 10 217 0 (2048 2048 12 ) (2048 2048 16 ) (2048 2090 16 ) (2048 2090 12 ) 
4 10 140 0 (2048 2048 16 ) (2048 2048 12 ) (2068 2048 12 ) (2068 2048 16 ) 
4 10 11 0 (2048 2336 12 ) (2068 2336 12 ) (2068 2048 12 ) (2048 2048 12 ) 
4 11 216 0 (2048 2090 12 ) (2048 2102 12 ) (2048 2102 0 ) (2048 2090 0 ) 
4 11 202 0 (2048 2152 12 ) (2048 2336 12 ) (2048 2336 0 ) (2048 2152 0 ) 
4 11 203 0 (2048 2102 12 ) (2048 2152 12 ) (2048 2152 0 ) (2048 2102 0 ) 
4 11 217 0 (2048 2048 0 ) (2048 2048 12 ) (2048 2090 12 ) (2048 2090 0 ) 
4 11 139 0 (2068 2048 0 ) (2080 2048 0 ) (2080 2048 12 ) (2068 2048 12 ) 
4 11 131 0 (2080 2048 0 ) (2136 2048 0 ) (2136 2048 12 ) (2080 2048 12 ) 
4 11 140 0 (2048 2048 12 ) (2048 2048 0 ) (2068 2048 0 ) (2068 2048 12 ) 
4 11 45 0 (2136 2048 0 ) (2048 2048 0 ) (2048 2335 0 ) (2136 2335 0 ) 
4 11 43 0 (2048 2335 0 ) (2048 2336 0 ) (2136 2336 0 ) (2136 2335 0 ) 
4 12 25 0 (2813 2513 0 ) (2718 2513 0 ) (2718 2513 -32 ) (2813 2513 -32 ) 
3 12 22 0 (2718 2522 -32 ) (2718 2536 -32 ) (2725 2529 -32 ) 
3 12 21 0 (2725 2545 -32 ) (2733 2545 -32 ) (2733 2537 -32 ) 
3 12 18 0 (2733 2513 -32 ) (2725 2513 -32 ) (2733 2521 -32 ) 
4 12 17 0 (2718 2545 -32 ) (2718 2609 -32 ) (2733 2609 -32 ) (2733 2545 -32 ) 
4 12 16 0 (2813 2513 -32 ) (2733 2513 -32 ) (2733 2609 -32 ) (2813 2609 -32 ) 
5 12 14 0 (2718 2609 0 ) (2718 2609 -32 ) (2718 2560 -32 ) (2718 2529 -1 ) (2718 2530 0 ) 
4 12 13 0 (2718 2560 -32 ) (2718 2513 -32 ) (2718 2513 0 ) (2718 2528 0 ) 
4 13 25 0 (2718 2513 0 ) (2076 2513 0 ) (2076 2513 -32 ) (2718 2513 -32 ) 
5 13 22 0 (2718 2536 -32 ) (2718 2522 -32 ) (2717 2521 -32 ) (2709 2529 -32 ) (2717 2537 -32 ) 
3 13 20 0 (2701 2537 -32 ) (2701 2545 -32 ) (2709 2545 -32 ) 
3 13 19 0 (2709 2513 -32 ) (2701 2513 -32 ) (2701 2521 -32 ) 
4 13 17 0 (2701 2545 -32 ) (2701 2560 -32 ) (2718 2560 -32 ) (2718 2545 -32 ) 
4 13 23 0 (2701 2513 -32 ) (2076 2513 -32 ) (2076 2560 -32 ) (2701 2560 -32 ) 
4 13 14 0 (2718 2528.996338 -1.003738 ) (2718 2559.994873 -32 ) (2076 2560 -32 ) (2076 2529 -1 ) 
4 13 15 0 (2076 2560 -32 ) (2076 2513 -32 ) (2076 2513 0 ) (2076 2528 0 ) 
4 14 17 0 (2701 2609 -32 ) (2718 2609 -32 ) (2718 2560 -32 ) (2701 2560 -32 ) 
4 14 23 0 (2076 2560 -32 ) (2076 2609 -32 ) (2701 2609 -32 ) (2701 2560 -32 ) 
5 14 15 0 (2076 2609 0 ) (2076 2609 -32 ) (2076 2560 -32 ) (2076 2529 -1 ) (2076 2530 0 ) 
4 15 218 0 (2048 2513 0 ) (2048 2609 0 ) (2048 2609 -32 ) (2048 2513 -32 ) 
4 15 25 0 (2076 2513 0 ) (2048 2513 0 ) (2048 2513 -32 ) (2076 2513 -32 ) 
4 15 23 0 (2076 2513 -32 ) (2048 2513 -32 ) (2048 2609 -32 ) (2076 2609 -32 ) 
4 16 25 0 (2813 2513 -32 ) (2733 2513 -32 ) (2733 2513 -35 ) (2813 2513 -35 ) 
4 16 24 0 (2813 2513 -35 ) (2733 2513 -35 ) (2733 2609 -35 ) (2813 2609 -35 ) 
4 16 21 0 (2733 2545 -35 ) (2733 2537 -35 ) (2733 2537 -32 ) (2733 2545 -32 ) 
4 16 18 0 (2733 2521 -35 ) (2733 2513 -35 ) (2733 2513 -32 ) (2733 2521 -32 ) 
4 16 17 0 (2733 2609 -32 ) (2733 2609 -35 ) (2733 2545 -35 ) (2733 2545 -32 ) 
4 17 24 0 (2701 2545 -35 ) (2701 2609 -35 ) (2733 2609 -35 ) (2733 2545 -35 ) 
4 17 21 0 (2725 2545 -35 ) (2733 2545 -35 ) (2733 2545 -32 ) (2725 2545 -32 ) 
4 17 20 0 (2701 2545 -32 ) (2701 2545 -35 ) (2709 2545 -35 ) (2709 2545 -32 ) 
4 17 23 0 (2701 2609 -32 ) (2701 2609 -35 ) (2701 2545 -35 ) (2701 2545 -32 ) 
4 18 25 0 (2733 2513 -32 ) (2725 2513 -32 ) (2725 2513 -35 ) (2733 2513 -35 ) 
3 18 24 0 (2733 2513 -35 ) (2725 2513 -35 ) (2733 2521 -35 ) 
4 19 25 0 (2709 2513 -32 ) (2701 2513 -32 ) (2701 2513 -35 ) (2709 2513 -35 ) 
3 19 24 0 (2709 2513 -35 ) (2701 2513 -35 ) (2701 2521 -35 ) 
4 19 23 0 (2701 2521 -35 ) (2701 2513 -35 ) (2701 2513 -32 ) (2701 2521 -32 ) 
3 20 24 0 (2701 2537 -35 ) (2701 2545 -35 ) (2709 2545 -35 ) 
4 20 23 0 (2701 2545 -35 ) (2701 2537 -35 ) (2701 2537 -32 ) (2701 2545 -32 ) 
3 21 24 0 (2725 2545 -35 ) (2733 2545 -35 ) (2733 2537 -35 ) 
4 22 24 0 (2717 2521 -35 ) (2709 2529 -35 ) (2717 2537 -35 ) (2725 2529 -35 ) 
4 23 218 0 (2048 2609 -35 ) (2048 2513 -35 ) (2048 2513 -32 ) (2048 2609 -32 ) 
4 23 25 0 (2701 2513 -32 ) (2048 2513 -32 ) (2048 2513 -35 ) (2701 2513 -35 ) 
4 23 24 0 (2701 2513 -35 ) (2048 2513 -35 ) (2048 2609 -35 ) (2701 2609 -35 ) 
4 24 218 0 (2048 2609 -192 ) (2048 2513 -192 ) (2048 2513 -35 ) (2048 2609 -35 ) 
4 24 25 0 (2048 2513 -192 ) (2813 2513 -192 ) (2813 2513 -35 ) (2048 2513 -35 ) 
4 25 218 0 (2048 2433 0 ) (2048 2513 0 ) (2048 2513 -192 ) (2048 2433 -192 ) 
4 25 30 0 (2048 2433 -192 ) (2285 2433 -192 ) (2285 2433 0 ) (2048 2433 0 ) 
4 25 28 0 (2317 2433 -192 ) (2477 2433 -192 ) (2477 2433 -160 ) (2317 2433 -160 ) 
4 25 27 0 (2477 2433 -160 ) (2477 2433 0 ) (2317 2433 0 ) (2317 2433 -160 ) 
4 25 26 0 (2509 2433 -192 ) (2813 2433 -192 ) (2813 2433 0 ) (2509 2433 0 ) 
4 26 31 0 (2658 2368 -48 ) (2658 2368 -176 ) (2770 2368 -176 ) (2770 2368 -48 ) 
4 27 32 0 (2477 2368 0 ) (2317 2368 0 ) (2317 2368 -160 ) (2477 2368 -160 ) 
4 27 29 0 (2317 2369 -160 ) (2317 2401 -160 ) (2477 2401 -160 ) (2477 2369 -160 ) 
4 27 28 0 (2317 2401 -160 ) (2317 2433 -160 ) (2477 2433 -160 ) (2477 2401 -160 ) 
4 28 29 0 (2477 2401 -176 ) (2477 2401 -160 ) (2317 2401 -160 ) (2317 2401 -176 ) 
4 30 218 0 (2048 2368 0 ) (2048 2433 0 ) (2048 2433 -192 ) (2048 2368 -192 ) 
4 30 33 0 (2048 2368 -48 ) (2048 2368 -176 ) (2136 2368 -176 ) (2136 2368 -48 ) 
4 31 34 0 (2682 2352 -176 ) (2746 2352 -176 ) (2746 2352 -64 ) (2682 2352 -64 ) 
4 32 40 0 (2477 2352 -160 ) (2477 2352 -112 ) (2317 2352 -112 ) (2317 2352 -160 ) 
4 32 35 0 (2477 2352 -112 ) (2477 2352 0 ) (2317 2352 0 ) (2317 2352 -112 ) 
4 33 219 0 (2048 2368 -48 ) (2048 2368 -176 ) (2048 2352 -176 ) (2048 2352 -48 ) 
4 33 44 0 (2048 2352 -176 ) (2112 2352 -176 ) (2112 2352 -64 ) (2048 2352 -64 ) 
4 35 41 0 (2317 2273 -112 ) (2317 2337 -112 ) (2477 2337 -112 ) (2477 2273 -112 ) 
4 35 40 0 (2317 2337 -112 ) (2317 2352 -112 ) (2477 2352 -112 ) (2477 2337 -112 ) 
4 35 37 0 (2317 2145 -48 ) (2317 2145 -96 ) (2477 2145 -96 ) (2477 2145 -48 ) 
4 35 36 0 (2317 2145 0 ) (2317 2145 -48 ) (2477 2145 -48 ) (2477 2145 0 ) 
4 36 144 0 (2477 2048 -48 ) (2477 2048 -32 ) (2317 2048 -32 ) (2317 2048 -48 ) 
4 36 142 0 (2477 2048 -32 ) (2477 2048 0 ) (2317 2048 0 ) (2317 2048 -32 ) 
4 36 38 0 (2317 2049 -48 ) (2317 2113 -48 ) (2477 2113 -48 ) (2477 2049 -48 ) 
4 36 37 0 (2317 2113 -48 ) (2317 2145 -48 ) (2477 2145 -48 ) (2477 2113 -48 ) 
4 37 39 0 (2477 2113 -80 ) (2477 2113 -64 ) (2317 2113 -64 ) (2317 2113 -80 ) 
4 37 38 0 (2477 2113 -64 ) (2477 2113 -48 ) (2317 2113 -48 ) (2317 2113 -64 ) 
4 38 39 0 (2317 2081 -64 ) (2317 2113 -64 ) (2477 2113 -64 ) (2477 2081 -64 ) 
4 40 42 0 (2477 2337 -144 ) (2477 2337 -128 ) (2317 2337 -128 ) (2317 2337 -144 ) 
4 40 41 0 (2477 2337 -128 ) (2477 2337 -112 ) (2317 2337 -112 ) (2317 2337 -128 ) 
4 41 42 0 (2317 2305 -128 ) (2317 2337 -128 ) (2477 2337 -128 ) (2477 2305 -128 ) 
4 43 220 0 (2048 2335 0 ) (2048 2336 0 ) (2048 2336 -64 ) (2048 2335 -64 ) 
4 43 45 0 (2136 2335 0 ) (2048 2335 0 ) (2048 2335 -64 ) (2136 2335 -64 ) 
4 43 44 0 (2112 2335 -64 ) (2048 2335 -64 ) (2048 2336 -64 ) (2112 2336 -64 ) 
4 44 45 0 (2048 2335 -176 ) (2112 2335 -176 ) (2112 2335 -64 ) (2048 2335 -64 ) 
4 45 223 0 (2048 2048 -176 ) (2048 2048 0 ) (2048 2160 0 ) (2048 2160 -176 ) 
4 45 221 0 (2048 2335 -64 ) (2048 2335 -176 ) (2048 2160 -176 ) (2048 2160 -64 ) 
4 45 220 0 (2048 2160 0 ) (2048 2335 0 ) (2048 2335 -64 ) (2048 2160 -64 ) 
4 45 145 0 (2048 2048 0 ) (2048 2048 -176 ) (2144 2048 -176 ) (2144 2048 0 ) 
4 46 84 2 (2477 1648 240 ) (2477 1648 280.500000 ) (2317 1648 280.500031 ) (2317 1648 240 ) 
4 46 47 0 (2317 1648 240 ) (2317 1729 240 ) (2477 1729 240 ) (2477 1648 240 ) 
4 47 118 0 (2477 1857 192 ) (2477 1648 192 ) (2317 1648 192 ) (2317 1857 192 ) 
4 47 84 2 (2317 1648 192 ) (2477 1648 192 ) (2477 1648 240 ) (2317 1648 240 ) 
4 48 56 0 (2448 1537 836 ) (2448 1536 836 ) (2432 1536 836 ) (2432 1537 836 ) 
4 48 57 0 (2432 1536 836 ) (2224 1536 836 ) (2224 1537 836 ) (2432 1537 836 ) 
4 48 55 0 (2224 1648 836 ) (2448 1648 836 ) (2448 1537 836 ) (2224 1537 836 ) 
4 48 50 0 (2272 1536 836 ) (2400 1536 836 ) (2400 1536 848 ) (2272 1536 848 ) 
4 48 54 2 (2224 1648 960 ) (2224 1648 836 ) (2224 1536 836 ) (2224 1536 960 ) 
4 49 50 0 (2400 1488 836 ) (2400 1360 836 ) (2400 1360 848 ) (2400 1488 848 ) 
4 50 52 2 (2288 1312 836 ) (2400 1312 836 ) (2400 1312 848 ) (2288 1312 848 ) 
4 50 53 2 (2272 1312 836 ) (2288 1312 836 ) (2288 1312 848 ) (2272 1312 848 ) 
4 50 51 0 (2272 1360 848 ) (2272 1488 848 ) (2272 1488 836 ) (2272 1360 836 ) 
4 51 54 2 (2224 1488 836 ) (2224 1360 836 ) (2224 1360 848 ) (2224 1488 848 ) 
4 52 65 0 (2288 1152 836 ) (2288 1312 836 ) (2448 1312 836 ) (2448 1152 836 ) 
4 52 53 2 (2288 1312 960 ) (2288 1312 836 ) (2288 1152 836 ) (2288 1152 960 ) 
4 53 148 0 (2224 1024 836 ) (2288 1024 836 ) (2288 1024 960 ) (2224 1024 960 ) 
4 53 72 0 (2288 1024 836 ) (2224 1024 836 ) (2224 1312 836 ) (2288 1312 836 ) 
4 53 54 2 (2224 1312 836 ) (2224 1024 836 ) (2224 1024 960 ) (2224 1312 960 ) 
4 54 260 0 (2048 1264 848 ) (2048 1320 848 ) (2048 1320 836 ) (2048 1264 836 ) 
4 54 262 0 (2048 1024 836 ) (2048 1024 848 ) (2048 1264 848 ) (2048 1264 836 ) 
4 54 258 0 (2048 1320 848 ) (2048 1496 848 ) (2048 1496 836 ) (2048 1320 836 ) 
4 54 256 0 (2048 1496 848 ) (2048 1552 848 ) (2048 1552 836 ) (2048 1496 836 ) 
4 54 254 0 (2048 1024 848 ) (2048 1024 960 ) (2048 1552 960 ) (2048 1552 848 ) 
4 54 250 0 (2048 1552 960 ) (2048 1600 960 ) (2048 1600 836 ) (2048 1552 836 ) 
4 54 244 0 (2048 1600 960 ) (2048 1648 960 ) (2048 1648 836 ) (2048 1600 836 ) 
4 54 148 0 (2048 1024 960 ) (2048 1024 836 ) (2224 1024 836 ) (2224 1024 960 ) 
4 54 72 0 (2224 1312 836 ) (2224 1024 836 ) (2048 1024 836 ) (2048 1312 836 ) 
4 54 71 0 (2224 1520 836 ) (2224 1312 836 ) (2048 1312 836 ) (2048 1520 836 ) 
4 54 61 0 (2224 1536 836 ) (2224 1520 836 ) (2048 1520 836 ) (2048 1536 836 ) 
4 54 57 0 (2224 1537 836 ) (2224 1536 836 ) (2048 1536 836 ) (2048 1537 836 ) 
4 54 55 0 (2048 1648 836 ) (2224 1648 836 ) (2224 1537 836 ) (2048 1537 836 ) 
4 55 263 0 (2048 1552 832 ) (2048 1552 416 ) (2048 1537 416 ) (2048 1537 832 ) 
4 55 256 0 (2048 1537 836 ) (2048 1552 836 ) (2048 1552 832 ) (2048 1537 832 ) 
4 55 250 0 (2048 1552 836 ) (2048 1600 836 ) (2048 1600 416 ) (2048 1552 416 ) 
4 55 244 0 (2048 1600 836 ) (2048 1648 836 ) (2048 1648 416 ) (2048 1600 416 ) 
4 55 102 2 (2272 1648 416 ) (2280 1648 416 ) (2280 1537 416 ) (2272 1537 416 ) 
4 55 103 2 (2048 1648 416 ) (2272 1648 416 ) (2272 1537 416 ) (2048 1537 416 ) 
4 55 94 2 (2280 1648 416 ) (2285 1648 416 ) (2285 1537 416 ) (2280 1537 416 ) 
4 55 56 2 (2448 1537 760 ) (2448 1537 836 ) (2432 1537 836 ) (2432 1537 720 ) 
4 55 57 2 (2048 1537 416 ) (2432 1537 416 ) (2432 1537 836 ) (2048 1537 836 ) 
3 56 58 0 (2448 1536 760 ) (2432 1536 760 ) (2432 1536 720 ) 
4 56 57 2 (2432 1537 836 ) (2432 1537 720 ) (2432 1536 720 ) (2432 1536 836 ) 
4 57 263 0 (2048 1537 832 ) (2048 1537 416 ) (2048 1536 416 ) (2048 1536 832 ) 
4 57 256 0 (2048 1536 836 ) (2048 1537 836 ) (2048 1537 832 ) (2048 1536 832 ) 
4 57 102 2 (2280 1536 416 ) (2272 1536 416 ) (2272 1537 416 ) (2280 1537 416 ) 
4 57 103 2 (2272 1536 416 ) (2048 1536 416 ) (2048 1537 416 ) (2272 1537 416 ) 
4 57 94 2 (2285 1536 416 ) (2280 1536 416 ) (2280 1537 416 ) (2285 1537 416 ) 
4 57 60 0 (2361.599854 1536 416 ) (2432 1536 416 ) (2432 1536 760 ) (2224 1536 760 ) 
3 57 59 0 (2224 1536 416 ) (2361.599854 1536 416 ) (2224 1536 760 ) 
4 57 61 0 (2048 1536 416 ) (2224 1536 416 ) (2224 1536 836 ) (2048 1536 836 ) 
3 58 60 2 (2432 1536 760 ) (2432 1536 720 ) (2432 1520 720 ) 
4 59 102 2 (2280 1520 416 ) (2272 1520 416 ) (2272 1536 416 ) (2280 1536 416 ) 
4 59 103 2 (2272 1520 416 ) (2224 1520 416 ) (2224 1536 416 ) (2272 1536 416 ) 
4 59 94 2 (2285 1520 416 ) (2280 1520 416 ) (2280 1536 416 ) (2285 1536 416 ) 
4 59 77 0 (2224 1520 416 ) (2240 1520 416 ) (2240 1520 448 ) (2224 1520 448 ) 
4 59 70 0 (2240 1520 720 ) (2224 1520 760 ) (2224 1520 448 ) (2240 1520 448 ) 
4 59 60 0 (2361.599854 1536 416 ) (2224 1536 760 ) (2240 1520 720 ) (2361.599854 1520 416 ) 
4 59 61 0 (2224 1536 760 ) (2224 1536 416 ) (2224 1520 416 ) (2224 1520 760 ) 
4 61 279 0 (2048 1536 440 ) (2048 1536 432 ) (2048 1520 432 ) (2048 1520 440 ) 
4 61 280 0 (2048 1536 432 ) (2048 1536 416 ) (2048 1520 416 ) (2048 1520 432 ) 
4 61 269 0 (2048 1536 832 ) (2048 1536 440 ) (2048 1520 440 ) (2048 1520 832 ) 
4 61 256 0 (2048 1520 836 ) (2048 1536 836 ) (2048 1536 832 ) (2048 1520 832 ) 
4 61 103 2 (2224 1520 416 ) (2048 1520 416 ) (2048 1536 416 ) (2224 1536 416 ) 
4 61 77 0 (2048 1520 416 ) (2224 1520 416 ) (2224 1520 448 ) (2048 1520 448 ) 
4 61 71 0 (2224 1520 448 ) (2224 1520 836 ) (2048 1520 836 ) (2048 1520 448 ) 
3 62 65 2 (2448 1312 760 ) (2432 1312 760 ) (2432 1312 720 ) 
3 62 63 2 (2432 1328 720 ) (2432 1312 720 ) (2432 1312 760 ) 
4 63 68 0 (2288 1312 480 ) (2288 1312 760 ) (2288 1328 720 ) (2288 1328 464 ) 
4 63 65 2 (2288 1312 760 ) (2288 1312 448 ) (2432 1312 448 ) (2432 1312 760 ) 
4 63 64 0 (2432 1312 448 ) (2288 1312 448 ) (2288 1328 448 ) (2432 1328 448 ) 
4 64 80 0 (2288 1472 416 ) (2288 1344 416 ) (2288 1344 432 ) (2288 1472 432 ) 
4 64 78 0 (2288 1344 448 ) (2288 1472 448 ) (2288 1472 432 ) (2288 1360 432 ) 
4 64 66 2 (2288 1312 432 ) (2288 1312 416 ) (2432 1312 416 ) (2432 1312 432 ) 
4 64 65 2 (2288 1312 448 ) (2288 1312 432 ) (2432 1312 432 ) (2432 1312 448 ) 
4 65 72 0 (2288 1152 836 ) (2288 1312 836 ) (2288 1312 480 ) (2288 1152 640 ) 
4 65 66 0 (2288 1247 432 ) (2288 1312 432 ) (2448 1312 432 ) (2448 1247 432 ) 
4 66 95 2 (2314 1247 416 ) (2288 1247 416 ) (2288 1277 416 ) (2314 1277 416 ) 
3 67 270 0 (2048 1328 448 ) (2048 1312 448 ) (2048 1312 464 ) 
4 67 82 0 (2273 1312 448 ) (2048 1312 448 ) (2048 1328 448 ) (2273 1328 448 ) 
4 67 73 0 (2048 1312 448 ) (2273 1312 448 ) (2273 1312 464 ) (2048 1312 464 ) 
4 68 72 0 (2288 1312 480 ) (2288 1312 760 ) (2240 1312 760 ) (2240 1312 480 ) 
4 68 69 0 (2240 1312 480 ) (2240 1312 760 ) (2240 1328 720 ) (2240 1328 464 ) 
4 69 79 0 (2240 1436.799927 448 ) (2240 1344 448 ) (2224 1344 448 ) (2224 1436.799927 448 ) 
4 69 72 0 (2224 1312 760 ) (2224 1312 480 ) (2240 1312 480 ) (2240 1312 760 ) 
4 69 71 0 (2224 1436.799927 448 ) (2224 1344 448 ) (2224 1312 480 ) (2224 1312 760 ) 
5 69 70 0 (2240 1327.996582 720 ) (2240 1436.797607 448 ) (2224 1436.798462 448 ) (2224 1312 759.996216 ) (2224.001221 1312 759.996216 ) 
4 70 79 0 (2240 1472 448 ) (2240 1436.799927 448 ) (2224 1436.799927 448 ) (2224 1472 448 ) 
4 70 77 0 (2224 1520 448 ) (2240 1520 448 ) (2240 1472 448 ) (2224 1472 448 ) 
4 70 71 0 (2224 1520 760 ) (2224 1520 448 ) (2224 1436.799927 448 ) (2224 1312 760 ) 
5 71 269 0 (2048 1520 832 ) (2048 1520 448 ) (2048 1344 448 ) (2048 1312 480 ) (2048 1312 832 ) 
4 71 260 0 (2048 1312 836 ) (2048 1320 836 ) (2048 1320 832 ) (2048 1312 832 ) 
4 71 258 0 (2048 1320 836 ) (2048 1496 836 ) (2048 1496 832 ) (2048 1320 832 ) 
4 71 256 0 (2048 1496 836 ) (2048 1520 836 ) (2048 1520 832 ) (2048 1496 832 ) 
4 71 79 0 (2224 1472 448 ) (2224 1344 448 ) (2048 1344 448 ) (2048 1472 448 ) 
4 71 77 0 (2048 1520 448 ) (2224 1520 448 ) (2224 1472 448 ) (2048 1472 448 ) 
4 71 72 0 (2224 1312 836 ) (2048 1312 836 ) (2048 1312 480 ) (2224 1312 480 ) 
4 72 269 0 (2048 1024 768 ) (2048 1024 832 ) (2048 1312 832 ) (2048 1312 480 ) 
4 72 260 0 (2048 1264 836 ) (2048 1312 836 ) (2048 1312 832 ) (2048 1264 832 ) 
4 72 262 0 (2048 1024 832 ) (2048 1024 836 ) (2048 1264 836 ) (2048 1264 832 ) 
4 72 148 0 (2048 1024 836 ) (2048 1024 768 ) (2288 1024 768 ) (2288 1024 836 ) 
4 72 76 0 (2288 1152 640 ) (2288 1024 768 ) (2048 1024 768 ) (2048 1152 640 ) 
4 73 270 0 (2048 1312 464 ) (2048 1312 448 ) (2048 1160 448 ) (2048 1160 616 ) 
4 73 82 0 (2048 1160 448 ) (2048 1312 448 ) (2273 1312 448 ) (2273 1160 448 ) 
4 73 74 0 (2048 1160 448 ) (2273 1160 448 ) (2273 1160 600 ) (2048 1160 600 ) 
4 74 273 0 (2048 1160 600 ) (2048 1160 448 ) (2048 1144 448 ) (2048 1144 600 ) 
4 74 82 0 (2048 1144 448 ) (2048 1160 448 ) (2273 1160 448 ) (2273 1144 448 ) 
4 74 75 0 (2048 1144 448 ) (2273 1144 448 ) (2273 1144 600 ) (2048 1144 600 ) 
3 75 271 0 (2048 1128 600 ) (2048 1144 616 ) (2048 1144 600 ) 
5 75 273 0 (2048 1024 448 ) (2048 1024 496 ) (2048 1128 600 ) (2048 1144 600 ) (2048 1144 448 ) 
4 75 151 0 (2048 1024 496 ) (2048 1024 448 ) (2273 1024 448 ) (2273 1024 496 ) 
4 75 82 0 (2273 1024 448 ) (2048 1024 448 ) (2048 1144 448 ) (2273 1144 448 ) 
3 76 274 0 (2048 1024 512 ) (2048 1024 768 ) (2048 1152 640 ) 
4 76 152 0 (2048 1024 736 ) (2048 1024 512 ) (2288 1024 512 ) (2288 1024 736 ) 
4 76 150 0 (2048 1024 768 ) (2048 1024 736 ) (2056 1024 736 ) (2056 1024 768 ) 
4 76 149 0 (2056 1024 736 ) (2288 1024 736 ) (2288 1024 768 ) (2056 1024 768 ) 
4 77 279 0 (2048 1520 440 ) (2048 1520 432 ) (2048 1472 432 ) (2048 1472 440 ) 
4 77 280 0 (2048 1520 432 ) (2048 1520 416 ) (2048 1472 416 ) (2048 1472 432 ) 
4 77 269 0 (2048 1472 448 ) (2048 1520 448 ) (2048 1520 440 ) (2048 1472 440 ) 
4 77 104 2 (2048 1472 416 ) (2048 1520 416 ) (2240 1520 416 ) (2240 1472 416 ) 
4 77 81 0 (2048 1472 416 ) (2240 1472 416 ) (2240 1472 432 ) (2048 1472 432 ) 
4 77 79 0 (2240 1472 432 ) (2240 1472 448 ) (2048 1472 448 ) (2048 1472 432 ) 
4 78 80 0 (2272 1360 432 ) (2272 1472 432 ) (2288 1472 432 ) (2288 1360 432 ) 
4 79 279 0 (2048 1472 440 ) (2048 1472 432 ) (2048 1360 432 ) (2048 1352 440 ) 
4 79 269 0 (2048 1344 448 ) (2048 1472 448 ) (2048 1472 440 ) (2048 1352 440 ) 
4 79 81 0 (2048 1360 432 ) (2048 1472 432 ) (2240 1472 432 ) (2240 1360 432 ) 
4 80 105 2 (2272 1472 416 ) (2280 1472 416 ) (2280 1344 416 ) (2272 1344 416 ) 
4 80 97 2 (2285 1399 416 ) (2285 1344 416 ) (2280 1344 416 ) (2280 1399 416 ) 
4 80 96 2 (2280 1472 416 ) (2285 1472 416 ) (2285 1399 416 ) (2280 1399 416 ) 
4 81 280 0 (2048 1472 432 ) (2048 1472 416 ) (2048 1344 416 ) (2048 1344 432 ) 
4 81 108 2 (2048 1344 416 ) (2048 1472 416 ) (2240 1472 416 ) (2240 1344 416 ) 
4 82 273 0 (2048 1024 440 ) (2048 1024 448 ) (2048 1160 448 ) (2048 1160 440 ) 
4 82 270 0 (2048 1160 448 ) (2048 1328 448 ) (2048 1336 440 ) (2048 1160 440 ) 
4 82 151 0 (2048 1024 448 ) (2048 1024 440 ) (2273 1024 440 ) (2273 1024 448 ) 
4 82 83 0 (2263.157227 1024 440 ) (2048 1024 440 ) (2048 1319 440 ) (2264 1319 440 ) 
4 83 281 0 (2048 1024 416 ) (2048 1024 440 ) (2048 1319 440 ) (2048 1319 416 ) 
4 83 157 0 (2048 1024 440 ) (2048 1024 416 ) (2263.157227 1024 416 ) (2263.157227 1024 440 ) 
4 83 109 2 (2263.157227 1024 416 ) (2048 1024 416 ) (2048 1319 416 ) (2264 1319 416 ) 
4 84 119 0 (2477 1505 192 ) (2477 1473 192 ) (2317 1473 192 ) (2317 1505 192 ) 
4 84 118 0 (2317 1648 192 ) (2477 1648 192 ) (2477 1505 192 ) (2317 1505 192 ) 
4 84 86 0 (2364 1281 192 ) (2428 1281 192 ) (2428 1281 304 ) (2364 1281 304 ) 
4 84 85 0 (2477 1281 320 ) (2477 1281 384 ) (2317 1281 384 ) (2317 1281 320 ) 
4 86 87 0 (2364 1256 304 ) (2364 1256 192 ) (2428 1256 192 ) (2428 1256 304 ) 
4 87 89 0 (2340 1247 192 ) (2452 1247 192 ) (2452 1247 320 ) (2340 1247 320 ) 
4 88 90 0 (2472 1140 360 ) (2314 1140 360 ) (2314 1164 360 ) (2472 1164 360 ) 
4 88 89 0 (2314 1164 360 ) (2314 1247 360 ) (2480 1247 360 ) (2480 1164 360 ) 
4 88 92 0 (2480 1140 360 ) (2480 1140 384 ) (2314 1140 384 ) (2314 1140 360 ) 
4 89 100 0 (2314 1183 192 ) (2314 1164 192 ) (2314 1164 304 ) (2314 1183 304 ) 
4 89 99 0 (2314 1207 192 ) (2314 1183 192 ) (2314 1183 304 ) (2314 1207 304 ) 
4 89 98 0 (2314 1207 304 ) (2314 1164 304 ) (2314 1164 320 ) (2314 1207 320 ) 
4 89 90 0 (2472 1164 360 ) (2314 1164 360 ) (2314 1164 336 ) (2476 1164 336 ) 
4 89 91 0 (2480 1164 192 ) (2480 1164 336 ) (2314 1164 336 ) (2314 1164 192 ) 
4 90 91 0 (2476 1140 336 ) (2314 1140 336 ) (2314 1164 336 ) (2476 1164 336 ) 
4 90 92 0 (2472 1140 360 ) (2314 1140 360 ) (2314 1140 336 ) (2476 1140 336 ) 
4 91 100 0 (2314 1164 192 ) (2314 1140 192 ) (2314 1140 304 ) (2314 1164 304 ) 
4 91 98 0 (2314 1140 304 ) (2314 1140 320 ) (2314 1164 320 ) (2314 1164 304 ) 
4 91 92 0 (2480 1140 192 ) (2480 1140 336 ) (2314 1140 336 ) (2314 1140 192 ) 
4 92 101 0 (2314 1119 192 ) (2314 1095 192 ) (2314 1095 304 ) (2314 1119 304 ) 
4 92 100 0 (2314 1140 192 ) (2314 1119 192 ) (2314 1119 304 ) (2314 1140 304 ) 
4 92 98 0 (2314 1095 320 ) (2314 1140 320 ) (2314 1140 304 ) (2314 1095 304 ) 
4 92 93 0 (2333 1055 192 ) (2461 1055 192 ) (2461 1055 296 ) (2333 1055 296 ) 
4 94 102 0 (2280 1520 416 ) (2280 1648 416 ) (2280 1648 377 ) (2280 1520 377 ) 
4 96 106 0 (2280 1472 384 ) (2280 1472 352 ) (2280 1399 352 ) (2280 1399 384 ) 
4 96 105 0 (2280 1399 416 ) (2280 1472 416 ) (2280 1472 384 ) (2280 1399 384 ) 
4 96 97 0 (2280 1399 416 ) (2280 1399 384 ) (2285 1399 384 ) (2285 1399 416 ) 
4 97 105 0 (2280 1344 416 ) (2280 1399 416 ) (2280 1399 384 ) (2280 1344 384 ) 
3 98 101 0 (2314 1119 304 ) (2314 1095 304 ) (2305 1119 304 ) 
4 98 100 0 (2314 1183 304 ) (2314 1119 304 ) (2305 1119 304 ) (2305 1183 304 ) 
3 98 99 0 (2314 1207 304 ) (2314 1183 304 ) (2305 1183 304 ) 
4 99 100 0 (2314 1183 192 ) (2314 1183 304 ) (2305 1183 304 ) (2305 1183 192 ) 
4 100 110 0 (2280 1183 192 ) (2280 1119 192 ) (2280 1119 304 ) (2280 1183 304 ) 
4 100 101 0 (2314 1119 192 ) (2314 1119 304 ) (2305 1119 304 ) (2305 1119 192 ) 
4 102 103 2 (2272 1520 377 ) (2272 1520 416 ) (2272 1648 416 ) (2272 1648 377 ) 
4 103 283 0 (2048 1520 416 ) (2048 1536 416 ) (2048 1536 192 ) (2048 1520 192 ) 
4 103 264 0 (2048 1552 240 ) (2048 1552 192 ) (2048 1536 192 ) (2048 1536 240 ) 
4 103 263 0 (2048 1536 416 ) (2048 1552 416 ) (2048 1552 240 ) (2048 1536 240 ) 
4 103 252 0 (2048 1584 192 ) (2048 1552 192 ) (2048 1552 240 ) (2048 1584 240 ) 
4 103 251 0 (2048 1600 240 ) (2048 1600 192 ) (2048 1584 192 ) (2048 1584 240 ) 
4 103 250 0 (2048 1552 416 ) (2048 1600 416 ) (2048 1600 240 ) (2048 1552 240 ) 
4 103 247 0 (2048 1632 192 ) (2048 1600 192 ) (2048 1600 240 ) (2048 1632 240 ) 
4 103 246 0 (2048 1648 240 ) (2048 1648 192 ) (2048 1632 192 ) (2048 1632 240 ) 
4 103 244 0 (2048 1600 416 ) (2048 1648 416 ) (2048 1648 240 ) (2048 1600 240 ) 
4 103 104 0 (2048 1520 192 ) (2240 1520 192 ) (2240 1520 416 ) (2048 1520 416 ) 
4 104 283 0 (2048 1472 416 ) (2048 1520 416 ) (2048 1520 192 ) (2048 1472 192 ) 
4 104 108 0 (2048 1472 192 ) (2240 1472 192 ) (2240 1472 416 ) (2048 1472 416 ) 
4 105 106 0 (2273 1399 384 ) (2273 1472 384 ) (2280 1472 384 ) (2280 1399 384 ) 
4 105 107 0 (2273 1344 384 ) (2272 1344 384 ) (2272 1472 384 ) (2273 1472 384 ) 
4 106 107 0 (2273 1472 352 ) (2273 1399 352 ) (2273 1399 384 ) (2273 1472 384 ) 
4 108 283 0 (2048 1344 416 ) (2048 1472 416 ) (2048 1472 192 ) (2048 1344 192 ) 
4 109 284 0 (2048 1024 392 ) (2048 1024 416 ) (2048 1324 416 ) (2048 1324 392 ) 
4 109 160 0 (2048 1024 416 ) (2048 1024 392 ) (2269 1024 392 ) (2269 1024 416 ) 
4 109 114 0 (2048 1140 392 ) (2048 1164 392 ) (2269 1164 392 ) (2269 1140 392 ) 
4 109 111 0 (2048 1164 392 ) (2048 1324 392 ) (2269 1324 392 ) (2269 1164 392 ) 
4 109 117 0 (2269 1024 392 ) (2048 1024 392 ) (2048 1140 392 ) (2269 1140 392 ) 
4 110 116 0 (2273 1164 192 ) (2273 1140 192 ) (2273 1140 352 ) (2273 1164 352 ) 
4 110 112 0 (2273 1215 192 ) (2273 1164 192 ) (2273 1164 352 ) (2273 1215 352 ) 
4 110 117 0 (2273 1140 192 ) (2273 1087 192 ) (2273 1087 352 ) (2273 1140 352 ) 
4 111 285 0 (2048 1164 392 ) (2048 1328 392 ) (2048 1328 352 ) (2048 1164 352 ) 
4 111 115 0 (2265 1164 384 ) (2048 1164 384 ) (2048 1164 360 ) (2269 1164 360 ) 
4 111 116 0 (2273 1164 352 ) (2273 1164 360 ) (2048 1164 360 ) (2048 1164 352 ) 
4 111 114 0 (2273 1164 384 ) (2273 1164 392 ) (2048 1164 392 ) (2048 1164 384 ) 
4 111 112 0 (2273 1164 352 ) (2271 1164 352 ) (2271 1215 352 ) (2273 1215 352 ) 
4 111 113 0 (2271 1164 352 ) (2048 1164 352 ) (2048 1328 352 ) (2271 1328 352 ) 
4 112 116 0 (2271 1164 192 ) (2273 1164 192 ) (2273 1164 352 ) (2271 1164 352 ) 
4 112 113 0 (2271 1164 192 ) (2271 1164 352 ) (2271 1215 352 ) (2271 1215 192 ) 
4 113 285 0 (2048 1328 352 ) (2048 1328 192 ) (2048 1164 192 ) (2048 1164 352 ) 
4 113 116 0 (2048 1164 192 ) (2271 1164 192 ) (2271 1164 352 ) (2048 1164 352 ) 
4 114 285 0 (2048 1140 392 ) (2048 1164 392 ) (2048 1164 384 ) (2048 1140 384 ) 
4 114 115 0 (2265 1140 384 ) (2048 1140 384 ) (2048 1164 384 ) (2265 1164 384 ) 
4 114 117 0 (2273 1140 384 ) (2273 1140 392 ) (2048 1140 392 ) (2048 1140 384 ) 
4 115 285 0 (2048 1164 384 ) (2048 1164 360 ) (2048 1140 360 ) (2048 1140 384 ) 
4 115 116 0 (2269 1140 360 ) (2048 1140 360 ) (2048 1164 360 ) (2269 1164 360 ) 
4 115 117 0 (2265 1140 384 ) (2048 1140 384 ) (2048 1140 360 ) (2269 1140 360 ) 
4 116 285 0 (2048 1164 360 ) (2048 1164 192 ) (2048 1140 192 ) (2048 1140 360 ) 
4 116 117 0 (2048 1140 192 ) (2273 1140 192 ) (2273 1140 360 ) (2048 1140 360 ) 
4 117 285 0 (2048 1024 192 ) (2048 1024 392 ) (2048 1140 392 ) (2048 1140 192 ) 
4 117 162 0 (2048 1024 392 ) (2048 1024 192 ) (2273 1024 192 ) (2273 1024 392 ) 
4 118 122 0 (2317 1537 160 ) (2317 1793 160 ) (2477 1793 160 ) (2477 1537 160 ) 
4 118 120 0 (2317 1793 160 ) (2317 1921 160 ) (2477 1921 160 ) (2477 1793 160 ) 
4 118 119 0 (2317 1505 192 ) (2317 1505 176 ) (2477 1505 176 ) (2477 1505 192 ) 
4 120 123 0 (2477 1793 32 ) (2477 1793 144 ) (2317 1793 144 ) (2317 1793 32 ) 
4 120 122 0 (2477 1793 144 ) (2477 1793 160 ) (2317 1793 160 ) (2317 1793 144 ) 
4 120 121 0 (2317 1825 16 ) (2317 2048 16 ) (2477 2048 16 ) (2477 1825 16 ) 
4 121 143 0 (2317 1857 0 ) (2317 1889 0 ) (2477 1889 0 ) (2477 1857 0 ) 
4 121 142 0 (2317 1889 0 ) (2317 2048 0 ) (2477 2048 0 ) (2477 1889 0 ) 
4 122 124 0 (2317 1569 144 ) (2317 1761 144 ) (2477 1761 144 ) (2477 1569 144 ) 
4 122 123 0 (2317 1761 144 ) (2317 1793 144 ) (2477 1793 144 ) (2477 1761 144 ) 
4 123 125 0 (2477 1761 48 ) (2477 1761 128 ) (2317 1761 128 ) (2317 1761 48 ) 
4 123 124 0 (2477 1761 128 ) (2477 1761 144 ) (2317 1761 144 ) (2317 1761 128 ) 
4 124 126 0 (2317 1601 128 ) (2317 1729 128 ) (2477 1729 128 ) (2477 1601 128 ) 
4 124 125 0 (2317 1729 128 ) (2317 1761 128 ) (2477 1761 128 ) (2477 1729 128 ) 
4 125 127 0 (2477 1729 64 ) (2477 1729 112 ) (2317 1729 112 ) (2317 1729 64 ) 
4 125 126 0 (2477 1729 112 ) (2477 1729 128 ) (2317 1729 128 ) (2317 1729 112 ) 
4 126 128 0 (2317 1633 112 ) (2317 1697 112 ) (2477 1697 112 ) (2477 1633 112 ) 
4 126 127 0 (2317 1697 112 ) (2317 1729 112 ) (2477 1729 112 ) (2477 1697 112 ) 
4 127 129 0 (2477 1697 80 ) (2477 1697 96 ) (2317 1697 96 ) (2317 1697 80 ) 
4 127 128 0 (2477 1697 96 ) (2477 1697 112 ) (2317 1697 112 ) (2317 1697 96 ) 
4 128 129 0 (2317 1665 96 ) (2317 1697 96 ) (2477 1697 96 ) (2477 1665 96 ) 
4 130 298 0 (2048 1512 32 ) (2048 1784 32 ) (2048 1784 16 ) (2048 1512 16 ) 
4 130 141 0 (2144 1784 16 ) (2144 1512 16 ) (2048 1512 16 ) (2048 1784 16 ) 
4 131 145 0 (2080 2048 0 ) (2136 2048 0 ) (2136 1824 0 ) (2080 1824 0 ) 
4 131 137 0 (2080 2023 16 ) (2080 2026 16 ) (2080 2026 12 ) (2080 2023 12 ) 
4 131 136 0 (2080 2014 16 ) (2080 2017 16 ) (2080 2017 12 ) (2080 2014 12 ) 
4 131 132 0 (2080 2026 16 ) (2080 2048 16 ) (2080 2048 12 ) (2080 2026 12 ) 
4 131 138 0 (2080 1824 12 ) (2080 1824 16 ) (2080 2014 16 ) (2080 2014 12 ) 
4 131 139 0 (2080 2048 0 ) (2080 1824 0 ) (2080 1824 12 ) (2080 2048 12 ) 
4 132 137 0 (2077 2026 12 ) (2080 2026 12 ) (2080 2026 16 ) (2077 2026 16 ) 
4 132 133 0 (2071.001953 2048 12 ) (2071.001953 2026 12 ) (2074 2026 15 ) (2074 2048 15 ) 
4 132 139 0 (2071 2048 12 ) (2080 2048 12 ) (2080 2026 12 ) (2071 2026 12 ) 
4 133 135 0 (2068 2026 16 ) (2068 2026 12 ) (2071 2026 12 ) (2071 2026 16 ) 
4 133 140 0 (2068 2026 16 ) (2068 2048 16 ) (2068 2048 12 ) (2068 2026 12 ) 
4 133 139 0 (2068 2026 12 ) (2068 2048 12 ) (2071 2048 12 ) (2071 2026 12 ) 
3 134 139 0 (2068 2014 12 ) (2068 2017 12 ) (2071 2014 12 ) 
4 134 140 0 (2068 2014 16 ) (2068 2017 16 ) (2068 2017 12 ) (2068 2014 12 ) 
4 134 138 0 (2068 2014 16 ) (2068 2014 12 ) (2071 2014 12 ) (2071 2014 16 ) 
4 135 140 0 (2068 2023 16 ) (2068 2026 16 ) (2068 2026 12 ) (2068 2023 12 ) 
3 135 139 0 (2068 2023 12 ) (2068 2026 12 ) (2071 2026 12 ) 
3 136 139 0 (2080 2017 12 ) (2080 2014 12 ) (2077 2014 12 ) 
4 136 138 0 (2077 2014 12 ) (2080 2014 12 ) (2080 2014 16 ) (2077 2014 16 ) 
3 137 139 0 (2077 2026 12 ) (2080 2026 12 ) (2080 2023 12 ) 
4 138 139 0 (2068 1824 12 ) (2068 2014 12 ) (2080 2014 12 ) (2080 1824 12 ) 
4 138 140 0 (2068 1824 12 ) (2068 1824 16 ) (2068 2014 16 ) (2068 2014 12 ) 
4 139 145 0 (2068 2048 0 ) (2080 2048 0 ) (2080 1824 0 ) (2068 1824 0 ) 
4 139 140 0 (2068 2048 0 ) (2068 1824 0 ) (2068 1824 12 ) (2068 2048 12 ) 
4 140 306 0 (2048 1824 16 ) (2048 2048 16 ) (2048 2048 0 ) (2048 1824 0 ) 
4 140 145 0 (2048 1824 0 ) (2048 2048 0 ) (2068 2048 0 ) (2068 1824 0 ) 
4 141 309 0 (2048 1504 16 ) (2048 1792 16 ) (2048 1792 0 ) (2048 1504 0 ) 
4 141 147 0 (2048 1504 0 ) (2048 1792 0 ) (2152 1792 0 ) (2152 1504 0 ) 
4 142 144 0 (2317 2017 -32 ) (2317 2048 -32 ) (2477 2048 -32 ) (2477 2017 -32 ) 
4 142 143 0 (2317 1889 0 ) (2317 1889 -16 ) (2477 1889 -16 ) (2477 1889 0 ) 
4 145 327 0 (2048 1824 0 ) (2048 1920 0 ) (2048 1920 -176 ) (2048 1824 -176 ) 
4 145 325 0 (2048 1920 0 ) (2048 1952 0 ) (2048 1952 -176 ) (2048 1920 -176 ) 
4 145 320 0 (2048 1952 0 ) (2048 2032 0 ) (2048 2032 -176 ) (2048 1952 -176 ) 
4 145 316 0 (2048 2032 0 ) (2048 2048 0 ) (2048 2048 -176 ) (2048 2032 -176 ) 
4 145 146 0 (2048 1824 -64 ) (2048 1824 -176 ) (2112 1824 -176 ) (2112 1824 -64 ) 
4 146 147 0 (2112 1792 -176 ) (2112 1792 -64 ) (2048 1792 -64 ) (2048 1792 -176 ) 
4 147 339 0 (2048 1504 0 ) (2048 1536 0 ) (2048 1536 -176 ) (2048 1504 -176 ) 
4 147 337 0 (2048 1536 0 ) (2048 1680 0 ) (2048 1680 -176 ) (2048 1536 -176 ) 
4 147 329 0 (2048 1680 0 ) (2048 1792 0 ) (2048 1792 -176 ) (2048 1680 -176 ) 
4 148 357 0 (2048 688 768 ) (2048 680 768 ) (2048 680 960 ) (2048 688 960 ) 
4 148 355 0 (2048 696 768 ) (2048 688 768 ) (2048 688 960 ) (2048 696 960 ) 
4 148 350 0 (2048 1024 960 ) (2048 1024 768 ) (2048 696 768 ) (2048 696 960 ) 
4 148 150 0 (2048 680 768 ) (2048 1024 768 ) (2056 1024 768 ) (2056 688 768 ) 
4 148 149 0 (2288 680 768 ) (2056 680 768 ) (2056 1024 768 ) (2288 1024 768 ) 
4 149 156 0 (2288 688 736 ) (2288 680 736 ) (2056 680 736 ) (2056 688 736 ) 
4 149 154 0 (2288 696 736 ) (2288 688 736 ) (2056 688 736 ) (2056 696 736 ) 
4 149 152 0 (2056 1024 736 ) (2288 1024 736 ) (2288 696 736 ) (2056 696 736 ) 
4 149 150 0 (2056 1024 736 ) (2056 688 736 ) (2056 688 768 ) (2056 1024 768 ) 
4 150 357 0 (2048 688 736 ) (2048 680 736 ) (2048 680 768 ) (2048 688 768 ) 
4 150 355 0 (2048 696 736 ) (2048 688 736 ) (2048 688 768 ) (2048 696 768 ) 
4 150 351 0 (2048 1024 768 ) (2048 1024 736 ) (2048 696 736 ) (2048 696 768 ) 
4 150 154 0 (2056 696 736 ) (2056 688 736 ) (2048 688 736 ) (2048 696 736 ) 
4 150 152 0 (2048 1024 736 ) (2056 1024 736 ) (2056 696 736 ) (2048 696 736 ) 
3 151 346 0 (2048 1024 496 ) (2048 1024 440 ) (2048 968 440 ) 
4 151 159 0 (2103 968 440 ) (2048 968 440 ) (2048 969 440 ) (2103 969 440 ) 
4 151 157 0 (2048 1024 440 ) (2263.157227 1024 440 ) (2263 969 440 ) (2048 969 440 ) 
3 151 153 0 (2048 968 440 ) (2104 968 440 ) (2048 1024 496 ) 
4 152 351 0 (2048 1024 736 ) (2048 1024 512 ) (2048 696 512 ) (2048 696 736 ) 
4 152 158 0 (2288 952 440 ) (2288 696 440 ) (2120 696 440 ) (2120 952 440 ) 
5 152 154 0 (2120 696 440 ) (2288 696 440 ) (2288 696 736 ) (2048 696 736 ) (2048 696 512 ) 
4 153 348 0 (2048 1024 496 ) (2048 968 440 ) (2048 696 440 ) (2048 696 496 ) 
4 153 159 0 (2048 705 440 ) (2048 968 440 ) (2103 968 440 ) (2103 705 440 ) 
4 154 355 0 (2048 688 736 ) (2048 696 736 ) (2048 696 512 ) (2048 688 512 ) 
4 154 158 0 (2288 696 440 ) (2288 688 440 ) (2120 688 440 ) (2120 696 440 ) 
4 154 155 0 (2048 688 511.986816 ) (2056 688 503.986725 ) (2056 688 720 ) (2048 688 720 ) 
5 154 156 0 (2056 688 503.986725 ) (2119.986816 688 440 ) (2288 688 440 ) (2288 688 736 ) (2056 688 736 ) 
4 155 360 0 (2048 680 512 ) (2048 680 696 ) (2048 688 720 ) (2048 688 512 ) 
4 155 156 0 (2048 680 696 ) (2048 680 512 ) (2056 688 504 ) (2056 688 720 ) 
4 156 158 0 (2288 688 440 ) (2288 680 440 ) (2120 680 440 ) (2120 688 440 ) 
4 157 362 0 (2048 1024 440 ) (2048 1024 416 ) (2048 969 416 ) (2048 969 440 ) 
4 157 160 0 (2048 969 416 ) (2048 1024 416 ) (2263.157227 1024 416 ) (2263 969 416 ) 
4 157 159 0 (2048 969 416 ) (2103 969 416 ) (2103 969 440 ) (2048 969 440 ) 
4 159 362 0 (2048 969 416 ) (2048 705 416 ) (2048 705 440 ) (2048 969 440 ) 
4 159 161 0 (2048 705 416 ) (2048 963 416 ) (2103 963 416 ) (2103 705 416 ) 
4 159 160 0 (2048 963 416 ) (2048 969 416 ) (2103 969 416 ) (2103 963 416 ) 
4 160 370 0 (2048 968 392 ) (2048 963 392 ) (2048 963 416 ) (2048 968 416 ) 
4 160 369 0 (2048 1024 416 ) (2048 1024 392 ) (2048 968 392 ) (2048 968 416 ) 
4 160 164 0 (2128 996 392 ) (2248 996 392 ) (2248 963 392 ) (2128 963 392 ) 
4 160 163 0 (2248 996 392 ) (2269 996 392 ) (2269 963 392 ) (2248 963 392 ) 
4 160 169 0 (2048 963 392 ) (2048 996 392 ) (2128 996 392 ) (2128 963 392 ) 
4 160 162 0 (2048 996 392 ) (2048 1024 392 ) (2269 1024 392 ) (2269 996 392 ) 
4 160 161 0 (2048 963 392 ) (2109 963 392 ) (2109 963 416 ) (2048 963 416 ) 
4 161 370 0 (2048 963 392 ) (2048 700 392 ) (2048 700 416 ) (2048 963 416 ) 
4 161 171 0 (2048 700 392 ) (2048 960 392 ) (2108.988525 960 392 ) (2108 700 392 ) 
4 161 169 0 (2048 960 392 ) (2048 963 392 ) (2109 963 392 ) (2108.988525 960 392 ) 
4 162 371 0 (2048 1024 392 ) (2048 1024 192 ) (2048 996 192 ) (2048 996 392 ) 
4 162 168 0 (2132 996 192 ) (2244 996 192 ) (2244 996 208 ) (2132 996 208 ) 
4 162 166 0 (2244 996 212 ) (2244 996 216 ) (2132 996 216 ) (2132 996 212 ) 
4 162 165 0 (2248 996 216 ) (2248 996 244 ) (2128 996 244 ) (2128 996 216 ) 
4 162 164 0 (2248 996 244 ) (2248 996 392 ) (2128 996 392 ) (2128 996 244 ) 
4 162 163 0 (2248 996 192 ) (2273 996 192 ) (2273 996 392 ) (2248 996 392 ) 
4 162 169 0 (2048 996 192 ) (2128 996 192 ) (2128 996 392 ) (2048 996 392 ) 
4 163 165 0 (2248 996 244 ) (2248 996 216 ) (2248 968 224 ) (2248 964 244 ) 
4 163 164 0 (2248 996 392 ) (2248 996 244 ) (2248 960 244 ) (2248 960 392 ) 
4 164 165 0 (2128 964 244 ) (2128 996 244 ) (2248 996 244 ) (2248 964 244 ) 
4 164 169 0 (2128 996 392 ) (2128 996 244 ) (2128 960 244 ) (2128 960 392 ) 
4 165 167 0 (2244 977.342651 221.331741 ) (2244 968 224.001358 ) (2132 968 224 ) (2132 977.348572 221.328796 ) 
4 165 166 0 (2132 996 216 ) (2244 996 216.001038 ) (2244 977.342651 221.331741 ) (2132 977.348572 221.328796 ) 
4 165 169 0 (2128 996 244 ) (2128 996 216 ) (2128 968 224 ) (2128 964 244 ) 
4 166 167 0 (2132 977.345947 221.329727 ) (2132 992 214 ) (2244 992 214 ) (2244 977.345947 221.329727 ) 
4 169 371 0 (2048 996 192 ) (2048 960 192 ) (2048 960 392 ) (2048 996 392 ) 
4 169 183 0 (2048 960 192 ) (2112 960 192 ) (2112 960 200 ) (2048 960 200 ) 
4 169 172 0 (2112 960 200 ) (2112 960 328 ) (2072 960 328 ) (2072 960 200 ) 
4 169 182 0 (2072 960 328 ) (2048 960 328 ) (2048 960 200 ) (2072 960 200 ) 
4 169 171 0 (2112 960 328 ) (2112 960 392 ) (2048 960 392 ) (2048 960 328 ) 
4 170 175 0 (2112 884 202 ) (2112 780 202 ) (2112 780 208 ) (2112 884 208 ) 
4 170 174 0 (2112 780 208 ) (2112 780 288 ) (2112 884 288 ) (2112 884 208 ) 
4 171 371 0 (2048 696 328 ) (2048 696 392 ) (2048 960 392 ) (2048 960 328 ) 
4 171 181 0 (2080 744 328 ) (2072 744 328 ) (2072 760 328 ) (2080 760 328 ) 
4 171 177 0 (2112 760 328 ) (2112 744 328 ) (2080 744 328 ) (2080 760 328 ) 
4 171 172 0 (2072 960 328 ) (2112 960 328 ) (2112 904 328 ) (2072 904 328 ) 
4 171 182 0 (2048 960 328 ) (2072 960 328 ) (2072 744 328 ) (2048 744 328 ) 
4 171 184 0 (2112 744 328 ) (2112 696 328 ) (2048 696 328 ) (2048 744 328 ) 
4 172 183 0 (2072 920 200 ) (2072 960 200 ) (2112 960 200 ) (2112 920 200 ) 
3 172 179 0 (2072 904 320 ) (2080 904 304 ) (2080 904 320 ) 
4 172 178 0 (2072 904 320 ) (2072 904 200 ) (2080 904 200 ) (2080 904 304 ) 
4 172 173 0 (2080 904 200 ) (2112 904 200 ) (2112 904 320 ) (2080 904 320 ) 
4 172 182 0 (2072 960 200 ) (2072 904 200 ) (2072 904 328 ) (2072 960 328 ) 
3 173 179 0 (2080 904 320 ) (2080 904 304 ) (2080 896 304 ) 
4 173 178 0 (2080 904 304 ) (2080 904 200 ) (2080 896 200 ) (2080 896 304 ) 
4 174 178 0 (2080 780 208 ) (2080 780 288 ) (2080 884 288 ) (2080 884 208 ) 
4 174 175 0 (2112 780 208 ) (2088 780 208 ) (2088 884 208 ) (2112 884 208 ) 
3 176 180 0 (2080 760 304 ) (2080 760 320 ) (2080 768 304 ) 
4 176 178 0 (2080 768 200 ) (2080 760 200 ) (2080 760 304 ) (2080 768 304 ) 
4 176 177 0 (2080 760 320 ) (2080 760 200 ) (2112 760 200 ) (2112 760 320 ) 
4 177 181 0 (2080 744 304 ) (2080 744 328 ) (2080 760 328 ) (2080 760 304 ) 
4 177 178 0 (2080 760 200 ) (2080 744 200 ) (2080 744 304 ) (2080 760 304 ) 
4 177 184 0 (2112 744 200 ) (2112 744 328 ) (2080 744 328 ) (2080 744 200 ) 
3 178 180 0 (2080 760 303.998260 ) (2080 768 303.998260 ) (2072 760 319.998260 ) 
3 178 179 0 (2080 896 303.998260 ) (2080 904 303.998260 ) (2072 904 319.998260 ) 
4 178 181 0 (2080 744 303.998260 ) (2080 760 303.998260 ) (2072 760 319.998260 ) (2072 744 319.998260 ) 
4 178 182 0 (2072 904 200 ) (2072 744 200 ) (2072 744 320 ) (2072 904 320 ) 
4 178 184 0 (2072 744 320 ) (2072 744 200 ) (2080 744 200 ) (2080 744 304 ) 
3 180 181 0 (2072 760 320.001862 ) (2080 760 304 ) (2080 760 320 ) 
4 181 184 0 (2080 744 328 ) (2072 744 328 ) (2072 744 320 ) (2080 744 304 ) 
4 181 182 0 (2072 744 320 ) (2072 744 328 ) (2072 760 328 ) (2072 760 320 ) 
4 182 371 0 (2048 744 200 ) (2048 744 328 ) (2048 960 328 ) (2048 960 200 ) 
4 182 183 0 (2048 920 200 ) (2048 960 200 ) (2072 960 200 ) (2072 920 200 ) 
4 182 184 0 (2072 744 328 ) (2048 744 328 ) (2048 744 200 ) (2072 744 200 ) 
4 183 371 0 (2048 960 192 ) (2048 920 192 ) (2048 920 200 ) (2048 960 200 ) 
4 184 371 0 (2048 744 192 ) (2048 696 192 ) (2048 696 328 ) (2048 744 328 ) 
4 185 466 0 (2048 192 0 ) (2048 32 0 ) (2048 32 16 ) (2048 192 16 ) 
4 185 465 0 (2048 32 16 ) (2048 32 48 ) (2048 192 48 ) (2048 192 16 ) 
4 185 464 0 (2048 32 48 ) (2048 32 80 ) (2048 192 80 ) (2048 192 48 ) 
4 185 191 0 (2048 32 0 ) (2048 192 0 ) (2288 192 0 ) (2288 32 0 ) 
4 185 186 0 (2056 32 0 ) (2104 32 0 ) (2104 32 47 ) (2056 32 47 ) 
4 186 197 0 (2056 32 0 ) (2104 32 0 ) (2088 8 0 ) (2072 8 0 ) 
4 186 189 0 (2076 8 15 ) (2076 8 25 ) (2072 8 25 ) (2072 8 15 ) 
4 186 188 0 (2076 8 0 ) (2084 8 0 ) (2084 8 43 ) (2076 8 43 ) 
4 186 187 0 (2088 8 15 ) (2088 8 25 ) (2084 8 25 ) (2084 8 15 ) 
4 187 188 0 (2084 8 25 ) (2084 8 15 ) (2084 5 15 ) (2084 5 25 ) 
4 188 199 0 (2076 8 0 ) (2084 8 0 ) (2084 5 0 ) (2076 5 0 ) 
4 188 189 0 (2076 8 25 ) (2076 8 15 ) (2076 5 15 ) (2076 5 25 ) 
4 190 192 0 (2496 80 -192 ) (2496 80 -112 ) (2496 144 -112 ) (2496 144 -192 ) 
4 190 191 0 (2496 80 -112 ) (2496 80 -80 ) (2496 144 -80 ) (2496 144 -112 ) 
4 191 522 0 (2048 192 -32 ) (2048 192 -112 ) (2048 32 -112 ) (2048 32 -32 ) 
4 191 520 0 (2048 32 0 ) (2048 192 0 ) (2048 192 -32 ) (2048 32 -32 ) 
4 191 197 0 (2104 32 0 ) (2056 32 0 ) (2056 32 -80 ) (2104 32 -80 ) 
4 191 193 0 (2256 32 -112 ) (2128 32 -112 ) (2128 192 -112 ) (2256 192 -112 ) 
4 191 192 0 (2496 32 -112 ) (2256 32 -112 ) (2256 192 -112 ) (2496 192 -112 ) 
4 192 194 0 (2256 32 -176 ) (2256 32 -128 ) (2256 192 -128 ) (2256 192 -176 ) 
4 192 193 0 (2256 32 -128 ) (2256 32 -112 ) (2256 192 -112 ) (2256 192 -128 ) 
4 193 195 0 (2160 192 -128 ) (2224 192 -128 ) (2224 32 -128 ) (2160 32 -128 ) 
4 193 194 0 (2224 192 -128 ) (2256 192 -128 ) (2256 32 -128 ) (2224 32 -128 ) 
4 194 196 0 (2224 32 -160 ) (2224 32 -144 ) (2224 192 -144 ) (2224 192 -160 ) 
4 194 195 0 (2224 32 -144 ) (2224 32 -128 ) (2224 192 -128 ) (2224 192 -144 ) 
4 195 196 0 (2192 192 -144 ) (2224 192 -144 ) (2224 32 -144 ) (2192 32 -144 ) 
4 197 200 0 (2072 8 -47 ) (2072 8 -57 ) (2076 8 -57 ) (2076 8 -47 ) 
4 197 199 0 (2084 8 0 ) (2076 8 0 ) (2076 8 -76 ) (2084 8 -76 ) 
4 197 198 0 (2084 8 -47 ) (2084 8 -57 ) (2088 8 -57 ) (2088 8 -47 ) 
4 198 199 0 (2084 8 -47 ) (2084 8 -57 ) (2084 5 -57 ) (2084 5 -47 ) 
4 199 200 0 (2076 8 -47 ) (2076 8 -57 ) (2076 5 -57 ) (2076 5 -47 ) 
3 201 562 0 (1024 2048 518.153870 ) (1024 2048 528 ) (1024 2056.533203 528 ) 
5 201 546 0 (1024 2048 528 ) (1024 2048 672 ) (1024 2112 672 ) (1024 2112 592 ) (1024 2056.533203 528 ) 
4 201 234 0 (1024 2048 672 ) (1024 2048 518.153809 ) (1792 2048 518.153870 ) (1792 2048 672 ) 
4 202 223 0 (2048 2160 0 ) (2048 2152 0 ) (2024 2152 0 ) (2024 2160 0 ) 
4 202 220 0 (2024 2336 0 ) (2048 2336 0 ) (2048 2160 0 ) (2024 2160 0 ) 
4 202 203 0 (2024 2152 0 ) (2048 2152 0 ) (2048 2152 16 ) (2024 2152 16 ) 
4 203 223 0 (1744 2102 0 ) (1744 2152 0 ) (2048 2152 0 ) (2048 2102 0 ) 
4 203 214 0 (1863 2102 12 ) (1866 2102 12 ) (1866 2102 16 ) (1863 2102 16 ) 
4 203 213 0 (1854 2102 12 ) (1857 2102 12 ) (1857 2102 16 ) (1854 2102 16 ) 
4 203 209 0 (1866 2102 12 ) (1998 2102 12 ) (1998 2102 16 ) (1866 2102 16 ) 
4 203 208 0 (1998 2102 12 ) (2001 2102 12 ) (2001 2102 16 ) (1998 2102 16 ) 
4 203 207 0 (2007 2102 12 ) (2010 2102 12 ) (2010 2102 16 ) (2007 2102 16 ) 
4 203 215 0 (1744 2102 16 ) (1744 2102 12 ) (1854 2102 12 ) (1854 2102 16 ) 
4 203 204 0 (2010 2102 12 ) (2048 2102 12 ) (2048 2102 16 ) (2010 2102 16 ) 
4 203 216 0 (1744 2102 12 ) (1744 2102 0 ) (2048 2102 0 ) (2048 2102 12 ) 
4 204 207 0 (2010 2102 16 ) (2010 2102 12 ) (2010 2099 12 ) (2010 2099 16 ) 
4 204 205 0 (2010 2093 12 ) (2010 2090 12 ) (2010 2090 16 ) (2010 2093 16 ) 
4 204 216 0 (2048 2090 12 ) (2010 2090 12 ) (2010 2102 12 ) (2048 2102 12 ) 
4 204 217 0 (2010 2090 12 ) (2048 2090 12 ) (2048 2090 16 ) (2010 2090 16 ) 
4 205 217 0 (2007 2090 12 ) (2010 2090 12 ) (2010 2090 16 ) (2007 2090 16 ) 
3 205 216 0 (2010 2090 12 ) (2007 2090 12 ) (2010 2093 12 ) 
4 206 210 0 (1998 2093 12 ) (1998 2090 12 ) (1998 2090 16 ) (1998 2093 16 ) 
3 206 216 0 (2001 2090 12 ) (1998 2090 12 ) (1998 2093 12 ) 
4 206 217 0 (1998 2090 12 ) (2001 2090 12 ) (2001 2090 16 ) (1998 2090 16 ) 
3 207 216 0 (2007 2102 12 ) (2010 2102 12 ) (2010 2099 12 ) 
4 208 209 0 (1998 2102 16 ) (1998 2102 12 ) (1998 2099 12 ) (1998 2099 16 ) 
3 208 216 0 (1998 2099 12 ) (1998 2102 12 ) (2001 2102 12 ) 
4 209 214 0 (1866 2102 16 ) (1866 2102 12 ) (1866 2099 12 ) (1866 2099 16 ) 
4 209 210 0 (1866 2096 15 ) (1866 2093 12 ) (1998 2092.995361 12 ) (1998 2095.997803 15.002352 ) 
4 209 216 0 (1866 2093 12 ) (1866 2102 12 ) (1998 2102 12 ) (1998 2093 12 ) 
4 210 212 0 (1866 2093 12 ) (1866 2090 12 ) (1866 2090 16 ) (1866 2093 16 ) 
4 210 217 0 (1866 2090 12 ) (1998 2090 12 ) (1998 2090 16 ) (1866 2090 16 ) 
4 210 216 0 (1998 2090 12 ) (1866 2090 12 ) (1866 2093 12 ) (1998 2093 12 ) 
4 211 215 0 (1854 2093 12 ) (1854 2090 12 ) (1854 2090 16 ) (1854 2093 16 ) 
3 211 216 0 (1857 2090 12 ) (1854 2090 12 ) (1854 2093 12 ) 
4 211 217 0 (1854 2090 12 ) (1857 2090 12 ) (1857 2090 16 ) (1854 2090 16 ) 
4 212 217 0 (1863 2090 12 ) (1866 2090 12 ) (1866 2090 16 ) (1863 2090 16 ) 
3 212 216 0 (1866 2090 12 ) (1863 2090 12 ) (1866 2093 12 ) 
4 213 215 0 (1854 2102 16 ) (1854 2102 12 ) (1854 2099 12 ) (1854 2099 16 ) 
3 213 216 0 (1854 2099 12 ) (1854 2102 12 ) (1857 2102 12 ) 
3 214 216 0 (1863 2102 12 ) (1866 2102 12 ) (1866 2099 12 ) 
4 215 217 0 (1744 2090 16 ) (1744 2090 12 ) (1854 2090 12 ) (1854 2090 16 ) 
4 215 216 0 (1854 2090 12 ) (1744 2090 12 ) (1744 2102 12 ) (1854 2102 12 ) 
4 216 223 0 (1744 2090 0 ) (1744 2102 0 ) (2048 2102 0 ) (2048 2090 0 ) 
4 216 217 0 (1744 2090 12 ) (1744 2090 0 ) (2048 2090 0 ) (2048 2090 12 ) 
4 217 307 0 (1744 2048 0 ) (2024 2048 0 ) (2024 2048 16 ) (1744 2048 16 ) 
4 217 306 0 (2024 2048 0 ) (2048 2048 0 ) (2048 2048 16 ) (2024 2048 16 ) 
4 217 223 0 (2048 2048 0 ) (1744 2048 0 ) (1744 2090 0 ) (2048 2090 0 ) 
4 218 219 0 (2048 2368 -176 ) (2048 2368 -48 ) (2024 2368 -48 ) (2024 2368 -176 ) 
4 220 223 0 (2048 2160 -64 ) (2048 2160 0 ) (2016 2160 0 ) (2016 2160 -64 ) 
4 220 221 0 (2048 2160 -64 ) (2024 2160 -64 ) (2024 2335 -64 ) (2048 2335 -64 ) 
4 220 222 0 (2024 2160 -64 ) (2016 2160 -64 ) (2016 2336 -64 ) (2024 2336 -64 ) 
4 221 223 0 (2048 2160 -176 ) (2048 2160 -64 ) (2024 2160 -64 ) (2024 2160 -176 ) 
4 221 222 0 (2024 2335 -176 ) (2024 2160 -176 ) (2024 2160 -64 ) (2024 2335 -64 ) 
4 222 223 0 (2024 2160 -64 ) (2016 2160 -64 ) (2016 2160 -176 ) (2024 2160 -176 ) 
4 223 316 0 (2048 2048 -176 ) (2048 2048 0 ) (1744 2048 0 ) (1744 2048 -176 ) 
4 223 227 0 (1744 2060 -112 ) (1744 2124 -112 ) (1744 2124 -176 ) (1744 2060 -176 ) 
4 223 224 0 (1858 2048 -176 ) (1794 2048 -176 ) (1794 2160 -176 ) (1858 2160 -176 ) 
4 223 226 0 (1794 2048 -176 ) (1744 2048 -176 ) (1744 2160 -176 ) (1794 2160 -176 ) 
4 224 317 0 (1858 2048 -176 ) (1794 2048 -176 ) (1794 2048 -194 ) (1858 2048 -194 ) 
4 224 225 0 (1794 2048 -194 ) (1794 2160 -194 ) (1826 2160 -194 ) (1826 2048 -194 ) 
4 224 226 0 (1794 2048 -194 ) (1794 2048 -176 ) (1794 2160 -176 ) (1794 2160 -194 ) 
4 225 318 0 (1794 2048 -194 ) (1794 2048 -210 ) (1826 2048 -210 ) (1826 2048 -194 ) 
4 225 226 0 (1794 2048 -210 ) (1794 2048 -194 ) (1794 2160 -194 ) (1794 2160 -210 ) 
4 226 319 0 (1744 2048 -194 ) (1744 2048 -226 ) (1794 2048 -226 ) (1794 2048 -194 ) 
4 226 317 0 (1794 2048 -176 ) (1744 2048 -176 ) (1744 2048 -194 ) (1794 2048 -194 ) 
4 226 227 0 (1744 2060 -176 ) (1744 2124 -176 ) (1744 2124 -224 ) (1744 2060 -224 ) 
4 227 231 0 (1728 2060 -112 ) (1728 2124 -112 ) (1728 2124 -224 ) (1728 2060 -224 ) 
4 228 321 0 (1604 2048 -32 ) (1720 2048 -32 ) (1720 2048 -16 ) (1604 2048 -16 ) 
4 228 231 0 (1720 2232 -32 ) (1720 2048 -32 ) (1604 2048 -32 ) (1604 2232 -32 ) 
4 229 322 0 (1412 2048 -32 ) (1596 2048 -32 ) (1596 2048 -16 ) (1412 2048 -16 ) 
4 229 231 0 (1596 2048 -32 ) (1412 2048 -32 ) (1412 2232 -32 ) (1596 2232 -32 ) 
4 230 323 0 (1288 2048 -32 ) (1404 2048 -32 ) (1404 2048 -16 ) (1288 2048 -16 ) 
4 230 231 0 (1404 2048 -32 ) (1288 2048 -32 ) (1288 2232 -32 ) (1404 2232 -32 ) 
4 231 324 0 (1280 2048 -224 ) (1728 2048 -224 ) (1728 2048 -32 ) (1280 2048 -32 ) 
4 232 588 0 (1024 1712 960 ) (1024 1728 960 ) (1024 1728 672 ) (1024 1712 672 ) 
4 232 242 0 (1824 1712 672 ) (1824 1712 960 ) (1024 1712 960 ) (1024 1712 672 ) 
4 232 234 2 (1792 1712 672 ) (1024 1712 672 ) (1024 1728 672 ) (1792 1728 672 ) 
4 232 233 2 (1824 1728 672 ) (1824 1712 672 ) (1792 1712 672 ) (1792 1728 672 ) 
4 233 242 0 (1792 1712 192 ) (1824 1712 192 ) (1824 1712 672 ) (1792 1712 672 ) 
4 233 235 2 (1792 1712 240 ) (1792 1712 352 ) (1792 1760 352 ) (1792 1760 240 ) 
4 233 234 2 (1792 1712 352 ) (1792 1712 672 ) (1792 1760 672 ) (1792 1760 352 ) 
4 234 593 0 (1024 2042.666748 512 ) (1024 1904 352 ) (1024 1712 352 ) (1024 1712 512 ) 
5 234 589 0 (1024 2048 672 ) (1024 2048 518.153809 ) (1024 2042.666748 512 ) (1024 1712 512 ) (1024 1712 672 ) 
4 234 242 0 (1792 1712 352 ) (1792 1712 672 ) (1024 1712 672 ) (1024 1712 352 ) 
4 234 240 0 (1440 1712 352 ) (1024 1712 352 ) (1024 1904 352 ) (1440 1904 352 ) 
4 234 238 0 (1472 1712 352 ) (1440 1712 352 ) (1440 1904 352 ) (1472 1904 352 ) 
4 234 237 0 (1760 1712 352 ) (1472 1712 352 ) (1472 1904 352 ) (1760 1904 352 ) 
4 234 235 0 (1792 1904 352 ) (1792 1712 352 ) (1760 1712 352 ) (1760 1904 352 ) 
4 235 242 0 (1792 1712 240 ) (1792 1712 352 ) (1760 1712 352 ) (1760 1712 240 ) 
4 235 237 0 (1760 1920 352 ) (1760 1920 240 ) (1760 1712 240 ) (1760 1712 352 ) 
4 235 236 0 (1760 1808 240 ) (1760 1824 240 ) (1792 1824 240 ) (1792 1808 240 ) 
4 236 237 0 (1760 1824 192 ) (1760 1808 192 ) (1760 1808 240 ) (1760 1824 240 ) 
4 237 242 0 (1472 1712 192 ) (1760 1712 192 ) (1760 1712 352 ) (1472 1712 352 ) 
4 237 239 0 (1472 1824 192 ) (1472 1808 192 ) (1472 1808 240 ) (1472 1824 240 ) 
4 237 238 0 (1472 1920 352 ) (1472 1920 240 ) (1472 1712 240 ) (1472 1712 352 ) 
4 238 242 0 (1472 1712 240 ) (1472 1712 352 ) (1440 1712 352 ) (1440 1712 240 ) 
3 238 241 0 (1440 1920 295.384583 ) (1440 1920 240 ) (1440 1848 240 ) 
5 238 240 0 (1440 1920 352 ) (1440 1920 295.384583 ) (1440 1848 240 ) (1440 1712 240 ) (1440 1712 352 ) 
4 238 239 0 (1440 1808 240 ) (1440 1824 240 ) (1472 1824 240 ) (1472 1808 240 ) 
4 239 241 0 (1440 1824 192 ) (1440 1808 192 ) (1440 1808 209.230728 ) (1440 1824 221.538437 ) 
4 239 240 0 (1440 1808 209.230728 ) (1440 1808 240 ) (1440 1824 240 ) (1440 1824 221.538437 ) 
5 240 594 0 (1024 1785.600098 192 ) (1024 1712 192 ) (1024 1712 352 ) (1024 1920 352 ) (1024 1920 295.384552 ) 
4 240 302 0 (1024 1712 192 ) (1024 1785.600098 192 ) (1190.400146 1785.600098 192 ) (1190.400146 1712 192 ) 
4 240 301 0 (1190.400146 1785.600098 192 ) (1440 1785.600098 192 ) (1440 1712 192 ) (1190.400146 1712 192 ) 
4 240 242 0 (1024 1712 192 ) (1440 1712 192 ) (1440 1712 352 ) (1024 1712 352 ) 
4 240 241 0 (1055.993530 1920 295.389679 ) (1440 1920 295.389679 ) (1440 1785.593384 192 ) (1190.400146 1785.593384 192 ) 
4 241 301 0 (1190.400146 1920 192 ) (1440 1920 192 ) (1440 1785.600098 192 ) (1190.400146 1785.600098 192 ) 
4 242 594 0 (1024 1712 352 ) (1024 1712 192 ) (1024 1696 192 ) (1024 1696 352 ) 
4 242 593 0 (1024 1712 512 ) (1024 1712 352 ) (1024 1696 352 ) (1024 1696 512 ) 
4 242 589 0 (1024 1712 672 ) (1024 1712 512 ) (1024 1696 512 ) (1024 1696 672 ) 
4 242 588 0 (1024 1696 960 ) (1024 1712 960 ) (1024 1712 672 ) (1024 1696 672 ) 
4 242 302 0 (1024 1696 192 ) (1024 1712 192 ) (1190.400146 1712 192 ) (1190.400146 1696 192 ) 
4 242 301 0 (1190.400146 1712 192 ) (1440 1712 192 ) (1440 1696 192 ) (1190.400146 1696 192 ) 
4 242 249 0 (1024 1696 192 ) (1440 1696 192 ) (1440 1696 240 ) (1024 1696 240 ) 
4 242 245 0 (1792 1696 192 ) (1824 1696 192 ) (1824 1696 240 ) (1792 1696 240 ) 
4 242 248 0 (1472 1696 192 ) (1760 1696 192 ) (1760 1696 240 ) (1472 1696 240 ) 
4 242 243 0 (1824 1696 240 ) (1824 1696 960 ) (1024 1696 960 ) (1024 1696 240 ) 
4 243 594 0 (1024 1696 352 ) (1024 1696 240 ) (1024 1648 240 ) (1024 1648 352 ) 
4 243 593 0 (1024 1696 512 ) (1024 1696 352 ) (1024 1648 352 ) (1024 1648 512 ) 
4 243 589 0 (1024 1696 672 ) (1024 1696 512 ) (1024 1648 512 ) (1024 1648 672 ) 
4 243 588 0 (1024 1648 960 ) (1024 1696 960 ) (1024 1696 672 ) (1024 1648 672 ) 
4 243 249 0 (1024 1648 240 ) (1024 1696 240 ) (1440 1696 240 ) (1440 1648 240 ) 
4 243 245 0 (1792 1696 240 ) (1824 1696 240 ) (1824 1648 240 ) (1792 1648 240 ) 
4 243 248 0 (1472 1696 240 ) (1760 1696 240 ) (1760 1648 240 ) (1472 1648 240 ) 
4 243 244 2 (1024 1648 240 ) (1824 1648 240 ) (1824 1648 960 ) (1024 1648 960 ) 
4 244 594 0 (1024 1648 352 ) (1024 1648 240 ) (1024 1600 240 ) (1024 1600 352 ) 
4 244 593 0 (1024 1648 512 ) (1024 1648 352 ) (1024 1600 352 ) (1024 1600 512 ) 
4 244 589 0 (1024 1648 672 ) (1024 1648 512 ) (1024 1600 512 ) (1024 1600 672 ) 
4 244 588 0 (1024 1600 960 ) (1024 1648 960 ) (1024 1648 672 ) (1024 1600 672 ) 
4 244 250 0 (2048 1600 240 ) (2048 1600 960 ) (1024 1600 960 ) (1024 1600 240 ) 
4 244 249 0 (1440 1600 240 ) (1024 1600 240 ) (1024 1648 240 ) (1440 1648 240 ) 
4 244 247 0 (2048 1600 240 ) (1840 1600 240 ) (1840 1632 240 ) (2048 1632 240 ) 
4 244 246 0 (1792 1632 240 ) (1792 1648 240 ) (2048 1648 240 ) (2048 1632 240 ) 
4 244 248 0 (1760 1600 240 ) (1472 1600 240 ) (1472 1648 240 ) (1760 1648 240 ) 
4 245 246 2 (1792 1648 240 ) (1792 1648 192 ) (1824 1648 192 ) (1824 1648 240 ) 
4 246 247 0 (1840 1632 192 ) (2048 1632 192 ) (2048 1632 240 ) (1840 1632 240 ) 
4 247 251 0 (1840 1600 192 ) (2048 1600 192 ) (2048 1600 240 ) (1840 1600 240 ) 
4 248 251 0 (1472 1600 192 ) (1760 1600 192 ) (1760 1600 240 ) (1472 1600 240 ) 
4 249 594 0 (1024 1696 240 ) (1024 1696 192 ) (1024 1600 192 ) (1024 1600 240 ) 
4 249 302 0 (1024 1600 192 ) (1024 1696 192 ) (1190.400146 1696 192 ) (1190.400146 1600 192 ) 
4 249 301 0 (1190.400146 1696 192 ) (1440 1696 192 ) (1440 1600 192 ) (1190.400146 1600 192 ) 
4 249 253 0 (1024 1600 192 ) (1440 1600 192 ) (1440 1600 240 ) (1024 1600 240 ) 
4 250 594 0 (1024 1600 352 ) (1024 1600 240 ) (1024 1552 240 ) (1024 1552 352 ) 
4 250 593 0 (1024 1600 512 ) (1024 1600 352 ) (1024 1552 352 ) (1024 1552 512 ) 
4 250 589 0 (1024 1600 672 ) (1024 1600 512 ) (1024 1552 512 ) (1024 1552 672 ) 
4 250 588 0 (1024 1552 960 ) (1024 1600 960 ) (1024 1600 672 ) (1024 1552 672 ) 
4 250 265 2 (1168 1552 752 ) (1168 1552 240 ) (1456 1552 240 ) (1456 1552 752 ) 
4 250 263 2 (2048 1552 240 ) (2048 1552 832 ) (1456 1552 832 ) (1456 1552 240 ) 
4 250 257 2 (1400 1552 848 ) (1224 1552 848 ) (1224 1552 832 ) (1400 1552 832 ) 
4 250 256 2 (2048 1552 832 ) (2048 1552 848 ) (1456 1552 848 ) (1456 1552 832 ) 
4 250 254 2 (2048 1552 848 ) (2048 1552 960 ) (1456 1552 960 ) (1456 1552 848 ) 
4 250 297 2 (1168 1552 960 ) (1024 1552 960 ) (1024 1552 240 ) (1168 1552 240 ) 
4 250 252 0 (2048 1552 240 ) (1472 1552 240 ) (1472 1584 240 ) (2048 1584 240 ) 
4 250 251 0 (1440 1584 240 ) (1440 1600 240 ) (2048 1600 240 ) (2048 1584 240 ) 
4 250 253 0 (1440 1552 240 ) (1024 1552 240 ) (1024 1600 240 ) (1440 1600 240 ) 
4 251 252 0 (1472 1584 192 ) (2048 1584 192 ) (2048 1584 240 ) (1472 1584 240 ) 
4 251 253 0 (1440 1584 240 ) (1440 1600 240 ) (1440 1600 192 ) (1440 1584 192 ) 
4 252 264 2 (1472 1552 192 ) (2048 1552 192 ) (2048 1552 240 ) (1472 1552 240 ) 
4 253 594 0 (1024 1600 240 ) (1024 1600 192 ) (1024 1552 192 ) (1024 1552 240 ) 
4 253 302 0 (1024 1552 192 ) (1024 1600 192 ) (1190.400146 1600 192 ) (1190.400146 1552 192 ) 
4 253 301 0 (1190.400146 1600 192 ) (1440 1600 192 ) (1440 1552 192 ) (1190.400146 1552 192 ) 
4 253 268 2 (1168 1552 192 ) (1440 1552 192 ) (1440 1552 240 ) (1168 1552 240 ) 
4 253 297 2 (1024 1552 192 ) (1168 1552 192 ) (1168 1552 240 ) (1024 1552 240 ) 
4 254 353 0 (1912 1024 960 ) (1456 1024 960 ) (1456 1024 848 ) (1912 1024 848 ) 
4 254 350 0 (2048 1024 848 ) (2048 1024 960 ) (1912 1024 960 ) (1912 1024 848 ) 
4 254 260 2 (1456 1264 848 ) (1456 1320 848 ) (2048 1320 848 ) (2048 1264 848 ) 
4 254 262 2 (2048 1024 848 ) (1456 1024 848 ) (1456 1264 848 ) (2048 1264 848 ) 
4 254 258 2 (1456 1320 848 ) (1456 1496 848 ) (2048 1496 848 ) (2048 1320 848 ) 
4 254 256 2 (1456 1496 848 ) (1456 1552 848 ) (2048 1552 848 ) (2048 1496 848 ) 
4 254 255 2 (1456 1264 848 ) (1456 1024 848 ) (1456 1024 960 ) (1456 1264 960 ) 
4 255 475 0 (1248 1024 960 ) (1168 1024 960 ) (1168 1024 848 ) (1248 1024 848 ) 
4 255 474 0 (1408 1024 960 ) (1248 1024 960 ) (1248 1024 848 ) (1408 1024 848 ) 
4 255 353 0 (1456 1024 960 ) (1432 1024 960 ) (1432 1024 848 ) (1456 1024 848 ) 
4 255 354 0 (1432 1024 960 ) (1408 1024 960 ) (1408 1024 848 ) (1432 1024 848 ) 
4 255 262 2 (1456 1024 848 ) (1168 1024 848 ) (1168 1264 848 ) (1456 1264 848 ) 
4 255 297 0 (1168 1264 848 ) (1168 1024 848 ) (1168 1024 960 ) (1168 1264 960 ) 
4 256 269 0 (2048 1536 832 ) (2048 1496 832 ) (1456 1496 832 ) (1456 1536 832 ) 
4 256 263 0 (1456 1552 832 ) (2048 1552 832 ) (2048 1536 832 ) (1456 1536 832 ) 
4 256 258 2 (1456 1496 832 ) (2048 1496 832 ) (2048 1496 848 ) (1456 1496 848 ) 
4 258 269 0 (1456 1496 832 ) (2048 1496 832 ) (2048 1320 832 ) (1456 1320 832 ) 
4 258 260 0 (1456 1320 832 ) (2048 1320 832 ) (2048 1320 848 ) (1456 1320 848 ) 
4 259 297 0 (1168 1496 832 ) (1168 1320 832 ) (1168 1320 848 ) (1168 1496 848 ) 
4 260 269 0 (1456 1320 832 ) (2048 1320 832 ) (2048 1264 832 ) (1456 1264 832 ) 
4 260 262 0 (1456 1264 832 ) (2048 1264 832 ) (2048 1264 848 ) (1456 1264 848 ) 
4 261 262 0 (1224 1264 832 ) (1400 1264 832 ) (1400 1264 848 ) (1224 1264 848 ) 
4 262 475 0 (1248 1024 848 ) (1168 1024 848 ) (1168 1024 832 ) (1248 1024 832 ) 
4 262 474 0 (1408 1024 848 ) (1248 1024 848 ) (1248 1024 832 ) (1408 1024 832 ) 
4 262 353 0 (1912 1024 848 ) (1432 1024 848 ) (1432 1024 832 ) (1912 1024 832 ) 
4 262 350 0 (2048 1024 832 ) (2048 1024 848 ) (1912 1024 848 ) (1912 1024 832 ) 
4 262 354 0 (1432 1024 848 ) (1408 1024 848 ) (1408 1024 832 ) (1432 1024 832 ) 
4 262 286 0 (1456 1024 832 ) (1168 1024 832 ) (1168 1264 832 ) (1456 1264 832 ) 
4 262 269 0 (2048 1024 832 ) (1456 1024 832 ) (1456 1264 832 ) (2048 1264 832 ) 
4 262 297 0 (1168 1264 832 ) (1168 1024 832 ) (1168 1024 848 ) (1168 1264 848 ) 
4 263 283 0 (1456 1536 416 ) (1456 1536 240 ) (2048 1536 240 ) (2048 1536 416 ) 
4 263 279 0 (1456 1536 440 ) (1456 1536 432 ) (2048 1536 432 ) (2048 1536 440 ) 
4 263 280 0 (1456 1536 432 ) (1456 1536 416 ) (2048 1536 416 ) (2048 1536 432 ) 
4 263 269 0 (2048 1536 832 ) (1456 1536 832 ) (1456 1536 440 ) (2048 1536 440 ) 
3 263 267 0 (1456 1536 704 ) (1456 1536 752 ) (1456 1552 752 ) 
4 263 265 0 (1456 1536 240 ) (1456 1536 704 ) (1456 1552 752 ) (1456 1552 240 ) 
4 263 264 0 (2048 1536 240 ) (1472 1536 240 ) (1472 1552 240 ) (2048 1552 240 ) 
4 264 283 0 (1472 1536 192 ) (2048 1536 192 ) (2048 1536 240 ) (1472 1536 240 ) 
4 265 294 0 (1168 1536 704 ) (1168 1536 240 ) (1184 1536 240 ) (1184 1536 704 ) 
4 265 289 0 (1440 1536 240 ) (1456 1536 240 ) (1456 1536 432 ) (1440 1536 432 ) 
4 265 287 0 (1456 1536 432 ) (1456 1536 704 ) (1440 1536 704 ) (1440 1536 432 ) 
4 265 268 0 (1440 1536 240 ) (1168 1536 240 ) (1168 1552 240 ) (1440 1552 240 ) 
3 265 267 0 (1440 1536 704.002014 ) (1456 1536 704.002014 ) (1456 1552 752.002014 ) 
3 265 266 0 (1168 1536 704.002014 ) (1184 1536 704.002014 ) (1168 1552 752.002014 ) 
4 265 297 0 (1168 1552 752 ) (1168 1552 240 ) (1168 1536 240 ) (1168 1536 704 ) 
3 266 294 0 (1168 1536 752 ) (1168 1536 704 ) (1184 1536 704 ) 
3 266 297 0 (1168 1552 752 ) (1168 1536 704 ) (1168 1536 752 ) 
3 267 287 0 (1440 1536 704 ) (1456 1536 704 ) (1456 1536 752 ) 
4 268 302 0 (1168 1536 192 ) (1168 1552 192 ) (1190.400146 1552 192 ) (1190.400146 1536 192 ) 
4 268 301 0 (1190.400146 1552 192 ) (1440 1552 192 ) (1440 1536 192 ) (1190.400146 1536 192 ) 
4 268 294 0 (1168 1536 240 ) (1168 1536 192 ) (1184 1536 192 ) (1184 1536 240 ) 
4 268 297 0 (1168 1552 240 ) (1168 1552 192 ) (1168 1536 192 ) (1168 1536 240 ) 
4 269 353 0 (1912 1024 832 ) (1456 1024 832 ) (1456 1024 768 ) (1912 1024 768 ) 
4 269 350 0 (2048 1024 768 ) (2048 1024 832 ) (1912 1024 832 ) (1912 1024 768 ) 
5 269 287 0 (1456 1536 752 ) (1456 1536 440 ) (1456 1352 440 ) (1456 1152 640 ) (1456 1264 752 ) 
5 269 286 0 (1456 1152 640 ) (1456 1024 768 ) (1456 1024 832 ) (1456 1264 832 ) (1456 1264 752 ) 
4 269 279 0 (1456 1352 440 ) (1456 1536 440 ) (2048 1536 440 ) (2048 1352 440 ) 
4 269 278 0 (1456 1024 768 ) (1456 1152 640 ) (1920 1152 640 ) (1792 1024 768 ) 
4 269 274 0 (2048 1152 640 ) (2048 1024 768 ) (1792 1024 768 ) (1920 1152 640 ) 
4 270 281 0 (1753 1319 440 ) (2048 1319 440 ) (2048 1160 440 ) (1753 1160 440 ) 
4 270 282 0 (1465 1319 440 ) (1727 1319 440 ) (1727 1160 440 ) (1465 1160 440 ) 
4 270 273 0 (1456 1160 440 ) (2048 1160 440 ) (2048 1160 600 ) (1456 1160 600 ) 
3 271 275 0 (1928 1128 600 ) (1944 1128 600 ) (1928 1144 616 ) 
4 271 273 0 (2048 1128 600 ) (1928 1128 600 ) (1928 1144 600 ) (2048 1144 600 ) 
3 272 277 0 (1896 1128 600 ) (1912 1128 600 ) (1912 1144 616 ) 
4 272 273 0 (1912 1128 600 ) (1456 1128 600 ) (1456 1144 600 ) (1912 1144 600 ) 
4 273 346 0 (2048 1024 440 ) (2048 1024 496 ) (1456 1024 496 ) (1456 1024 440 ) 
4 273 281 0 (2048 1024 440 ) (1753 1024 440 ) (1753 1160 440 ) (2048 1160 440 ) 
4 273 282 0 (1727 1024 440 ) (1465 1024 440 ) (1465 1160 440 ) (1727 1160 440 ) 
4 273 276 0 (1912 1024 496 ) (1928 1024 496 ) (1928 1128 600 ) (1912 1128 600 ) 
4 273 277 0 (1792 1024 496 ) (1912 1024 496 ) (1912 1128 600 ) (1896 1128 600 ) 
4 273 275 0 (1928 1024 496 ) (2048 1024 496 ) (1944 1128 600 ) (1928 1128 600 ) 
3 274 353 0 (1912 1024 768 ) (1792 1024 768 ) (1912 1024 648 ) 
3 274 351 0 (2048 1024 512 ) (2048 1024 768 ) (1920 1024 640 ) 
4 274 350 0 (2048 1024 768 ) (1912 1024 768 ) (1912 1024 648 ) (1920 1024 640 ) 
3 274 278 0 (1792 1024 768 ) (1920 1152 640 ) (1920 1024 640 ) 
3 275 348 0 (2048 1024 496 ) (1928 1024 616 ) (1928 1024 496 ) 
3 275 276 0 (1928 1128 600 ) (1928 1024 496 ) (1928 1024 600 ) 
4 276 349 0 (1912 1024 600 ) (1912 1024 496 ) (1928 1024 496 ) (1928 1024 600 ) 
3 276 277 0 (1912 1127.996094 600 ) (1912 1024 496.003967 ) (1912 1024 600 ) 
3 277 352 0 (1912 1024 616 ) (1792 1024 496 ) (1912 1024 496 ) 
6 278 353 0 (1912 1024 648 ) (1792 1024 768 ) (1456 1024 768 ) (1456 1024 512 ) (1792 1024 512 ) (1912 1024 632 ) 
3 278 350 0 (1920 1024 640 ) (1912 1024 648 ) (1912 1024 632 ) 
3 278 286 0 (1456 1024 512 ) (1456 1024 768 ) (1456 1152 640 ) 
4 279 287 0 (1456 1536 440 ) (1456 1536 432 ) (1456 1360 432 ) (1456 1352 440 ) 
4 279 280 0 (1456 1360 432 ) (1456 1536 432 ) (2048 1536 432 ) (2048 1360 432 ) 
4 280 289 0 (1456 1536 432 ) (1456 1536 416 ) (1456 1344 416 ) (1456 1344 432 ) 
4 280 283 0 (1456 1344 416 ) (1456 1536 416 ) (2048 1536 416 ) (2048 1344 416 ) 
4 281 362 0 (2048 1024 416 ) (2048 1024 440 ) (1753 1024 440 ) (1753 1024 416 ) 
4 281 284 0 (2048 1024 416 ) (1753 1024 416 ) (1753 1319 416 ) (2048 1319 416 ) 
4 282 363 0 (1727 1024 440 ) (1465 1024 440 ) (1465 1024 416 ) (1727 1024 416 ) 
4 282 284 0 (1727 1024 416 ) (1465 1024 416 ) (1465 1319 416 ) (1727 1319 416 ) 
4 283 289 0 (1456 1536 416 ) (1456 1536 192 ) (1456 1344 192 ) (1456 1344 416 ) 
4 284 379 0 (1744 1024 416 ) (1460 1024 416 ) (1460 1024 392 ) (1744 1024 392 ) 
4 284 369 0 (2048 1024 392 ) (2048 1024 416 ) (1792 1024 416 ) (1792 1024 392 ) 
4 284 368 0 (1792 1024 416 ) (1744 1024 416 ) (1744 1024 392 ) (1792 1024 392 ) 
4 284 285 0 (2048 1024 392 ) (1460 1024 392 ) (1460 1324 392 ) (2048 1324 392 ) 
4 285 383 0 (1456 1024 192 ) (1744 1024 192 ) (1744 1024 392 ) (1456 1024 392 ) 
4 285 372 0 (1744 1024 192 ) (1776 1024 192 ) (1776 1024 392 ) (1744 1024 392 ) 
4 285 371 0 (1776 1024 192 ) (2048 1024 192 ) (2048 1024 392 ) (1776 1024 392 ) 
4 286 475 0 (1248 1024 832 ) (1168 1024 832 ) (1168 1024 512 ) (1248 1024 512 ) 
4 286 474 0 (1408 1024 832 ) (1248 1024 832 ) (1248 1024 512 ) (1408 1024 512 ) 
4 286 353 0 (1456 1024 512 ) (1456 1024 832 ) (1432 1024 832 ) (1432 1024 512 ) 
4 286 354 0 (1432 1024 832 ) (1408 1024 832 ) (1408 1024 512 ) (1432 1024 512 ) 
3 286 296 0 (1248 1024 512 ) (1168 1264 752.001160 ) (1248 1264 752.001221 ) 
3 286 295 0 (1248 1024 512 ) (1168 1024 512 ) (1168 1264 752.001160 ) 
4 286 293 0 (1408 1024 512.001221 ) (1248 1024 512 ) (1248 1264 752.001221 ) (1408 1264 752.001404 ) 
4 286 292 0 (1432 1024 512.001343 ) (1408 1024 512.001221 ) (1408 1264 752.001404 ) (1432 1264 752.001465 ) 
4 286 290 0 (1432 1152 640 ) (1432 1264 752.001465 ) (1440 1264 752.001465 ) (1440 1152 640 ) 
3 286 288 0 (1456 1264 752.001465 ) (1440 1215.998291 704 ) (1440 1264 752.001465 ) 
4 286 287 0 (1456 1264 752.001465 ) (1456 1152 640 ) (1440 1152 640 ) (1440 1215.998291 704 ) 
4 286 297 0 (1168 1024 512 ) (1168 1024 832 ) (1168 1264 832 ) (1168 1264 752 ) 
4 287 290 0 (1440 1151.993896 640.006287 ) (1440 1215.987427 704 ) (1440 1280 704 ) (1440 1280 512 ) 
4 287 289 0 (1440 1360 432 ) (1440 1536 432 ) (1456 1536 432 ) (1456 1360 432 ) 
4 287 288 0 (1440 1280.001831 703.994385 ) (1440 1215.992310 703.994385 ) (1456 1263.992310 751.994385 ) (1456 1264.001831 751.994385 ) 
3 288 290 0 (1440 1215.987427 704 ) (1440 1263.996826 752.009033 ) (1440 1280 704 ) 
4 290 292 0 (1432 1151.993774 640.006226 ) (1432 1263.996826 752.009033 ) (1432 1280 704 ) (1432 1280 512 ) 
4 291 384 0 (1432 1024 192 ) (1440 1024 192 ) (1440 1024 392 ) (1432 1024 392 ) 
4 291 382 0 (1440 1024 392 ) (1440 1024 416 ) (1432 1024 416 ) (1432 1024 392 ) 
4 291 364 0 (1440 1024 416 ) (1440 1024 440 ) (1432 1024 440 ) (1432 1024 416 ) 
4 291 347 0 (1440 1024 440 ) (1440 1024 496 ) (1432 1024 496 ) (1432 1024 440 ) 
5 291 292 0 (1432 1280 496 ) (1432 1280 192 ) (1432 1024 192 ) (1432 1024 496 ) (1432 1152 624 ) 
4 292 384 0 (1408 1024 192 ) (1432 1024 192 ) (1432 1024 392 ) (1408 1024 392 ) 
4 292 382 0 (1432 1024 392 ) (1432 1024 416 ) (1408 1024 416 ) (1408 1024 392 ) 
4 292 367 0 (1432 1024 416 ) (1432 1024 440 ) (1408 1024 440 ) (1408 1024 416 ) 
4 292 354 0 (1432 1024 496 ) (1432 1024 512 ) (1408 1024 512 ) (1408 1024 496 ) 
4 292 347 0 (1432 1024 440 ) (1432 1024 496 ) (1408 1024 496 ) (1408 1024 440 ) 
5 292 293 0 (1408 1024 512.012695 ) (1408 1263.996948 752.009155 ) (1408 1280 704 ) (1408 1280 512 ) (1408 1024 512 ) 
5 293 296 0 (1248 1024 512.012695 ) (1248 1263.996948 752.009155 ) (1248 1280 704 ) (1248 1280 512 ) (1248 1024 512 ) 
4 294 305 0 (1168 1280 192 ) (1168 1536 192 ) (1184 1536 192 ) (1184 1280 192 ) 
4 294 295 0 (1168 1280 752 ) (1168 1280 192 ) (1184 1280 192 ) (1184 1280 704 ) 
4 294 297 0 (1168 1536 192 ) (1168 1280 192 ) (1168 1280 752 ) (1168 1536 752 ) 
4 295 475 0 (1168 1024 192 ) (1248 1024 192 ) (1248 1024 512 ) (1168 1024 512 ) 
4 295 314 0 (1168 1088 192 ) (1168 1152 192 ) (1248 1152 192 ) (1248 1088 192 ) 
4 295 315 0 (1248 1024 192 ) (1168 1024 192 ) (1168 1088 192 ) (1248 1088 192 ) 
4 295 313 0 (1168 1152 192 ) (1168 1280 192 ) (1248 1280 192 ) (1248 1152 192 ) 
4 295 296 0 (1248 1024.008667 512.005859 ) (1248 1280 512.005859 ) (1184.001953 1280 704 ) (1168.001953 1264 752 ) 
5 295 297 0 (1168 1280 192 ) (1168 1024 192 ) (1168 1024 512 ) (1168 1264 752 ) (1168 1280 752 ) 
4 297 594 0 (1024 1552 352 ) (1024 1552 192 ) (1024 1536 192 ) (1024 1536 352 ) 
4 297 593 0 (1024 1536 512 ) (1024 1552 512 ) (1024 1552 352 ) (1024 1536 352 ) 
4 297 590 0 (1024 1024 192 ) (1024 1024 512 ) (1024 1536 512 ) (1024 1536 192 ) 
4 297 589 0 (1024 1024 512 ) (1024 1024 672 ) (1024 1552 672 ) (1024 1552 512 ) 
4 297 588 0 (1024 1024 672 ) (1024 1024 960 ) (1024 1552 960 ) (1024 1552 672 ) 
4 297 475 0 (1024 1024 960 ) (1024 1024 192 ) (1168 1024 192 ) (1168 1024 960 ) 
4 297 314 0 (1024 1088 192 ) (1024 1152 192 ) (1168 1152 192 ) (1168 1088 192 ) 
4 297 315 0 (1168 1024 192 ) (1024 1024 192 ) (1024 1088 192 ) (1168 1088 192 ) 
4 297 313 0 (1024 1152 192 ) (1024 1280 192 ) (1168 1280 192 ) (1168 1152 192 ) 
4 297 305 0 (1024 1280 192 ) (1024 1536 192 ) (1168 1536 192 ) (1168 1280 192 ) 
4 297 302 0 (1024 1536 192 ) (1024 1552 192 ) (1168 1552 192 ) (1168 1536 192 ) 
4 298 309 0 (2028 1784 16 ) (2048 1784 16 ) (2048 1512 16 ) (2028 1512 16 ) 
4 299 309 0 (1836 1784 16 ) (2020 1784 16 ) (2020 1512 16 ) (1836 1512 16 ) 
4 300 309 0 (1712 1512 16 ) (1712 1784 16 ) (1828 1784 16 ) (1828 1512 16 ) 
4 301 303 0 (1232 1760 160 ) (1232 1920 160 ) (1440 1920 160 ) (1440 1760 160 ) 
4 301 304 0 (1440 1536 160 ) (1232 1536 160 ) (1232 1760 160 ) (1440 1760 160 ) 
4 301 302 0 (1232.001221 1744 160 ) (1232.001221 1536 160 ) (1190.401245 1536 192 ) (1190.401123 1785.600098 192 ) 
4 302 594 0 (1024 1536 192 ) (1024 1785.600098 192 ) (1024 1744 160 ) (1024 1536 160 ) 
4 302 305 0 (1184 1536 192 ) (1024 1536 192 ) (1024 1536 160 ) (1184 1536 160 ) 
4 302 304 0 (1232 1536 160 ) (1024 1536 160 ) (1024 1744 160 ) (1232 1744 160 ) 
4 303 310 0 (1440 1792 16 ) (1440 1760 16 ) (1216 1760 16 ) (1216 1792 16 ) 
4 303 308 0 (1216 1920 16 ) (1440 1920 16 ) (1440 1792 16 ) (1216 1792 16 ) 
4 303 304 0 (1216 1760 16 ) (1440 1760 16 ) (1440 1760 160 ) (1216 1760 160 ) 
4 304 595 0 (1024 1760 16 ) (1024 1536 16 ) (1024 1536 160 ) (1024 1760 160 ) 
4 304 311 0 (1024 1536 16 ) (1024 1760 16 ) (1440 1760 16 ) (1440 1536 16 ) 
4 304 305 0 (1024 1536 16 ) (1184 1536 16 ) (1184 1536 160 ) (1024 1536 160 ) 
4 305 590 0 (1024 1280 192 ) (1024 1536 192 ) (1024 1536 16 ) (1024 1280 16 ) 
4 305 313 0 (1184 1280 192 ) (1024 1280 192 ) (1024 1280 16 ) (1184 1280 16 ) 
4 305 312 0 (1184 1280 16 ) (1024 1280 16 ) (1024 1536 16 ) (1184 1536 16 ) 
4 306 327 0 (2048 1920 0 ) (2048 1824 0 ) (2024 1824 0 ) (2024 1920 0 ) 
4 306 325 0 (2048 1952 0 ) (2048 1920 0 ) (2024 1920 0 ) (2024 1952 0 ) 
4 306 320 0 (2048 2032 0 ) (2048 1952 0 ) (2024 1952 0 ) (2024 2032 0 ) 
4 306 316 0 (2024 2048 0 ) (2048 2048 0 ) (2048 2032 0 ) (2024 2032 0 ) 
4 306 307 0 (2024 2048 0 ) (2024 2040 0 ) (2024 2040 16 ) (2024 2048 16 ) 
4 307 316 0 (1744 2048 0 ) (2024 2048 0 ) (2024 2040 0 ) (1744 2040 0 ) 
4 308 328 0 (1440 1792 0 ) (1216 1792 0 ) (1216 1920 0 ) (1440 1920 0 ) 
4 308 310 0 (1216 1792 0 ) (1440 1792 0 ) (1440 1792 16 ) (1216 1792 16 ) 
4 309 339 0 (2048 1536 0 ) (2048 1504 0 ) (1704 1504 0 ) (1704 1536 0 ) 
4 309 337 0 (2048 1680 0 ) (2048 1536 0 ) (1704 1536 0 ) (1704 1680 0 ) 
4 309 329 0 (1704 1792 0 ) (2048 1792 0 ) (2048 1680 0 ) (1704 1680 0 ) 
4 310 330 0 (1216 1792 0 ) (1440 1792 0 ) (1440 1760 0 ) (1216 1760 0 ) 
4 310 311 0 (1216 1760 0 ) (1440 1760 0 ) (1440 1760 16 ) (1216 1760 16 ) 
4 311 595 0 (1024 1760 0 ) (1024 1536 0 ) (1024 1536 16 ) (1024 1760 16 ) 
4 311 338 0 (1024 1536 0 ) (1024 1680 0 ) (1440 1680 0 ) (1440 1536 0 ) 
4 311 331 0 (1024 1680 0 ) (1024 1760 0 ) (1216 1760 0 ) (1216 1680 0 ) 
4 311 330 0 (1216 1760 0 ) (1440 1760 0 ) (1440 1680 0 ) (1216 1680 0 ) 
4 311 312 0 (1024 1536 0 ) (1184 1536 0 ) (1184 1536 16 ) (1024 1536 16 ) 
4 312 590 0 (1024 1536 0 ) (1024 1280 0 ) (1024 1280 16 ) (1024 1536 16 ) 
4 312 345 0 (1024 1280 0 ) (1024 1504 0 ) (1184 1504 0 ) (1184 1280 0 ) 
4 312 341 0 (1024 1504 0 ) (1024 1536 0 ) (1152 1536 0 ) (1152 1504 0 ) 
4 312 340 0 (1152 1536 0 ) (1184 1536 0 ) (1184 1504 0 ) (1152 1504 0 ) 
4 312 313 0 (1024 1280 0 ) (1184 1280 0 ) (1184 1280 16 ) (1024 1280 16 ) 
4 313 590 0 (1024 1152 192 ) (1024 1280 192 ) (1024 1280 0 ) (1024 1152 0 ) 
4 313 342 0 (1184 1280 0 ) (1248 1280 0 ) (1248 1152 0 ) (1184 1152 0 ) 
4 313 345 0 (1024 1152 0 ) (1024 1280 0 ) (1184 1280 0 ) (1184 1152 0 ) 
4 313 314 0 (1024 1152 0 ) (1216 1152 0 ) (1248 1152 192 ) (1024 1152 192 ) 
4 314 590 0 (1024 1088 192 ) (1024 1152 192 ) (1024 1152 0 ) (1024 1088 0 ) 
4 314 343 0 (1184 1152 0 ) (1216 1152 0 ) (1216 1088 0 ) (1184 1088 0 ) 
4 314 345 0 (1024 1088 0 ) (1024 1152 0 ) (1184 1152 0 ) (1184 1088 0 ) 
4 314 315 0 (1024 1088 0 ) (1216 1088 0 ) (1248 1088 192 ) (1024 1088 192 ) 
4 315 590 0 (1024 1024 0 ) (1024 1024 192 ) (1024 1088 192 ) (1024 1088 0 ) 
4 315 475 0 (1024 1024 192 ) (1024 1024 0 ) (1248 1024 0 ) (1248 1024 192 ) 
4 315 344 0 (1248 1024 0 ) (1184 1024 0 ) (1184 1088 0 ) (1248 1088 0 ) 
4 315 345 0 (1184 1024 0 ) (1024 1024 0 ) (1024 1088 0 ) (1184 1088 0 ) 
4 316 320 0 (2016 2032 -176 ) (2048 2032 -176 ) (2048 2032 0 ) (2016 2032 0 ) 
4 316 317 0 (1858 2032 -176 ) (1744 2032 -176 ) (1744 2048 -176 ) (1858 2048 -176 ) 
4 317 318 0 (1826 2032 -194 ) (1794 2032 -194 ) (1794 2048 -194 ) (1826 2048 -194 ) 
4 317 319 0 (1794 2032 -194 ) (1744 2032 -194 ) (1744 2048 -194 ) (1794 2048 -194 ) 
4 318 319 0 (1794 2032 -210 ) (1794 2032 -194 ) (1794 2048 -194 ) (1794 2048 -210 ) 
4 320 325 0 (2048 1952 -176 ) (2048 1952 0 ) (2016 1952 0 ) (2016 1952 -176 ) 
4 321 324 0 (1604 2048 -32 ) (1720 2048 -32 ) (1720 1960 -32 ) (1604 1960 -32 ) 
4 322 324 0 (1412 2048 -32 ) (1596 2048 -32 ) (1596 1960 -32 ) (1412 1960 -32 ) 
4 323 324 0 (1288 2048 -32 ) (1404 2048 -32 ) (1404 1960 -32 ) (1288 1960 -32 ) 
4 324 326 0 (1376 1952 -112 ) (1312 1952 -112 ) (1312 1952 -224 ) (1376 1952 -224 ) 
4 325 327 0 (2048 1920 -176 ) (2048 1920 0 ) (2016 1920 0 ) (2016 1920 -176 ) 
4 326 328 0 (1376 1920 -224 ) (1376 1920 -112 ) (1312 1920 -112 ) (1312 1920 -224 ) 
4 328 330 0 (1440 1792 -224 ) (1440 1792 0 ) (1216 1792 0 ) (1216 1792 -224 ) 
4 329 337 0 (2048 1680 -176 ) (2048 1680 0 ) (1704 1680 0 ) (1704 1680 -176 ) 
4 330 338 0 (1440 1680 0 ) (1216 1680 0 ) (1216 1680 -224 ) (1440 1680 -224 ) 
4 330 334 0 (1216 1680 -208 ) (1216 1680 -192 ) (1216 1760 -192 ) (1216 1760 -208 ) 
4 330 332 0 (1216 1680 -192 ) (1216 1680 -128 ) (1216 1760 -128 ) (1216 1760 -192 ) 
4 330 331 0 (1216 1680 -128 ) (1216 1680 0 ) (1216 1760 0 ) (1216 1760 -128 ) 
4 331 688 0 (1024 1760 -96 ) (1024 1760 -112 ) (1024 1680 -112 ) (1024 1680 -96 ) 
4 331 687 0 (1024 1760 -80 ) (1024 1760 -96 ) (1024 1680 -96 ) (1024 1680 -80 ) 
4 331 686 0 (1024 1680 0 ) (1024 1760 0 ) (1024 1760 -80 ) (1024 1680 -80 ) 
4 331 338 0 (1216 1680 0 ) (1024 1680 0 ) (1024 1680 -128 ) (1216 1680 -128 ) 
4 331 335 0 (1056 1760 -128 ) (1120 1760 -128 ) (1120 1680 -128 ) (1056 1680 -128 ) 
4 331 333 0 (1120 1760 -128 ) (1152 1760 -128 ) (1152 1680 -128 ) (1120 1680 -128 ) 
4 331 332 0 (1152 1760 -128 ) (1216 1760 -128 ) (1216 1680 -128 ) (1152 1680 -128 ) 
4 332 338 0 (1216 1680 -192 ) (1216 1680 -128 ) (1152 1680 -128 ) (1152 1680 -192 ) 
4 332 334 0 (1184 1760 -192 ) (1216 1760 -192 ) (1216 1680 -192 ) (1184 1680 -192 ) 
4 332 333 0 (1152 1680 -176 ) (1152 1680 -128 ) (1152 1760 -128 ) (1152 1760 -176 ) 
4 333 338 0 (1152 1680 -128 ) (1120 1680 -128 ) (1120 1680 -176 ) (1152 1680 -176 ) 
4 333 336 0 (1120 1680 -160 ) (1120 1680 -144 ) (1120 1760 -144 ) (1120 1760 -160 ) 
4 333 335 0 (1120 1680 -144 ) (1120 1680 -128 ) (1120 1760 -128 ) (1120 1760 -144 ) 
4 334 338 0 (1184 1680 -208 ) (1216 1680 -208 ) (1216 1680 -192 ) (1184 1680 -192 ) 
4 335 338 0 (1120 1680 -144 ) (1120 1680 -128 ) (1056 1680 -128 ) (1056 1680 -144 ) 
4 335 336 0 (1088 1760 -144 ) (1120 1760 -144 ) (1120 1680 -144 ) (1088 1680 -144 ) 
4 336 338 0 (1120 1680 -160 ) (1120 1680 -144 ) (1088 1680 -144 ) (1088 1680 -160 ) 
4 337 339 0 (2048 1536 -176 ) (2048 1536 0 ) (1704 1536 0 ) (1704 1536 -176 ) 
4 338 710 0 (1024 1680 -80 ) (1024 1680 -224 ) (1024 1536 -224 ) (1024 1536 -80 ) 
4 338 707 0 (1024 1680 -78.800003 ) (1024 1680 -80 ) (1024 1536 -80 ) (1024 1536 -78.800003 ) 
4 338 689 0 (1024 1678 0 ) (1024 1680 0 ) (1024 1680 -78.800003 ) (1024 1678 -78.800003 ) 
4 338 692 0 (1024 1536 0 ) (1024 1678 0 ) (1024 1678 -78.800003 ) (1024 1536 -78.800003 ) 
4 338 341 0 (1152 1536 0 ) (1024 1536 0 ) (1024 1536 -224 ) (1152 1536 -224 ) 
4 338 340 0 (1184 1536 0 ) (1152 1536 0 ) (1152 1536 -192 ) (1184 1536 -192 ) 
4 340 345 0 (1184 1504 -192 ) (1184 1504 0 ) (1152 1504 0 ) (1152 1504 -192 ) 
4 340 341 0 (1152 1536 0 ) (1152 1536 -192 ) (1152 1504 -192 ) (1152 1504 0 ) 
4 341 711 0 (1024 1536 -80 ) (1024 1536 -192 ) (1024 1504 -192 ) (1024 1504 -80 ) 
4 341 707 0 (1024 1536 -78.800003 ) (1024 1536 -80 ) (1024 1504 -80 ) (1024 1504 -78.800003 ) 
4 341 705 0 (1024 1512.800049 -67.599998 ) (1024 1512.800049 -78.800003 ) (1024 1504 -78.800003 ) (1024 1504 -67.599998 ) 
4 341 702 0 (1024 1512.800049 -45.200001 ) (1024 1512.800049 -67.599998 ) (1024 1504 -67.599998 ) (1024 1504 -45.200001 ) 
4 341 700 0 (1024 1512.800049 -33.200001 ) (1024 1512.800049 -45.200001 ) (1024 1504 -45.200001 ) (1024 1504 -33.200001 ) 
4 341 699 0 (1024 1504 0 ) (1024 1512.800049 0 ) (1024 1512.800049 -33.200001 ) (1024 1504 -33.200001 ) 
4 341 694 0 (1024 1512.800049 0 ) (1024 1529.839966 0 ) (1024 1529.839966 -78.800003 ) (1024 1512.800049 -78.800003 ) 
4 341 692 0 (1024 1529.839966 0 ) (1024 1536 0 ) (1024 1536 -78.800003 ) (1024 1529.839966 -78.800003 ) 
4 341 345 0 (1152 1504 -240 ) (1152 1504 0 ) (1024 1504 0 ) (1024 1504 -240 ) 
3 342 343 0 (1184 1152 0 ) (1184 1152 -192 ) (1216 1152 0 ) 
4 342 345 0 (1184 1280 -256 ) (1184 1152 -256 ) (1184 1152 0 ) (1184 1280 0 ) 
4 343 345 0 (1184 1088 -192 ) (1184 1088 0 ) (1184 1152 0 ) (1184 1152 -192 ) 
3 343 344 0 (1184 1088 0 ) (1184 1088 -192 ) (1216 1088 0 ) 
4 344 528 0 (1184 1024 -256 ) (1248 1024 -256 ) (1248 1024 0 ) (1184 1024 0 ) 
4 344 345 0 (1184 1088 -256 ) (1184 1024 -256 ) (1184 1024 0 ) (1184 1088 0 ) 
4 345 713 0 (1024 1024 -256 ) (1024 1024 0 ) (1024 1423.199951 0 ) (1024 1423.199951 -256 ) 
4 345 712 0 (1024 1504 -80 ) (1024 1504 -256 ) (1024 1423.199951 -256 ) (1024 1423.199951 -80 ) 
4 345 707 0 (1024 1504 -78.800003 ) (1024 1504 -80 ) (1024 1423.199951 -80 ) (1024 1423.199951 -78.800003 ) 
4 345 705 0 (1024 1504 -67.599998 ) (1024 1504 -78.800003 ) (1024 1423.199951 -78.800003 ) (1024 1423.199951 -67.599998 ) 
4 345 702 0 (1024 1504 -45.200001 ) (1024 1504 -67.599998 ) (1024 1423.199951 -67.599998 ) (1024 1423.199951 -45.200001 ) 
4 345 700 0 (1024 1504 -33.200001 ) (1024 1504 -45.200001 ) (1024 1423.199951 -45.200001 ) (1024 1423.199951 -33.200001 ) 
4 345 699 0 (1024 1423.199951 0 ) (1024 1504 0 ) (1024 1504 -33.200001 ) (1024 1423.199951 -33.200001 ) 
4 345 528 0 (1024 1024 0 ) (1024 1024 -256 ) (1184 1024 -256 ) (1184 1024 0 ) 
4 346 363 0 (1465 1024 440 ) (1727 1024 440 ) (1727 985 440 ) (1465 985 440 ) 
4 346 362 0 (1753 1024 440 ) (2048 1024 440 ) (2048 968 440 ) (1753 968 440 ) 
4 346 352 0 (1736 968.002136 440 ) (1912 968.002136 440 ) (1912 1024 495.997864 ) (1791.997925 1024 495.997864 ) 
4 346 349 0 (1912 968.002136 440 ) (1928 968.002136 440 ) (1928 1024 495.997864 ) (1912 1024 495.997864 ) 
4 346 348 0 (1928 968.002136 440 ) (2048 968.002136 440 ) (2048 1024 495.997864 ) (1928 1024 495.997864 ) 
4 347 364 0 (1432 1024 440 ) (1440 1024 440 ) (1440 968 440 ) (1432 968 440 ) 
4 347 367 0 (1408 968 440 ) (1408 1024 440 ) (1432 1024 440 ) (1432 968 440 ) 
4 347 354 0 (1408 968.002136 440 ) (1432 968.002136 440 ) (1432 1024 495.997864 ) (1408 1024 495.997864 ) 
4 348 362 0 (1928 968 440 ) (2048 968 440 ) (2048 705 440 ) (1928 705 440 ) 
5 348 349 0 (1928 696 440 ) (1928 696 600 ) (1928 1024 600 ) (1928 1024 496.001587 ) (1928 967.997681 440 ) 
4 349 362 0 (1912 968 440 ) (1928 968 440 ) (1928 705 440 ) (1912 705 440 ) 
5 349 352 0 (1912 1024 496 ) (1912 968.001099 440 ) (1912 696 440 ) (1912 696 600 ) (1912 1024 600 ) 
3 350 356 0 (1912 696 648 ) (1912 696 632 ) (1920 696 640 ) 
5 350 355 0 (2048 696 768 ) (2048 696 960 ) (1912 696 960 ) (1912 696 648 ) (1920 696 640 ) 
4 350 353 0 (1912 696 632 ) (1912 696 960 ) (1912 1024 960 ) (1912 1024 632 ) 
4 350 351 0 (2048 696 768 ) (1920 696 640 ) (1920 1024 640 ) (2048 1024 768 ) 
3 351 355 0 (2048 696 512 ) (2048 696 768 ) (1920 696 640 ) 
4 352 362 0 (1753 968 440 ) (1912 968 440 ) (1912 705 440 ) (1753 705 440 ) 
4 353 365 0 (1720 952 440 ) (1720 696 440 ) (1432 696 440 ) (1432 952 440 ) 
6 353 356 0 (1432 696 440 ) (1720 696 440 ) (1912 696 632 ) (1912 696 648 ) (1600 696 960 ) (1432 696 960 ) 
3 353 355 0 (1912 696 648 ) (1912 696 960 ) (1600 696 960 ) 
5 353 354 0 (1432 952 440 ) (1432 696 440 ) (1432 696 960 ) (1432 1024 960 ) (1432 1024 512 ) 
4 354 484 0 (1408 696 512 ) (1408 696 960 ) (1408 736 960 ) (1408 736 512 ) 
4 354 476 0 (1408 736 512 ) (1408 736 960 ) (1408 928 960 ) (1408 928 512 ) 
4 354 474 0 (1408 1024 960 ) (1408 1024 512 ) (1408 928 512 ) (1408 928 960 ) 
4 354 367 0 (1408 696 440 ) (1408 968 440 ) (1432 968 440 ) (1432 696 440 ) 
4 354 356 0 (1408 696 440 ) (1432 696 440 ) (1432 696 960 ) (1408 696 960 ) 
4 355 361 0 (2000 688 720 ) (1920 688 640 ) (2040 688 520 ) (2040 688 720 ) 
4 355 360 0 (2048 688 512 ) (2048 688 720 ) (2040 688 720 ) (2040 688 520 ) 
3 355 359 0 (1840 688 720 ) (1920 688 640 ) (2000 688 720 ) 
4 355 357 0 (2048 688 736 ) (2048 688 960 ) (2040 688 960 ) (2040 688 736 ) 
4 355 358 0 (2040 688 960 ) (1600 688 960 ) (1824 688 736 ) (2040 688 736 ) 
4 355 356 0 (1600.002441 696 960 ) (1920 696 640 ) (1920 688 640 ) (1600 688 960 ) 
4 356 484 0 (1408 688 512 ) (1408 688 960 ) (1408 696 960 ) (1408 696 512 ) 
4 356 365 0 (1432 696 440 ) (1720 696 440 ) (1720 688 440 ) (1432 688 440 ) 
4 356 367 0 (1408 688 440 ) (1408 696 440 ) (1432 696 440 ) (1432 688 440 ) 
5 356 359 0 (1408 688 440 ) (1720 688 440 ) (1920 688 640 ) (1840 688 720 ) (1408 688 720 ) 
4 356 358 0 (1824 688 736 ) (1600 688 960 ) (1408 688 960 ) (1408 688 736 ) 
4 357 358 2 (2040 688 960 ) (2040 688 736 ) (2040 680 736 ) (2040 680 960 ) 
4 358 485 0 (1408 672 736 ) (1408 672 960 ) (1408 688 960 ) (1408 688 736 ) 
4 358 395 0 (2032 672 736 ) (2040 672 736 ) (2040 672 768 ) (2032 672 768 ) 
4 358 394 0 (2040 672 768 ) (2040 672 960 ) (2032 672 960 ) (2032 672 768 ) 
4 358 396 0 (1408 672 960 ) (1408 672 736 ) (2032 672 736 ) (2032 672 960 ) 
4 359 487 0 (1408 672 512 ) (1408 672 672 ) (1408 688 720 ) (1408 688 512 ) 
4 359 365 0 (1720 672 440 ) (1432 672 440 ) (1432 688 440 ) (1720 688 440 ) 
4 359 367 0 (1432 672 440 ) (1408 672 440 ) (1408 688 440 ) (1432 688 440 ) 
4 359 361 0 (1920 688 640 ) (2000 688 720 ) (1952 672 672 ) (1920 672 640 ) 
4 360 361 2 (2040 688 520 ) (2040 680 520 ) (2040 680 696 ) (2040 688 720 ) 
4 362 370 0 (1753 705 416 ) (1753 968 416 ) (2048 968 416 ) (2048 705 416 ) 
5 362 369 0 (1753 968 416 ) (1753 985 416 ) (1792 1024 416 ) (2048 1024 416 ) (2048 968 416 ) 
3 362 368 0 (1753 985 416 ) (1753 1024 416 ) (1792 1024 416 ) 
4 363 379 0 (1465 1024 416 ) (1727 1024 416 ) (1727 985 416 ) (1465 985 416 ) 
4 364 386 0 (1432 960 416 ) (1432 976 416 ) (1440 976 416 ) (1440 960 416 ) 
4 364 382 0 (1432 976 416 ) (1432 1024 416 ) (1440 1024 416 ) (1440 976 416 ) 
4 364 366 0 (1432 960 432 ) (1432 960 416 ) (1440 960 416 ) (1440 960 432 ) 
5 364 367 0 (1432 1024 416 ) (1432 960 416 ) (1432 960 432 ) (1432 968 440 ) (1432 1024 440 ) 
4 365 366 0 (1432 672 432 ) (1432 944 432 ) (1712 944 432 ) (1712 672 432 ) 
4 365 367 0 (1432 672 432 ) (1432 672 440 ) (1432 952 440 ) (1432 944 432 ) 
4 366 391 0 (1696 736 416 ) (1696 768 416 ) (1728 768 416 ) (1728 736 416 ) 
4 366 390 0 (1696 768 416 ) (1696 896 416 ) (1728 896 416 ) (1728 768 416 ) 
4 366 389 0 (1696 896 416 ) (1696 928 416 ) (1728 928 416 ) (1728 896 416 ) 
4 366 392 0 (1728 672 416 ) (1696 672 416 ) (1696 736 416 ) (1728 736 416 ) 
4 366 388 0 (1696 928 416 ) (1696 960 416 ) (1728 960 416 ) (1728 928 416 ) 
4 366 393 0 (1696 672 416 ) (1432 672 416 ) (1432 960 416 ) (1696 960 416 ) 
4 366 367 0 (1432 960 416 ) (1432 672 416 ) (1432 672 432 ) (1432 960 432 ) 
4 367 393 0 (1432 672 416 ) (1408 672 416 ) (1408 960 416 ) (1432 960 416 ) 
4 367 386 0 (1408 960 416 ) (1408 976 416 ) (1432 976 416 ) (1432 960 416 ) 
4 367 382 0 (1408 976 416 ) (1408 1024 416 ) (1432 1024 416 ) (1432 976 416 ) 
4 368 381 0 (1744 976 416 ) (1744 979 416 ) (1744 979 392 ) (1744 976 392 ) 
4 368 379 0 (1744 979 416 ) (1744 1024 416 ) (1744 1024 392 ) (1744 979 392 ) 
4 368 372 0 (1744 976 392 ) (1744 1024 392 ) (1776 1024 392 ) (1776 1008 392 ) 
3 368 371 0 (1776 1024 392 ) (1792 1024 392 ) (1776 1008 392 ) 
4 368 369 0 (1748 980 392 ) (1792 1024 392 ) (1791.998169 1024 416 ) (1748 980 416 ) 
5 369 372 0 (1748 980 392 ) (1776 1008 392 ) (1776 968 392 ) (1752 968 392 ) (1748 972 392 ) 
5 369 371 0 (1776 1008 392 ) (1792 1024 392 ) (2048 1024 392 ) (2048 968 392 ) (1776 968 392 ) 
4 369 370 0 (1752 968 392 ) (2048 968 392 ) (2048 968 416 ) (1752 968 416 ) 
4 370 375 0 (1776 768 392 ) (1776 736 392 ) (1748 736 392 ) (1748 768 392 ) 
4 370 374 0 (1776 896 392 ) (1776 768 392 ) (1748 768 392 ) (1748 896 392 ) 
4 370 373 0 (1776 928 392 ) (1776 896 392 ) (1748 896 392 ) (1748 928 392 ) 
4 370 372 0 (1748 968 392 ) (1776 968 392 ) (1776 928 392 ) (1748 928 392 ) 
4 370 376 0 (1776 736 392 ) (1776 700 392 ) (1748 700 392 ) (1748 736 392 ) 
4 370 371 0 (1776 968 392 ) (2048 968 392 ) (2048 700 392 ) (1776 700 392 ) 
4 371 377 0 (1824 696 192 ) (2016 696 192 ) (2016 696 337 ) (1824 696 337 ) 
4 371 375 0 (1776 736 224 ) (1776 736 392 ) (1776 768 392 ) (1776 768 224 ) 
4 371 374 0 (1776 768 208 ) (1776 768 392 ) (1776 896 392 ) (1776 896 208 ) 
4 371 373 0 (1776 896 224 ) (1776 896 392 ) (1776 928 392 ) (1776 928 224 ) 
4 371 372 0 (1776 1024 192 ) (1776 928 192 ) (1776 928 392 ) (1776 1024 392 ) 
4 371 376 0 (1776 736 192 ) (1776 696 192 ) (1776 696 392 ) (1776 736 392 ) 
4 372 383 0 (1744 1024 192 ) (1744 976 192 ) (1744 976 392 ) (1744 1024 392 ) 
4 372 373 0 (1776 928 224 ) (1776 928 392 ) (1744 928 392 ) (1744 928 224 ) 
4 373 374 0 (1776 896 224 ) (1776 896 392 ) (1744 896 392 ) (1744 896 224 ) 
4 374 387 0 (1744 800 320 ) (1744 864 320 ) (1744 864 208 ) (1744 800 208 ) 
4 374 375 0 (1776 768 224 ) (1776 768 392 ) (1744 768 392 ) (1744 768 224 ) 
4 375 376 0 (1776 736 224 ) (1776 736 392 ) (1744 736 392 ) (1744 736 224 ) 
4 377 378 0 (1856 688 192 ) (1984 688 192 ) (1984 688 306 ) (1856 688 306 ) 
4 379 383 0 (1460 1024 392 ) (1744 1024 392 ) (1744 979 392 ) (1460 979 392 ) 
4 379 381 0 (1741 979 392 ) (1744 979 392 ) (1744 979 416 ) (1741 979 416 ) 
4 379 380 0 (1460 980 392 ) (1460 979 392 ) (1460 979 416 ) (1460 980 416 ) 
3 380 383 0 (1460 980 392 ) (1460 979 392 ) (1459 979 392 ) 
3 381 383 0 (1744 976 392 ) (1741 979 392 ) (1744 979 392 ) 
4 382 386 0 (1440 976 416 ) (1408 976 416 ) (1408 976 392 ) (1440 976 392 ) 
4 382 384 0 (1440 976 392 ) (1408 976 392 ) (1408 1024 392 ) (1440 1024 392 ) 
4 383 385 0 (1616 976 256 ) (1616 976 352 ) (1520 976 352 ) (1520 976 256 ) 
4 384 386 0 (1408 976 192 ) (1440 976 192 ) (1440 976 392 ) (1408 976 392 ) 
4 385 393 0 (1616 960 256 ) (1616 960 352 ) (1520 960 352 ) (1520 960 256 ) 
4 386 393 0 (1408 960 192 ) (1440 960 192 ) (1440 960 416 ) (1408 960 416 ) 
4 387 390 0 (1728 800 320 ) (1728 864 320 ) (1728 864 208 ) (1728 800 208 ) 
4 388 389 0 (1696 928 416 ) (1696 928 224 ) (1728 928 224 ) (1728 928 416 ) 
4 388 393 0 (1696 960 416 ) (1696 960 192 ) (1696 928 192 ) (1696 928 416 ) 
4 389 390 0 (1696 896 416 ) (1696 896 224 ) (1728 896 224 ) (1728 896 416 ) 
4 389 393 0 (1696 896 224 ) (1696 896 416 ) (1696 928 416 ) (1696 928 224 ) 
4 390 391 0 (1696 768 416 ) (1696 768 224 ) (1728 768 224 ) (1728 768 416 ) 
4 390 393 0 (1696 768 208 ) (1696 768 416 ) (1696 896 416 ) (1696 896 208 ) 
4 391 392 0 (1696 736 416 ) (1696 736 224 ) (1728 736 224 ) (1728 736 416 ) 
4 391 393 0 (1696 736 224 ) (1696 736 416 ) (1696 768 416 ) (1696 768 224 ) 
4 392 393 0 (1696 736 192 ) (1696 672 192 ) (1696 672 416 ) (1696 736 416 ) 
5 393 477 0 (1408 880 192 ) (1408 784 192 ) (1408 784 336 ) (1408 832 352 ) (1408 880 336 ) 
4 393 406 0 (1568 672 235 ) (1568 672 259 ) (1504 672 259 ) (1504 672 235 ) 
4 393 403 0 (1568 672 200.333313 ) (1568 672 235 ) (1504 672 235 ) (1504 672 200.333313 ) 
4 393 400 0 (1568 672 259 ) (1568 672 304 ) (1504 672 304 ) (1504 672 259 ) 
4 393 399 0 (1504 672 192 ) (1568 672 192 ) (1568 672 200.333313 ) (1504 672 200.333313 ) 
4 394 397 0 (2040 632 768 ) (2040 632 960 ) (2032 632 960 ) (2032 632 768 ) 
3 394 395 0 (2032 664 768 ) (2032 672 768 ) (2040 672 768 ) 
4 394 396 0 (2032 632 768 ) (2032 632 960 ) (2032 672 960 ) (2032 672 768 ) 
4 395 396 0 (2032 672 736 ) (2032 664 736 ) (2032 664 768 ) (2032 672 768 ) 
4 396 485 0 (1408 632 960 ) (1408 672 960 ) (1408 672 736 ) (1408 632 736 ) 
4 396 397 0 (1408 632 736 ) (2032 632 736 ) (2032 632 960 ) (1408 632 960 ) 
4 397 493 0 (1408 256 736 ) (1408 192 736 ) (1408 192 944 ) (1408 256 944 ) 
4 397 490 0 (1408 272 944 ) (1408 272 736 ) (1408 256 736 ) (1408 256 944 ) 
4 397 488 0 (1408 192 960 ) (1408 272 960 ) (1408 272 944 ) (1408 192 944 ) 
4 397 485 0 (1408 272 960 ) (1408 632 960 ) (1408 632 736 ) (1408 272 736 ) 
4 398 445 0 (1552 640 208 ) (1504 640 208 ) (1504 640 205 ) (1552 640 205 ) 
4 398 444 0 (1568 640 205 ) (1568 640 208 ) (1552 640 208 ) (1552 640 205 ) 
4 398 443 0 (1568 640 208 ) (1568 640 235 ) (1504 640 235 ) (1504 640 208 ) 
4 398 453 0 (1504 640 192 ) (1568 640 192 ) (1568 640 205 ) (1504 640 205 ) 
4 398 434 0 (1506 652 199 ) (1566 652 199 ) (1566 653 196 ) (1506 653 196 ) 
4 398 430 0 (1504 652 199 ) (1504 651.199890 201.399963 ) (1568 651.199890 201.399963 ) (1568 652 199 ) 
4 398 418 0 (1530 640 235 ) (1568 640 235 ) (1568 651.199890 201.399963 ) (1552.399780 651.199890 201.399963 ) 
5 398 407 0 (1504 651.199890 201.399963 ) (1504 640 235 ) (1530 640 235 ) (1536 643 226 ) (1519.600342 651.199890 201.399963 ) 
3 398 406 0 (1536 643 226 ) (1552.399780 651.199890 201.399963 ) (1519.600342 651.199890 201.399963 ) 
4 398 401 0 (1504 653.599854 194.199936 ) (1504 653 196 ) (1568 653 196 ) (1568 653.599854 194.199936 ) 
4 398 399 0 (1568 654.333130 192 ) (1504 654.333130 192 ) (1504 653.599854 194.199936 ) (1568 653.599854 194.199936 ) 
4 399 434 0 (1506 656.001953 195 ) (1566 656.001953 195 ) (1566 659 195.998505 ) (1506 659 195.998489 ) 
4 399 403 0 (1504 672 200.331955 ) (1504 659 195.998489 ) (1568 659 195.998505 ) (1568 672 200.332031 ) 
4 399 401 0 (1504 656.001953 195 ) (1504 653.599609 194.198563 ) (1568 653.599609 194.198563 ) (1568 656.001953 195 ) 
4 400 440 0 (1506 660 295 ) (1566 660 295 ) (1566 659 298 ) (1506 659 298 ) 
4 400 438 0 (1504 660 295 ) (1504 660.799866 292.599945 ) (1568 660.799988 292.599976 ) (1568 660 295 ) 
4 400 435 0 (1504 660.799866 292.599945 ) (1504 662 289 ) (1568 662 289 ) (1568 660.799988 292.599976 ) 
4 400 406 0 (1504 662 289 ) (1504 672 259 ) (1568 672 259 ) (1568 662 289 ) 
4 400 402 0 (1504 657 304 ) (1504 659 298 ) (1568 659 298 ) (1568 657 304 ) 
4 401 434 0 (1566 655.996155 195.002594 ) (1506 655.996155 195.002594 ) (1506 653.007812 196.001312 ) (1566 653.007812 196.001312 ) 
4 402 440 0 (1506 659.003235 297.996307 ) (1566 659.003235 297.996307 ) (1566 655.996094 298.998688 ) (1506 655.996094 298.998688 ) 
4 402 404 0 (1568 655.996094 298.998688 ) (1568 640.992126 304 ) (1504 640.992126 304 ) (1504 655.996094 298.998688 ) 
4 403 434 0 (1506 659 196 ) (1566 659 196 ) (1566 660 198.998993 ) (1506 660 198.998993 ) 
4 403 429 0 (1568 660 198.998993 ) (1568 662 205 ) (1504 662 205 ) (1504 660 198.998993 ) 
4 403 406 0 (1568 662 205 ) (1568 672 234.997192 ) (1504 672 234.997192 ) (1504 662 205 ) 
4 404 442 0 (1568 640 304 ) (1504 640 304 ) (1504 640 293.666687 ) (1568 640 293.666687 ) 
4 404 440 0 (1506 655.995483 299 ) (1566 655.995483 299 ) (1566 653 298.002167 ) (1506 653 298.002167 ) 
4 404 405 0 (1568 653 298.002167 ) (1568 640 293.668610 ) (1504 640 293.668610 ) (1504 653 298.002167 ) 
4 405 442 0 (1504 640 293.666687 ) (1504 640 259 ) (1568 640 259 ) (1568 640 293.666687 ) 
4 405 440 0 (1506 653.001648 298.001038 ) (1566 653.001648 298.001038 ) (1566 652 294.997986 ) (1506 652 294.997986 ) 
4 405 439 0 (1568 652 294.997986 ) (1568 651.201172 292.599609 ) (1504 651.201172 292.599609 ) (1504 652 294.997986 ) 
4 405 418 0 (1568 651.201172 292.599609 ) (1568 640 258.996796 ) (1530 640 258.996796 ) (1552.402344 651.201172 292.599609 ) 
5 405 407 0 (1530 640 258.996796 ) (1504 640 258.996796 ) (1504 651.201172 292.599609 ) (1519.597534 651.201172 292.599609 ) (1536 643 267.996582 ) 
3 405 406 0 (1519.597534 651.201172 292.599609 ) (1552.402344 651.201172 292.599609 ) (1536 643 267.996582 ) 
4 406 440 0 (1510.003784 655.998047 291 ) (1515.998901 653 291.998535 ) (1556 653 291.998566 ) (1561.996216 655.998047 291 ) 
4 406 439 0 (1515.998901 653 291.998535 ) (1519.603882 651.197998 292.599365 ) (1552.396118 651.197998 292.599365 ) (1556 653 291.998566 ) 
6 406 435 0 (1568 662 288.998566 ) (1504 662 288.998566 ) (1504 659 289.998718 ) (1510.003784 655.998047 291 ) (1561.996216 655.998047 291 ) (1568 659 289.998718 ) 
4 406 434 0 (1562.007935 656.003906 202.998703 ) (1555.998047 652.998962 201.997055 ) (1516.001831 652.998962 201.997055 ) (1509.991943 656.003906 202.998703 ) 
4 406 431 0 (1566.801514 658.400757 203.797653 ) (1562.007935 656.003906 202.998703 ) (1509.991943 656.003906 202.998703 ) (1505.198242 658.400757 203.797653 ) 
4 406 430 0 (1555.998047 652.998962 201.997055 ) (1552.401733 651.200806 201.397659 ) (1519.598267 651.200806 201.397659 ) (1516.001831 652.998962 201.997055 ) 
6 406 429 0 (1504 662 204.997070 ) (1568 662 204.997070 ) (1568 659 203.997391 ) (1566.801514 658.400757 203.797653 ) (1505.198242 658.400757 203.797653 ) (1504 659 203.997360 ) 
4 406 428 0 (1566 658 203.673996 ) (1568 659 204.007309 ) (1568 659 212 ) (1566 658 212 ) 
4 406 426 0 (1568 659 232 ) (1568 659 240 ) (1566 658 240 ) (1566 658 232 ) 
4 406 424 0 (1568 659 256 ) (1568 659 264 ) (1566 658 264 ) (1566 658 256 ) 
4 406 421 0 (1568 659 284 ) (1568 659 289.997406 ) (1566 658 290.330719 ) (1566 658 284 ) 
4 406 419 0 (1562 656 203.007294 ) (1566 658 203.673996 ) (1566 658 290.330719 ) (1562 656 290.997406 ) 
6 406 418 0 (1552.395630 651.197815 201.406540 ) (1562 656 203.007294 ) (1562 656 290.997406 ) (1552.398438 651.199219 292.597656 ) (1536 643 267.998840 ) (1536 643 226 ) 
4 406 416 0 (1504 659 204.006073 ) (1506 658 203.672729 ) (1506 658 212 ) (1504 659 212 ) 
4 406 415 0 (1506 658 232 ) (1506 658 240 ) (1504 659 240 ) (1504 659 232 ) 
4 406 412 0 (1506 658 256 ) (1506 658 264 ) (1504 659 264 ) (1504 659 256 ) 
4 406 411 0 (1506 658 284 ) (1506 658 290.333466 ) (1504 659 290 ) (1504 659 284 ) 
4 406 408 0 (1506 658 203.672729 ) (1510 656 203.006073 ) (1510 656 291 ) (1506 658 290.333466 ) 
6 406 407 0 (1510 656 203.006073 ) (1519.603760 651.198120 201.405426 ) (1536.004883 642.997559 226.007324 ) (1536.004883 642.997559 267.992554 ) (1519.599854 651.200073 292.600037 ) (1510 656 291 ) 
4 407 442 0 (1504 640 259 ) (1504 640 240 ) (1530 640 240 ) (1530 640 259 ) 
4 407 443 0 (1504 640 240 ) (1504 640 235 ) (1530 640 235 ) (1530 640 240 ) 
4 407 440 0 (1506 653 291.998657 ) (1515.998901 653 291.998566 ) (1510 656 290.998718 ) (1506 654 291.665344 ) 
4 407 439 0 (1504 653 291.998688 ) (1504 651.197998 292.599365 ) (1519.603882 651.197998 292.599365 ) (1515.998901 653 291.998566 ) 
4 407 434 0 (1506 654 202.330719 ) (1510 656 202.997375 ) (1516.001831 653 201.997055 ) (1506 653 201.997330 ) 
4 407 430 0 (1519.598267 651.200806 201.397659 ) (1504 651.200806 201.397659 ) (1504 653 201.997391 ) (1516.001831 653 201.997055 ) 
4 407 418 0 (1536 643 267.998840 ) (1530 640 258.998322 ) (1530 640 235 ) (1536 643 226 ) 
4 407 417 0 (1506 654 202.332520 ) (1504 653 202 ) (1504 653 212 ) (1506 654 212 ) 
4 407 414 0 (1504 653 232 ) (1504 653 240 ) (1506 654 240 ) (1506 654 232 ) 
4 407 413 0 (1504 653 256 ) (1504 653 264 ) (1506 654 264 ) (1506 654 256 ) 
4 407 410 0 (1504 653 284 ) (1504 653 292.005096 ) (1506 654 291.671722 ) (1506 654 284 ) 
4 407 409 0 (1507.600098 654.800049 202.599197 ) (1506 654 202.332520 ) (1506 654 291.671722 ) (1507.600098 654.800049 291.404999 ) 
4 407 408 0 (1510.004883 656.002441 291.004120 ) (1510.004883 656.002441 203 ) (1507.600098 654.800049 202.599197 ) (1507.600098 654.800049 291.404999 ) 
3 408 440 0 (1507.599976 654.800049 291.398682 ) (1509.996094 655.998108 291 ) (1507 655.998047 291 ) 
4 408 435 0 (1509.996094 655.998108 291 ) (1510 656 290.998718 ) (1506 658 290.332062 ) (1507 655.998047 291 ) 
4 408 434 0 (1509.991943 656.003906 202.998688 ) (1510 656 202.997375 ) (1507.599976 654.799988 202.597397 ) (1506.998047 656.003906 202.998703 ) 
3 408 431 0 (1506 658 203.664017 ) (1509.991943 656.003906 202.998688 ) (1506.998047 656.003906 202.998703 ) 
4 408 416 0 (1505.998169 658.003601 212 ) (1505.998169 658.003601 203.671875 ) (1507 656 202.998062 ) (1507 656 212 ) 
4 408 415 0 (1505.998169 658.003601 240 ) (1505.998169 658.003601 232 ) (1506.473389 657.053101 232 ) (1506.473389 657.053101 240 ) 
4 408 414 0 (1506.473389 657.053101 232 ) (1507 656 232 ) (1507 656 240 ) (1506.473389 657.053101 240 ) 
4 408 412 0 (1505.998169 658.003601 264 ) (1505.998169 658.003601 256 ) (1507 656 256 ) (1507 656 264 ) 
4 408 411 0 (1505.998169 658.003601 290.326080 ) (1505.998169 658.003601 284 ) (1506.473389 657.053101 284 ) (1506.473389 657.053101 290.644714 ) 
4 408 410 0 (1507 656 284 ) (1507 656 290.997772 ) (1506.473389 657.053101 290.644714 ) (1506.473389 657.053101 284 ) 
4 408 409 0 (1507 656 202.998062 ) (1507.601196 654.797729 202.593750 ) (1507.601196 654.797729 291.400787 ) (1507 656 290.997772 ) 
3 409 440 0 (1506 654 291.665344 ) (1507.599976 654.800049 291.398682 ) (1507 656 290.998688 ) 
3 409 434 0 (1507 656 202.997391 ) (1507.599976 654.799988 202.597397 ) (1506 654 202.330734 ) 
4 409 417 0 (1506.469482 654.938843 202.651108 ) (1506.001099 654.002136 202.343750 ) (1506.001099 654.002136 212 ) (1506.469482 654.938843 212 ) 
4 409 416 0 (1507.001099 656.002075 212 ) (1507.001099 656.002075 203 ) (1506.469482 654.938843 202.651108 ) (1506.469482 654.938843 212 ) 
4 409 414 0 (1507.001099 656.002075 240 ) (1507.001099 656.002075 232 ) (1506.001099 654.002136 232 ) (1506.001099 654.002136 240 ) 
4 409 413 0 (1506.469482 654.938843 256 ) (1506.001099 654.002136 256 ) (1506.001099 654.002136 264 ) (1506.469482 654.938843 264 ) 
4 409 412 0 (1507.001099 656.002075 264 ) (1507.001099 656.002075 256 ) (1506.469482 654.938843 256 ) (1506.469482 654.938843 264 ) 
4 409 410 0 (1507.001099 656.002075 291.004120 ) (1507.001099 656.002075 284 ) (1506.001099 654.002136 284 ) (1506.001099 654.002136 291.665955 ) 
3 410 440 0 (1506 654 291.665344 ) (1507 655.998047 291 ) (1506 655.998047 291 ) 
4 410 435 0 (1507 655.998047 291 ) (1507 656 290.998688 ) (1506.473511 657.053162 290.647644 ) (1505.414795 655.998047 291 ) 
4 410 411 0 (1506.473633 657.052917 290.649353 ) (1506.473633 657.052917 284 ) (1505.414429 655.997314 284 ) (1505.414429 655.997314 291.001160 ) 
5 411 435 0 (1504 659 289.998718 ) (1504 657.416626 290.526489 ) (1505.414307 655.997620 291 ) (1506.473511 657.053162 290.647644 ) (1506 658 290.332062 ) 
4 412 413 0 (1505.415894 656 256 ) (1506.477295 654.933655 256 ) (1506.466309 654.944702 264 ) (1505.415649 655.998962 264 ) 
4 414 415 0 (1506.473633 657.052917 232 ) (1505.414429 655.997314 232 ) (1505.415283 655.996460 240 ) (1506.476562 657.053955 240 ) 
5 416 434 0 (1506.998047 656.003906 202.998703 ) (1507 656 202.997391 ) (1506.469482 654.938782 202.643661 ) (1506 655.409851 202.800690 ) (1506 656.003906 202.998703 ) 
6 416 431 0 (1504 657.416748 203.469635 ) (1504 658.400757 203.797653 ) (1505.198242 658.400757 203.797653 ) (1506 658 203.664017 ) (1506.998047 656.003906 202.998703 ) (1505.407959 656.003906 202.998703 ) 
3 416 429 0 (1504 658.400757 203.797653 ) (1504 659 203.997360 ) (1505.198242 658.400757 203.797653 ) 
4 416 417 0 (1506.466309 654.944702 202.651276 ) (1506.466309 654.944702 212 ) (1505.415649 655.998962 212 ) (1505.415649 655.998962 203.002121 ) 
3 417 434 0 (1506 655.409912 202.800705 ) (1506.469482 654.938782 202.643661 ) (1506 654 202.330734 ) 
4 418 442 0 (1568 640 240 ) (1568 640 259 ) (1530 640 259 ) (1530 640 240 ) 
4 418 443 0 (1530 640 235 ) (1568 640 235 ) (1568 640 240 ) (1530 640 240 ) 
4 418 440 0 (1566 654 291.665375 ) (1562 656 290.998718 ) (1556 653 291.998566 ) (1566 653 291.998688 ) 
4 418 439 0 (1552.396118 651.197998 292.599365 ) (1568 651.197998 292.599365 ) (1568 653 291.998718 ) (1556 653 291.998566 ) 
4 418 434 0 (1566 653 201.997330 ) (1555.998047 653 201.997055 ) (1562 656 202.997391 ) (1566 654 202.330719 ) 
4 418 430 0 (1568 653 201.997391 ) (1568 651.200806 201.397659 ) (1552.401733 651.200806 201.397659 ) (1555.998047 653 201.997055 ) 
4 418 427 0 (1568 653 202 ) (1566 654 202.333908 ) (1566 654 212 ) (1568 653 212 ) 
4 418 425 0 (1566 654 232 ) (1566 654 240 ) (1568 653 240 ) (1568 653 232 ) 
4 418 423 0 (1566 654 256 ) (1566 654 264 ) (1568 653 264 ) (1568 653 256 ) 
4 418 422 0 (1566 654 284 ) (1566 654 291.666656 ) (1568 653 292 ) (1568 653 284 ) 
4 418 420 0 (1566 654 202.333908 ) (1564.400146 654.799927 202.600540 ) (1564.400146 654.799927 291.400024 ) (1566 654 291.666656 ) 
4 418 419 0 (1564.400146 654.799927 202.600540 ) (1562.003418 655.998291 203 ) (1562.003418 655.998291 291 ) (1564.400146 654.799927 291.400024 ) 
3 419 440 0 (1562.003784 655.998108 291 ) (1564.400024 654.799927 291.398712 ) (1565 655.998047 291 ) 
4 419 435 0 (1566 658 290.332031 ) (1562 656 290.998718 ) (1562.003784 655.998108 291 ) (1565 655.998047 291 ) 
4 419 434 0 (1564.400146 654.799927 202.597382 ) (1562 656 202.997391 ) (1562.007812 656.003906 202.998688 ) (1565.002075 656.003906 202.998718 ) 
3 419 431 0 (1562.007812 656.003906 202.998688 ) (1566 658 203.664078 ) (1565.002075 656.003906 202.998718 ) 
4 419 428 0 (1565.530640 657.061157 203.358093 ) (1566 658 203.671875 ) (1566 658 212 ) (1565.530640 657.061157 212 ) 
4 419 427 0 (1565 656 203.003479 ) (1565.530640 657.061157 203.358093 ) (1565.530640 657.061157 212 ) (1565 656 212 ) 
4 419 426 0 (1566 658 232 ) (1566 658 240 ) (1565.530640 657.061157 240 ) (1565.530640 657.061157 232 ) 
4 419 425 0 (1565 656 240 ) (1565 656 232 ) (1565.530640 657.061157 232 ) (1565.530640 657.061157 240 ) 
4 419 424 0 (1566 658 256 ) (1566 658 264 ) (1565.530640 657.061157 264 ) (1565.530640 657.061157 256 ) 
4 419 423 0 (1565.530640 657.061157 264 ) (1565 656 264 ) (1565 656 256 ) (1565.530640 657.061157 256 ) 
4 419 421 0 (1566 658 284 ) (1566 658 290.333282 ) (1565 656 291 ) (1565 656 284 ) 
4 419 420 0 (1564.398560 654.797119 291.401581 ) (1564.398560 654.797119 202.601562 ) (1565 656 203.003479 ) (1565 656 291 ) 
3 420 440 0 (1565 656 290.998749 ) (1564.400024 654.799927 291.398712 ) (1566 654 291.665375 ) 
3 420 434 0 (1566 654 202.330750 ) (1564.400146 654.799927 202.597382 ) (1565 656 202.997314 ) 
4 420 427 0 (1566 653.998108 212 ) (1566 653.998108 202.335938 ) (1565.001709 655.996582 203 ) (1565.001709 655.996582 212 ) 
4 420 425 0 (1566 653.998108 240 ) (1566 653.998108 232 ) (1565.001709 655.996582 232 ) (1565.001709 655.996582 240 ) 
4 420 423 0 (1566 653.998108 264 ) (1566 653.998108 256 ) (1565.001709 655.996582 256 ) (1565.001709 655.996582 264 ) 
4 420 422 0 (1566 653.998108 291.666565 ) (1566 653.998108 284 ) (1565.526489 654.946838 284 ) (1565.526489 654.946838 291.350677 ) 
4 420 421 0 (1565.001709 655.996582 284 ) (1565.001709 655.996582 291.001160 ) (1565.526489 654.946838 291.350677 ) (1565.526489 654.946838 284 ) 
4 421 440 0 (1565 655.998047 291 ) (1565.526489 654.946777 291.349762 ) (1566 655.418701 291.192444 ) (1566 655.998047 291 ) 
6 421 435 0 (1568 657.411865 290.528076 ) (1568 659 289.998718 ) (1566 658 290.332031 ) (1565 656 290.998749 ) (1565 655.998047 291 ) (1566.581299 655.998047 291 ) 
4 421 422 0 (1565.527344 654.947205 291.351044 ) (1565.527344 654.947205 284 ) (1566.585938 656.002258 284 ) (1566.585938 656.002258 291 ) 
3 422 440 0 (1566 655.418701 291.192474 ) (1565.526489 654.946777 291.349762 ) (1566 654 291.665375 ) 
4 423 424 0 (1566.583130 656 256 ) (1565.526978 657.059570 256 ) (1565.529297 657.058533 264 ) (1566.583740 656 264 ) 
4 425 426 0 (1566.583130 656 232 ) (1565.526978 657.059570 232 ) (1565.527710 657.059204 240 ) (1566.583252 656 240 ) 
4 427 434 0 (1566 654 202.330750 ) (1565 656 202.997314 ) (1565.002075 656.003906 202.998703 ) (1566 656.003967 202.998703 ) 
3 427 431 0 (1565.002075 656.003906 202.998703 ) (1565.530640 657.061157 203.351120 ) (1566.584229 656.003967 202.998703 ) 
4 427 428 0 (1565.529297 657.058533 203.347809 ) (1565.529297 657.058533 212 ) (1566.583740 656 212 ) (1566.583740 656 202.996078 ) 
6 428 431 0 (1568 658.400757 203.797638 ) (1568 657.411865 203.468002 ) (1566.585693 656.002441 202.998215 ) (1565.530640 657.061157 203.351120 ) (1566 658 203.664078 ) (1566.801514 658.400757 203.797638 ) 
3 428 429 0 (1568 659 203.997391 ) (1568 658.400757 203.797638 ) (1566.801514 658.400757 203.797638 ) 
4 429 434 0 (1506 660 199 ) (1566 660 199 ) (1566 658.998840 202 ) (1506 658.998840 202 ) 
4 429 431 0 (1568 658.998840 202 ) (1568 658.398193 203.801590 ) (1504 658.398193 203.801590 ) (1504 658.998840 202 ) 
4 430 434 0 (1506 653.002869 202.002701 ) (1566 653.002869 202.002701 ) (1566 652 198.997025 ) (1506 652 198.997025 ) 
4 431 434 0 (1566 656 203 ) (1506 656 203 ) (1506 658.997986 202 ) (1566 658.997986 202 ) 
3 431 433 0 (1504 657.419312 202.527359 ) (1505.414062 656 203 ) (1504 657.419312 203.473099 ) 
3 431 432 0 (1566.585571 656.001831 203 ) (1568 657.411438 202.530731 ) (1568 657.411621 203.470520 ) 
4 435 440 0 (1506 655.997681 291.001831 ) (1566 655.997681 291.001831 ) (1566 659 292.002869 ) (1506 659 292.002838 ) 
4 435 438 0 (1568 660.799194 292.602203 ) (1504 660.799194 292.602203 ) (1504 659 292.002838 ) (1568 659 292.002869 ) 
3 435 437 0 (1568 657.411377 291.473083 ) (1566.578735 655.994995 291 ) (1568 657.411438 290.528809 ) 
3 435 436 0 (1504 657.419739 290.526794 ) (1505.426147 655.988403 291.003845 ) (1504 657.419373 291.480835 ) 
4 438 440 0 (1506 659.001404 292.004150 ) (1566 659.001404 292.004150 ) (1566 660 295 ) (1506 660 295 ) 
4 439 440 0 (1566 653 292.001190 ) (1506 653 292.001190 ) (1506 652 295 ) (1566 652 295 ) 
4 441 462 0 (1712 32 192 ) (1616 32 192 ) (1616 192 192 ) (1712 192 192 ) 
4 441 444 0 (1616 32 205 ) (1616 32 208 ) (1616 192 208 ) (1616 192 205 ) 
4 441 443 0 (1616 32 208 ) (1616 32 240 ) (1616 192 240 ) (1616 192 208 ) 
4 441 453 0 (1616 192 192 ) (1616 32 192 ) (1616 32 205 ) (1616 192 205 ) 
4 442 443 0 (1456 192 240 ) (1456 640 240 ) (1616 640 240 ) (1616 192 240 ) 
3 443 450 0 (1544 128 208 ) (1552 128 208 ) (1552 120 208 ) 
3 443 449 0 (1552 104 208 ) (1552 96 208 ) (1544 96 208 ) 
3 443 448 0 (1528 96 208 ) (1520 96 208 ) (1520 104 208 ) 
4 443 447 0 (1536 120 208 ) (1544 112 208 ) (1536 104 208 ) (1528 112 208 ) 
3 443 446 0 (1520 128 208 ) (1528 128 208 ) (1520 120 208 ) 
4 443 451 0 (1456 96 208 ) (1456 128 208 ) (1520 128 208 ) (1520 96 208 ) 
4 443 452 0 (1456 32 208 ) (1456 96 208 ) (1552 96 208 ) (1552 32 208 ) 
4 443 445 0 (1456 128 208 ) (1456 640 208 ) (1552 640 208 ) (1552 128 208 ) 
4 443 444 0 (1552 640 208 ) (1616 640 208 ) (1616 32 208 ) (1552 32 208 ) 
4 444 450 0 (1552 128 205 ) (1552 120 205 ) (1552 120 208 ) (1552 128 208 ) 
4 444 449 0 (1552 104 205 ) (1552 96 205 ) (1552 96 208 ) (1552 104 208 ) 
4 444 452 0 (1552 96 205 ) (1552 32 205 ) (1552 32 208 ) (1552 96 208 ) 
4 444 445 0 (1552 640 205 ) (1552 128 205 ) (1552 128 208 ) (1552 640 208 ) 
4 444 453 0 (1552 640 205 ) (1616 640 205 ) (1616 32 205 ) (1552 32 205 ) 
4 445 450 0 (1544 128 205 ) (1552 128 205 ) (1552 128 208 ) (1544 128 208 ) 
4 445 446 0 (1520 128 205 ) (1528 128 205 ) (1528 128 208 ) (1520 128 208 ) 
4 445 451 0 (1456 128 205 ) (1520 128 205 ) (1520 128 208 ) (1456 128 208 ) 
4 445 453 0 (1456 128 205 ) (1456 640 205 ) (1552 640 205 ) (1552 128 205 ) 
3 446 453 0 (1520 128 205 ) (1528 128 205 ) (1520 120 205 ) 
4 446 451 0 (1520 128 208 ) (1520 128 205 ) (1520 120 205 ) (1520 120 208 ) 
4 447 453 0 (1536 120 205 ) (1544 112 205 ) (1536 104 205 ) (1528 112 205 ) 
4 448 452 0 (1520 96 205 ) (1528 96 205 ) (1528 96 208 ) (1520 96 208 ) 
3 448 453 0 (1528 96 205 ) (1520 96 205 ) (1520 104 205 ) 
4 448 451 0 (1520 104 205 ) (1520 96 205 ) (1520 96 208 ) (1520 104 208 ) 
4 449 452 0 (1544 96 205 ) (1552 96 205 ) (1552 96 208 ) (1544 96 208 ) 
3 449 453 0 (1552 104 205 ) (1552 96 205 ) (1544 96 205 ) 
3 450 453 0 (1544 128 205 ) (1552 128 205 ) (1552 120 205 ) 
4 451 452 0 (1456 96 205 ) (1520 96 205 ) (1520 96 208 ) (1456 96 208 ) 
4 451 453 0 (1456 96 205 ) (1456 128 205 ) (1520 128 205 ) (1520 96 205 ) 
4 452 453 0 (1456 32 205 ) (1456 96 205 ) (1552 96 205 ) (1552 32 205 ) 
4 453 462 0 (1616 32 192 ) (1456 32 192 ) (1456 192 192 ) (1616 192 192 ) 
4 453 454 0 (1456 192 192 ) (1456 448 192 ) (1616 448 192 ) (1616 192 192 ) 
4 454 462 0 (1616 192 192 ) (1456 192 192 ) (1456 192 176 ) (1616 192 176 ) 
4 454 455 0 (1456 224 176 ) (1456 416 176 ) (1616 416 176 ) (1616 224 176 ) 
4 454 461 0 (1456 192 176 ) (1456 224 176 ) (1616 224 176 ) (1616 192 176 ) 
4 455 456 0 (1456 256 160 ) (1456 384 160 ) (1616 384 160 ) (1616 256 160 ) 
4 455 460 0 (1616 224 160 ) (1456 224 160 ) (1456 256 160 ) (1616 256 160 ) 
4 455 461 0 (1616 224 160 ) (1616 224 176 ) (1456 224 176 ) (1456 224 160 ) 
4 456 457 0 (1456 288 144 ) (1456 352 144 ) (1616 352 144 ) (1616 288 144 ) 
4 456 459 0 (1616 256 144 ) (1456 256 144 ) (1456 288 144 ) (1616 288 144 ) 
4 456 460 0 (1616 256 144 ) (1616 256 160 ) (1456 256 160 ) (1456 256 144 ) 
4 457 458 0 (1616 288 128 ) (1456 288 128 ) (1456 320 128 ) (1616 320 128 ) 
4 457 459 0 (1616 288 128 ) (1616 288 144 ) (1456 288 144 ) (1456 288 128 ) 
4 458 459 0 (1616 288 112 ) (1616 288 128 ) (1456 288 128 ) (1456 288 112 ) 
4 459 460 0 (1616 256 96 ) (1616 256 144 ) (1456 256 144 ) (1456 256 96 ) 
4 460 461 0 (1616 224 80 ) (1616 224 160 ) (1456 224 160 ) (1456 224 80 ) 
4 461 463 0 (1456 192 160 ) (1456 192 80 ) (1616 192 80 ) (1616 192 160 ) 
4 461 464 0 (1456 192 80 ) (1456 192 64 ) (1616 192 64 ) (1616 192 80 ) 
4 461 462 0 (1456 192 176 ) (1456 192 160 ) (1616 192 160 ) (1616 192 176 ) 
4 462 463 0 (1776 32 160 ) (1456 32 160 ) (1456 192 160 ) (1776 192 160 ) 
4 463 468 0 (1800 32 80 ) (1848 32 80 ) (1848 32 127 ) (1800 32 127 ) 
4 463 464 0 (2032 32 80 ) (1456 32 80 ) (1456 192 80 ) (2032 192 80 ) 
4 464 468 0 (1800 32 48 ) (1848 32 48 ) (1848 32 80 ) (1800 32 80 ) 
4 464 467 0 (1648 32 48 ) (1616 32 48 ) (1616 192 48 ) (1648 192 48 ) 
4 464 465 0 (2048 32 48 ) (1648 32 48 ) (1648 192 48 ) (2048 192 48 ) 
4 465 468 0 (1848 32 48 ) (1800 32 48 ) (1800 32 16 ) (1848 32 16 ) 
4 465 467 0 (1648 32 32 ) (1648 32 48 ) (1648 192 48 ) (1648 192 32 ) 
4 465 466 0 (2048 32 16 ) (1680 32 16 ) (1680 192 16 ) (2048 192 16 ) 
4 466 521 0 (1712 192 0 ) (1744 192 0 ) (1744 32 0 ) (1712 32 0 ) 
4 466 520 0 (1744 192 0 ) (2048 192 0 ) (2048 32 0 ) (1744 32 0 ) 
4 466 468 0 (1800 32 0 ) (1848 32 0 ) (1848 32 16 ) (1800 32 16 ) 
4 468 472 0 (1820 8 95 ) (1820 8 105 ) (1816 8 105 ) (1816 8 95 ) 
4 468 473 0 (1820 8 23 ) (1820 8 33 ) (1816 8 33 ) (1816 8 23 ) 
4 468 471 0 (1828 8 4 ) (1828 8 123 ) (1820 8 123 ) (1820 8 4 ) 
4 468 470 0 (1832 8 23 ) (1832 8 33 ) (1828 8 33 ) (1828 8 23 ) 
4 468 469 0 (1832 8 95 ) (1832 8 105 ) (1828 8 105 ) (1828 8 95 ) 
4 469 471 0 (1828 8 105 ) (1828 8 95 ) (1828 5 95 ) (1828 5 105 ) 
4 470 471 0 (1828 8 33 ) (1828 8 23 ) (1828 5 23 ) (1828 5 33 ) 
4 471 472 0 (1820 8 105 ) (1820 8 95 ) (1820 5 95 ) (1820 5 105 ) 
4 471 473 0 (1820 8 33 ) (1820 8 23 ) (1820 5 23 ) (1820 5 33 ) 
4 474 480 0 (1280 928 960 ) (1248 928 960 ) (1248 928 512 ) (1280 928 512 ) 
4 474 478 0 (1376 928 960 ) (1280 928 960 ) (1280 928 512 ) (1376 928 512 ) 
4 474 476 0 (1408 928 512 ) (1408 928 960 ) (1376 928 960 ) (1376 928 512 ) 
4 474 475 0 (1248 1024 960 ) (1248 1024 512 ) (1248 928 512 ) (1248 928 960 ) 
4 475 731 0 (1024 1024 768 ) (1024 1024 0 ) (1024 928 0 ) (1024 928 768 ) 
4 475 730 0 (1024 1024 960 ) (1024 1024 768 ) (1024 928 768 ) (1024 928 960 ) 
4 475 528 0 (1024 928 0 ) (1024 1024 0 ) (1248 1024 0 ) (1248 928 0 ) 
14 475 483 0 (1024 928 0 ) (1216 928 0 ) (1212 928 32 ) (1204 928 52 ) (1192 928 68 ) (1180 928 76 ) (1160 928 84 ) (1140 928 88 ) (1100 928 88 ) (1080 928 84 ) (1060 928 76 ) (1048 928 68 ) (1036 928 52 ) (1028 928 32 ) 
4 475 482 0 (1024 928 960 ) (1024 928 164 ) (1248 928 192 ) (1248 928 960 ) 
4 476 484 0 (1408 736 512 ) (1408 736 960 ) (1376 736 960 ) (1376 736 512 ) 
4 476 478 0 (1376 928 960 ) (1376 928 512 ) (1376 736 512 ) (1376 736 960 ) 
5 477 479 0 (1376 784 192 ) (1376 784 336 ) (1376 832 352 ) (1376 880 336 ) (1376 880 192 ) 
4 478 484 0 (1376 736 512 ) (1376 736 960 ) (1280 736 960 ) (1280 736 512 ) 
4 478 480 0 (1280 928 960 ) (1280 928 512 ) (1280 736 512 ) (1280 736 960 ) 
5 479 481 0 (1280 880 192 ) (1280 784 192 ) (1280 784 336 ) (1280 832 352 ) (1280 880 336 ) 
4 480 484 0 (1280 736 512 ) (1280 736 960 ) (1248 736 960 ) (1248 736 512 ) 
4 480 482 0 (1248 928 960 ) (1248 928 512 ) (1248 736 512 ) (1248 736 960 ) 
5 481 482 0 (1248 784 192 ) (1248 784 336 ) (1248 832 352 ) (1248 880 336 ) (1248 880 192 ) 
4 482 732 0 (1024 928 768 ) (1024 928 164 ) (1024 736 164 ) (1024 736 768 ) 
4 482 730 0 (1024 928 960 ) (1024 928 768 ) (1024 736 768 ) (1024 736 960 ) 
4 482 511 0 (1024 736 960 ) (1024 736 164 ) (1104 736 174 ) (1104 736 960 ) 
4 482 495 0 (1104 736 174 ) (1248 736 192 ) (1248 736 960 ) (1104 736 960 ) 
4 483 529 0 (1024 736 0 ) (1024 928 0 ) (1216 928 0 ) (1216 736 0 ) 
9 483 511 0 (1024 736 0 ) (1104 736 0 ) (1104 736 88 ) (1100 736 88 ) (1080 736 84 ) (1060 736 76 ) (1048 736 68 ) (1036 736 52 ) (1028 736 32 ) 
9 483 495 0 (1104 736 0 ) (1216 736 0 ) (1212 736 32 ) (1204 736 52 ) (1192 736 68 ) (1180 736 76 ) (1160 736 84 ) (1140 736 88 ) (1104 736 88 ) 
4 484 495 0 (1248 688 960 ) (1248 736 960 ) (1248 736 512 ) (1248 688 512 ) 
4 484 487 0 (1392 688 512 ) (1408 688 512 ) (1408 688 720 ) (1392 688 720 ) 
4 484 486 0 (1248 688 736 ) (1248 688 512 ) (1392 688 512 ) (1392 688 736 ) 
4 484 485 0 (1248 688 960 ) (1248 688 736 ) (1408 688 736 ) (1408 688 960 ) 
4 485 496 0 (1248 512 960 ) (1248 576 960 ) (1248 576 736 ) (1248 512 736 ) 
4 485 497 0 (1248 272 960 ) (1248 512 960 ) (1248 512 736 ) (1248 272 736 ) 
4 485 495 0 (1248 576 960 ) (1248 688 960 ) (1248 688 736 ) (1248 576 736 ) 
4 485 491 0 (1248 272 864 ) (1248 272 736 ) (1392 272 736 ) (1392 272 864 ) 
4 485 490 0 (1392 272 736 ) (1408 272 736 ) (1408 272 944 ) (1392 272 944 ) 
4 485 489 0 (1248 272 960 ) (1248 272 944 ) (1336 272 944 ) (1336 272 960 ) 
4 485 488 0 (1392 272 944 ) (1408 272 944 ) (1408 272 960 ) (1392 272 960 ) 
5 485 486 0 (1408 272 736 ) (1248 272 736 ) (1248 688 736 ) (1392 688 736 ) (1408 672 736 ) 
4 486 496 0 (1248 576 512 ) (1248 512 512 ) (1248 512 736 ) (1248 576 736 ) 
4 486 497 0 (1248 512 512 ) (1248 272 512 ) (1248 272 736 ) (1248 512 736 ) 
4 486 495 0 (1248 688 736 ) (1248 688 512 ) (1248 576 512 ) (1248 576 736 ) 
4 486 491 0 (1248 272 736 ) (1248 272 512 ) (1392 272 512 ) (1392 272 736 ) 
4 486 490 0 (1392 272 512 ) (1408 272 512 ) (1408 272 736 ) (1392 272 736 ) 
4 486 487 0 (1408 671.995300 512 ) (1391.995483 688 512 ) (1391.995483 688 720 ) (1408 671.995422 671.986328 ) 
4 488 493 0 (1408 192 944 ) (1392 192 944 ) (1392 256 944 ) (1408 256 944 ) 
4 488 490 0 (1392 256 944 ) (1392 272 944 ) (1408 272 944 ) (1408 256 944 ) 
4 489 498 0 (1248 216 960 ) (1248 272 960 ) (1248 272 944 ) (1248 216 944 ) 
4 490 493 0 (1408 256 512 ) (1408 256 944 ) (1392 256 944 ) (1392 256 512 ) 
3 490 492 0 (1392 256 816 ) (1392 256 864 ) (1392 272 864 ) 
4 490 491 0 (1392 256 512 ) (1392 256 816 ) (1392 272 864 ) (1392 272 512 ) 
4 491 500 0 (1248 272 864 ) (1248 272 512 ) (1248 256 512 ) (1248 256 816 ) 
4 491 494 0 (1376 256 512 ) (1392 256 512 ) (1392 256 816 ) (1376 256 816 ) 
4 491 492 0 (1375.996826 256 815.990601 ) (1392 256 815.990601 ) (1392 272 863.990601 ) (1391.996826 272 863.990601 ) 
3 492 494 0 (1376 256 816 ) (1392 256 816 ) (1392 256 864 ) 
4 493 494 0 (1392 256 864 ) (1392 256 432 ) (1392 192 432 ) (1392 192 864 ) 
4 495 530 0 (1104 576 0 ) (1104 736 0 ) (1248 736 0 ) (1248 576 0 ) 
4 495 511 0 (1104 576 960 ) (1104 736 960 ) (1104 736 0 ) (1104 576 0 ) 
5 495 496 0 (1104 576 960 ) (1104 576 0 ) (1216 576 0 ) (1248 576 192 ) (1248 576 960 ) 
4 496 532 0 (1104 512 0 ) (1104 576 0 ) (1184 576 0 ) (1184 512 0 ) 
4 496 531 0 (1184 576 0 ) (1216 576 0 ) (1216 512 0 ) (1184 512 0 ) 
4 496 511 0 (1104 512 960 ) (1104 576 960 ) (1104 576 0 ) (1104 512 0 ) 
5 496 497 0 (1104 512 960 ) (1104 512 0 ) (1216 512 0 ) (1248 512 192 ) (1248 512 960 ) 
4 497 538 0 (1104 272 0 ) (1104 512 0 ) (1248 512 0 ) (1248 272 0 ) 
4 497 511 0 (1104 272 960 ) (1104 512 960 ) (1104 512 0 ) (1104 272 0 ) 
4 497 500 0 (1104 272 864 ) (1104 272 0 ) (1248 272 0 ) (1248 272 864 ) 
4 497 498 0 (1160 272 944 ) (1248 272 944 ) (1248 272 960 ) (1160 272 960 ) 
4 499 512 0 (1104 40 960 ) (1104 160 960 ) (1104 160 944 ) (1104 40 944 ) 
4 499 511 0 (1104 160 960 ) (1104 216 960 ) (1104 216 944 ) (1104 160 944 ) 
4 500 538 0 (1104 256 0 ) (1104 272 0 ) (1248 272 0 ) (1248 256 0 ) 
4 500 511 0 (1104 272 864 ) (1104 272 0 ) (1104 256 0 ) (1104 256 816 ) 
4 500 502 0 (1120 256 816 ) (1104 256 816 ) (1104 256 0 ) (1120 256 0 ) 
4 500 501 0 (1104 256 815.995239 ) (1120.001709 256 815.995239 ) (1104.001953 272 863.994324 ) (1104 272 863.994324 ) 
3 501 511 0 (1104 272 864 ) (1104 256 816 ) (1104 256 864 ) 
3 501 502 0 (1104 256 864 ) (1104 256 816 ) (1120 256 816 ) 
4 502 539 0 (1104 160 0 ) (1104 256 0 ) (1120 256 0 ) (1120 160 0 ) 
4 502 511 0 (1104 256 0 ) (1104 160 0 ) (1104 160 864 ) (1104 256 864 ) 
4 502 507 0 (1115 160 256 ) (1120 160 256 ) (1120 160 368 ) (1115 160 368 ) 
4 502 510 0 (1104 160 368 ) (1104 160 256 ) (1115 160 256 ) (1115 160 368 ) 
4 502 504 0 (1112 160 368 ) (1120 160 368 ) (1120 160 384 ) (1112 160 384 ) 
4 502 506 0 (1104 160 384 ) (1104 160 368 ) (1112 160 368 ) (1112 160 384 ) 
4 502 503 0 (1104 160 864 ) (1104 160 384 ) (1120 160 384 ) (1120 160 816 ) 
3 503 540 0 (1120 0 816 ) (1104 0 864 ) (1104 0 816 ) 
4 503 512 0 (1104 0 384 ) (1104 0 864 ) (1104 160 864 ) (1104 160 384 ) 
4 503 504 0 (1112 160 384 ) (1120 160 384 ) (1120 136 384 ) (1112 136 384 ) 
4 503 505 0 (1120 24 384 ) (1120 0 384 ) (1112 0 384 ) (1112 24 384 ) 
4 503 506 0 (1104 0 384 ) (1104 160 384 ) (1112 160 384 ) (1112 0 384 ) 
4 504 507 0 (1115 160 368 ) (1120 160 368 ) (1120 136 368 ) (1115 136 368 ) 
4 504 510 0 (1112 160 368 ) (1115 160 368 ) (1115 136 368 ) (1112 136 368 ) 
4 504 506 0 (1112 160 368 ) (1112 136 368 ) (1112 136 384 ) (1112 160 384 ) 
4 505 509 0 (1120 24 368 ) (1120 0 368 ) (1115 0 368 ) (1115 24 368 ) 
4 505 510 0 (1115 0 368 ) (1112 0 368 ) (1112 24 368 ) (1115 24 368 ) 
4 505 506 0 (1112 24 368 ) (1112 0 368 ) (1112 0 384 ) (1112 24 384 ) 
4 506 512 0 (1104 0 368 ) (1104 0 384 ) (1104 160 384 ) (1104 160 368 ) 
4 506 510 0 (1104 0 368 ) (1104 160 368 ) (1112 160 368 ) (1112 0 368 ) 
4 507 510 0 (1115 160 256 ) (1115 136 256 ) (1115 136 368 ) (1115 160 368 ) 
4 508 510 0 (1115 112 256 ) (1115 48 256 ) (1115 48 368 ) (1115 112 368 ) 
4 509 510 0 (1115 24 256 ) (1115 0 256 ) (1115 0 368 ) (1115 24 368 ) 
4 510 514 0 (1104 32 304 ) (1104 128 304 ) (1104 128 256 ) (1104 32 256 ) 
4 510 513 0 (1104 128 304 ) (1104 160 304 ) (1104 160 288 ) (1104 128 288 ) 
4 510 512 0 (1104 0 304 ) (1104 0 368 ) (1104 160 368 ) (1104 160 304 ) 
4 511 734 0 (1024 736 768 ) (1024 736 0 ) (1024 160 0 ) (1024 160 768 ) 
4 511 730 0 (1024 160 960 ) (1024 736 960 ) (1024 736 768 ) (1024 160 768 ) 
4 511 539 0 (1024 160 0 ) (1024 256 0 ) (1104 256 0 ) (1104 160 0 ) 
4 511 538 0 (1024 256 0 ) (1024 512 0 ) (1104 512 0 ) (1104 256 0 ) 
4 511 535 0 (1024 512 0 ) (1024 544 0 ) (1056 544 0 ) (1056 512 0 ) 
4 511 534 0 (1024 544 0 ) (1024 736 0 ) (1056 736 0 ) (1056 544 0 ) 
4 511 532 0 (1104 576 0 ) (1104 512 0 ) (1056 512 0 ) (1056 576 0 ) 
4 511 530 0 (1056 736 0 ) (1104 736 0 ) (1104 576 0 ) (1056 576 0 ) 
4 511 513 0 (1104 160 288 ) (1104 160 304 ) (1024 160 304 ) (1024 160 288 ) 
4 511 512 0 (1104 160 304 ) (1104 160 960 ) (1024 160 960 ) (1024 160 304 ) 
4 512 967 0 (1024 0 304 ) (1024 0 448 ) (1024 32 448 ) (1024 32 304 ) 
4 512 966 0 (1024 0 448 ) (1024 0 768 ) (1024 32 768 ) (1024 32 448 ) 
4 512 741 0 (1024 32 768 ) (1024 128 768 ) (1024 128 304 ) (1024 32 304 ) 
4 512 736 0 (1024 128 768 ) (1024 160 768 ) (1024 160 304 ) (1024 128 304 ) 
4 512 730 0 (1024 0 768 ) (1024 0 960 ) (1024 160 960 ) (1024 160 768 ) 
4 512 542 0 (1024 0 960 ) (1024 0 816 ) (1104 0 816 ) (1104 0 960 ) 
4 512 514 0 (1104 128 304 ) (1104 32 304 ) (1024 32 304 ) (1024 128 304 ) 
4 512 513 0 (1024 160 304 ) (1104 160 304 ) (1104 128 304 ) (1024 128 304 ) 
4 513 736 0 (1024 128 304 ) (1024 160 304 ) (1024 160 288 ) (1024 128 288 ) 
4 513 514 0 (1104 128 288 ) (1104 128 304 ) (1024 128 304 ) (1024 128 288 ) 
4 514 741 0 (1024 32 304 ) (1024 128 304 ) (1024 128 256 ) (1024 32 256 ) 
4 515 519 0 (1344 448 -224 ) (1408 448 -224 ) (1408 448 -128 ) (1344 448 -128 ) 
4 515 518 0 (1408 448 -128 ) (1408 448 -64 ) (1344 448 -64 ) (1344 448 -128 ) 
4 515 517 0 (1408 448 -224 ) (1472 448 -224 ) (1472 448 -64 ) (1408 448 -64 ) 
4 515 516 0 (1344 480 -224 ) (1344 448 -224 ) (1344 448 -64 ) (1344 480 -64 ) 
4 516 519 0 (1280 448 -224 ) (1344 448 -224 ) (1344 448 -128 ) (1280 448 -128 ) 
4 516 518 0 (1344 448 -128 ) (1344 448 -64 ) (1280 448 -64 ) (1280 448 -128 ) 
4 517 519 0 (1408 448 -128 ) (1408 448 -224 ) (1408 312 -224 ) (1408 312 -128 ) 
4 517 518 0 (1408 448 -64 ) (1408 448 -128 ) (1408 288 -128 ) (1408 288 -64 ) 
4 518 527 0 (1280 416 -128 ) (1280 352 -128 ) (1280 352 -112 ) (1280 416 -112 ) 
4 518 519 0 (1280 448 -128 ) (1408 448 -128 ) (1408 312 -128 ) (1280 312 -128 ) 
4 519 527 0 (1280 416 -224 ) (1280 352 -224 ) (1280 352 -128 ) (1280 416 -128 ) 
4 520 523 0 (2000 32 -32 ) (1872 32 -32 ) (1872 192 -32 ) (2000 192 -32 ) 
4 520 522 0 (2048 32 -32 ) (2000 32 -32 ) (2000 192 -32 ) (2048 192 -32 ) 
4 520 521 0 (1744 192 0 ) (1744 192 -16 ) (1744 32 -16 ) (1744 32 0 ) 
4 522 524 0 (2000 32 -96 ) (2000 32 -48 ) (2000 192 -48 ) (2000 192 -96 ) 
4 522 523 0 (2000 32 -48 ) (2000 32 -32 ) (2000 192 -32 ) (2000 192 -48 ) 
4 523 525 0 (1904 192 -48 ) (1968 192 -48 ) (1968 32 -48 ) (1904 32 -48 ) 
4 523 524 0 (1968 192 -48 ) (2000 192 -48 ) (2000 32 -48 ) (1968 32 -48 ) 
4 524 526 0 (1968 32 -80 ) (1968 32 -64 ) (1968 192 -64 ) (1968 192 -80 ) 
4 524 525 0 (1968 32 -64 ) (1968 32 -48 ) (1968 192 -48 ) (1968 192 -64 ) 
4 525 526 0 (1936 192 -64 ) (1968 192 -64 ) (1968 32 -64 ) (1936 32 -64 ) 
4 527 538 0 (1248 352 -224 ) (1248 352 -112 ) (1248 416 -112 ) (1248 416 -224 ) 
4 528 974 0 (1024 928 0 ) (1024 1024 0 ) (1024 1024 -256 ) (1024 928 -256 ) 
4 528 529 0 (1024 928 -256 ) (1216 928 -256 ) (1216 928 0 ) (1024 928 0 ) 
3 529 536 0 (1024 736 -256 ) (1136 736 -256 ) (1024 736 -249 ) 
4 529 534 0 (1056 736 0 ) (1024 736 0 ) (1024 736 -249 ) (1056 736 -251 ) 
5 529 530 0 (1136 736 -256 ) (1216 736 -256 ) (1216 736 0 ) (1056 736 0 ) (1056 736 -251 ) 
4 530 537 0 (1136.006348 736 -256 ) (1120 703.994690 -256 ) (1056 703.993713 -252 ) (1056 718.221252 -251.555298 ) 
3 530 536 0 (1056 736 -251 ) (1136.006348 736 -256 ) (1056 718.221252 -251.555298 ) 
5 530 534 0 (1056 736 0 ) (1056 736 -251.007812 ) (1056 576.250183 -256 ) (1056 576 -256 ) (1056 576 0 ) 
4 530 533 0 (1056 576 -240 ) (1056 576 -256 ) (1184 576 -256 ) (1184 576 -240 ) 
4 530 532 0 (1056 576 0 ) (1056 576 -240 ) (1184 576 -240 ) (1184 576 0 ) 
3 530 531 0 (1216 576 0 ) (1184 576 0 ) (1184 576 -192 ) 
3 531 538 0 (1216 512 0 ) (1184 512 0 ) (1184 512 -192 ) 
4 531 532 0 (1184 576 0 ) (1184 576 -192 ) (1184 512 -192 ) (1184 512 0 ) 
4 532 538 0 (1184 512 -224 ) (1184 512 0 ) (1056 512 0 ) (1056 512 -224 ) 
4 532 535 0 (1056 512 -192 ) (1056 512 0 ) (1056 544 0 ) (1056 544 -192 ) 
4 532 534 0 (1056 544 0 ) (1056 576 0 ) (1056 576 -240 ) (1056 544 -240 ) 
4 532 533 0 (1056 544 -240 ) (1056 576 -240 ) (1184 576 -240 ) (1184 544 -240 ) 
4 533 534 0 (1056 576 -256 ) (1056 544 -252 ) (1056 544 -240 ) (1056 576 -240 ) 
5 534 978 0 (1024 736 -222 ) (1024 736 -249 ) (1024 576 -254 ) (1024 544 -250 ) (1024 544 -246 ) 
4 534 977 0 (1024 544 0 ) (1024 736 0 ) (1024 736 -222 ) (1024 544 -246 ) 
4 534 537 0 (1024 703.994080 -250 ) (1024 711.110291 -249.777573 ) (1056 718.221252 -251.555298 ) (1056 703.993713 -252 ) 
4 534 536 0 (1024 711.110291 -249.777573 ) (1024 736 -249 ) (1056 736 -251 ) (1056 718.221252 -251.555298 ) 
4 534 535 0 (1056 544 -192 ) (1056 544 0 ) (1024 544 0 ) (1024 544 -192 ) 
4 535 983 0 (1024 512 0 ) (1024 544 0 ) (1024 544 -192 ) (1024 512 -192 ) 
4 535 538 0 (1056 512 0 ) (1024 512 0 ) (1024 512 -192 ) (1056 512 -192 ) 
3 536 982 0 (1024 736 -250 ) (1024 736 -256 ) (1024 712 -250 ) 
4 536 979 0 (1024 736 -249 ) (1024 736 -250 ) (1024 712 -250 ) (1024 711.111145 -249.777771 ) 
4 536 537 0 (1136 736 -256 ) (1024 711.111084 -249.777557 ) (1024 712 -250 ) (1119.996582 736 -256 ) 
3 537 979 0 (1024 704 -250 ) (1024 711.111145 -249.777771 ) (1024 712 -250 ) 
4 538 983 0 (1024 256 0 ) (1024 512 0 ) (1024 512 -192 ) (1024 256 -192 ) 
4 538 539 0 (1120 256 0 ) (1024 256 0 ) (1024 256 -224 ) (1120 256 -224 ) 
4 539 983 0 (1024 160 0 ) (1024 256 0 ) (1024 256 -192 ) (1024 160 -192 ) 
4 540 542 0 (1104 0 816 ) (1104 -16 816 ) (1104 -16 864 ) (1104 0 864 ) 
3 540 541 0 (1104 -16 864 ) (1120 -16 816 ) (1120 0 816 ) 
4 542 1082 0 (1024 -16 960 ) (1024 0 960 ) (1024 0 816 ) (1024 -16 816 ) 
4 543 1084 0 (0 3072 -256 ) (0 3072 -80 ) (0 3264 -80 ) (0 3264 -256 ) 
4 543 585 0 (0 3072 -80 ) (0 3072 -256 ) (192 3072 -256 ) (192 3072 -80 ) 
4 544 556 0 (552 2456 609 ) (552 2456 613 ) (442 2456 613 ) (434 2456 609 ) 
3 544 554 0 (552 2456 613 ) (552 2456 668 ) (442 2456 613 ) 
4 544 559 0 (272 2456 528 ) (552 2456 528 ) (552 2456 609 ) (434 2456 609 ) 
4 545 587 0 (864 2048 960 ) (832 2048 960 ) (832 2048 672 ) (864 2048 672 ) 
4 545 548 2 (832 2048 672 ) (832 2048 960 ) (832 2112 960 ) (832 2112 672 ) 
4 545 546 2 (864 2048 672 ) (832 2048 672 ) (832 2112 672 ) (864 2112 672 ) 
4 546 589 0 (1024 2048 528 ) (1024 2048 672 ) (832 2048 672 ) (832 2048 528 ) 
4 546 562 0 (1024 2048 528 ) (832 2048 528 ) (832 2056.533447 528 ) (1024 2056.533447 528 ) 
4 546 550 2 (832 2056.533447 528 ) (832 2048 528 ) (832 2048 592 ) (832 2112 592 ) 
4 546 549 2 (832 2048 592 ) (832 2048 672 ) (832 2112 672 ) (832 2112 592 ) 
4 547 556 0 (552 2336 609 ) (552 2336 613 ) (552 2456 613 ) (552 2456 609 ) 
4 547 554 0 (552 2336 613 ) (552 2336 668 ) (552 2456 668 ) (552 2456 613 ) 
4 547 559 0 (552 2456 528 ) (552 2336 528 ) (552 2336 609 ) (552 2456 609 ) 
4 547 551 2 (552 2336 668 ) (552 2336 528 ) (576 2336 528 ) (576 2336 668 ) 
4 548 603 0 (672 2048 960 ) (552 2048 960 ) (552 2048 828.923035 ) (672 2048 690.461548 ) 
5 548 587 0 (832 2048 960 ) (672 2048 960 ) (672 2048 690.461548 ) (688 2048 672 ) (832 2048 672 ) 
4 548 553 0 (552 2048 828.923035 ) (552 2048 960 ) (552 2336 960 ) (552 2336 828.923035 ) 
4 548 549 0 (688 2336 672 ) (832 2336 672 ) (832 2048 672 ) (688 2048 672 ) 
4 549 589 0 (832 2048 592 ) (832 2048 672 ) (672 2048 672 ) (672 2048 592 ) 
4 549 550 0 (672 2048 592 ) (672 2112 592 ) (832 2112 592 ) (832 2048 592 ) 
4 550 589 0 (672 2048 528 ) (832 2048 528 ) (832 2048 592 ) (672 2048 592 ) 
4 550 562 0 (832 2048 528 ) (672 2048 528 ) (672 2056.533447 528 ) (832 2056.533447 528 ) 
4 551 556 0 (552 2256 609 ) (552 2256 613 ) (552 2336 613 ) (552 2336 609 ) 
4 551 554 0 (552 2256 613 ) (552 2256 668 ) (552 2336 668 ) (552 2336 613 ) 
4 551 559 0 (552 2336 528 ) (552 2256 528 ) (552 2256 609 ) (552 2336 609 ) 
4 552 596 0 (552 2048 668 ) (552 2048 528 ) (576 2048 528 ) (576 2048 668 ) 
4 552 561 0 (552 2224 528 ) (552 2048 528 ) (552 2048 668 ) (552 2224 668 ) 
4 553 603 0 (552 2048 960 ) (480 2048 960 ) (480 2048 912 ) (552 2048 828.922974 ) 
3 554 560 0 (552 2256 613 ) (552 2256 668 ) (442 2256 613 ) 
5 554 557 0 (500 2256 613 ) (492 2256 613 ) (394 2354 613 ) (394 2358 613 ) (396 2360 613 ) 
5 554 556 0 (552 2256 613 ) (500 2256 613 ) (394 2362 613 ) (394 2456 613 ) (552 2456 613 ) 
3 554 555 0 (492 2256 613 ) (394 2256 613 ) (394 2354 613 ) 
4 555 560 0 (492 2256 613 ) (442 2256 613 ) (434 2256 609 ) (492 2256 609 ) 
3 555 558 0 (387.997345 2359.997314 609 ) (386 2361.994629 609 ) (387.997986 2359.998047 610 ) 
5 555 557 0 (491.994781 2256 609 ) (391.997345 2355.997314 609 ) (392 2356 612.001038 ) (393.996368 2354.003662 613 ) (492 2256 613 ) 
3 555 559 0 (492 2256 609 ) (386 2256 609 ) (386 2362 609 ) 
4 556 560 0 (552 2256 609 ) (552 2256 613 ) (500 2256 613 ) (500 2256 609 ) 
3 556 558 0 (386.003113 2369.996826 609 ) (392 2364 609 ) (392.001984 2364.001953 612 ) 
4 556 557 0 (396 2360 609 ) (500 2256 609 ) (500.005402 2256 613 ) (396.002686 2360.002686 613 ) 
5 556 559 0 (552 2256 609 ) (500 2256 609 ) (386 2370 609 ) (386 2456 609 ) (552 2456 609 ) 
4 557 560 0 (500 2256 613 ) (492 2256 613 ) (492 2256 609 ) (500 2256 609 ) 
4 557 559 0 (500 2256 609 ) (492 2256 609 ) (392 2356 609 ) (396 2360 609 ) 
4 558 559 0 (388 2360 609 ) (386 2362 609 ) (386 2370 609 ) (392 2364 609 ) 
4 559 565 0 (240 2256 536 ) (240 2456 536 ) (240 2456 528 ) (240 2256 528 ) 
4 559 563 0 (248 2456 528 ) (552 2456 528 ) (552 2256 528 ) (248 2256 528 ) 
4 559 560 0 (552 2256 528 ) (552 2256 609 ) (434 2256 609 ) (272 2256 528 ) 
4 560 563 0 (272 2256 528 ) (552 2256 528 ) (552 2224 528 ) (272 2224 528 ) 
3 560 561 0 (552 2224 528 ) (552 2224 668 ) (272 2224 528 ) 
4 561 597 0 (240 2048 536 ) (240 2048 528 ) (552 2048 528 ) (552 2048 692 ) 
4 561 581 0 (240 2048 528 ) (240 2048 536 ) (240 2128 536 ) (240 2128 528 ) 
4 561 578 0 (240 2128 536 ) (240 2144 536 ) (240 2144 528 ) (240 2128 528 ) 
4 561 576 0 (240 2144 536 ) (240 2148 536 ) (240 2148 528 ) (240 2144 528 ) 
4 561 568 0 (240 2148 536 ) (240 2150 536 ) (240 2150 528 ) (240 2148 528 ) 
4 561 566 0 (240 2150 536 ) (240 2224 536 ) (240 2224 528 ) (240 2150 528 ) 
4 561 563 0 (552 2048 528 ) (248 2048 528 ) (248 2224 528 ) (552 2224 528 ) 
4 562 589 0 (1024 2048 518.153748 ) (1024 2048 528 ) (672 2048 528 ) (672 2048 518.153748 ) 
4 563 610 0 (552 2048 528 ) (248 2048 528 ) (248 2048 496 ) (552 2048 496 ) 
4 563 564 0 (552 2048 496 ) (248 2048 496 ) (248 2456 496 ) (552 2456 496 ) 
4 564 619 0 (560 2048 272 ) (560 2048 464 ) (240 2048 464 ) (240 2048 272 ) 
4 564 611 0 (560 2048 464 ) (560 2048 496 ) (240 2048 496 ) (240 2048 464 ) 
4 564 567 0 (240 2272 272 ) (240 2208 272 ) (240 2208 384 ) (240 2272 384 ) 
3 566 568 0 (224 2150 528 ) (240 2150 528 ) (240 2150 536 ) 
3 568 576 0 (224 2148 528 ) (240 2148 528 ) (240 2148 536 ) 
4 569 577 0 (156 2148 380 ) (156 2148 390 ) (100 2148 390 ) (100 2148 380 ) 
4 570 577 0 (100 2148 364 ) (156 2148 364 ) (156 2148 376 ) (100 2148 376 ) 
4 570 573 0 (114 2148 364 ) (100 2148 364 ) (100 2150 364 ) (114 2150 364 ) 
4 570 571 0 (156 2148 364 ) (142 2148 364 ) (142 2150 364 ) (156 2150 364 ) 
4 571 577 0 (142 2148 348 ) (156 2148 348 ) (156 2148 364 ) (142 2148 364 ) 
4 571 574 0 (156 2148 348 ) (142 2148 348 ) (142 2150 348 ) (156 2150 348 ) 
4 572 577 0 (116 2148 362 ) (116 2148 350 ) (140 2148 350 ) (140 2148 362 ) 
4 573 577 0 (100 2148 348 ) (114 2148 348 ) (114 2148 364 ) (100 2148 364 ) 
4 573 574 0 (114 2148 348 ) (100 2148 348 ) (100 2150 348 ) (114 2150 348 ) 
4 574 577 0 (156 2148 312 ) (156 2148 348 ) (100 2148 348 ) (100 2148 312 ) 
4 575 577 0 (100 2148 286 ) (156 2148 286 ) (156 2148 308 ) (100 2148 308 ) 
3 576 578 0 (240 2144 528 ) (240 2144 536 ) (224 2144 528 ) 
4 577 580 0 (159 2144 399 ) (97 2144 399 ) (97 2144 273 ) (159 2144 273 ) 
3 578 581 0 (224 2128 528 ) (240 2128 528 ) (240 2128 536 ) 
3 579 582 0 (72 2128 464 ) (184 2128 464 ) (128 2128 520 ) 
4 580 584 0 (96 2128 272 ) (160 2128 272 ) (160 2128 400 ) (96 2128 400 ) 
3 581 597 0 (224 2048 528 ) (240 2048 528 ) (240 2048 536 ) 
3 582 605 0 (64 2048 464 ) (192 2048 464 ) (128 2048 528 ) 
4 582 583 0 (72 2128 464 ) (184 2128 464 ) (184 2048 464 ) (72 2048 464 ) 
4 583 628 0 (72 2048 448 ) (184 2048 448 ) (184 2048 464 ) (72 2048 464 ) 
4 583 584 0 (72 2128 448 ) (184 2128 448 ) (184 2048 448 ) (72 2048 448 ) 
4 584 629 0 (64 2048 272 ) (72 2048 272 ) (72 2048 448 ) (64 2048 448 ) 
4 584 628 0 (72 2048 272 ) (184 2048 272 ) (184 2048 448 ) (72 2048 448 ) 
4 584 620 0 (184 2048 272 ) (192 2048 272 ) (192 2048 448 ) (184 2048 448 ) 
4 585 1086 0 (0 3072 -80 ) (0 3072 -256 ) (0 2752 -256 ) (0 2752 -80 ) 
3 586 780 0 (672 1024 690.461487 ) (672 1024 672 ) (688 1024 672 ) 
4 586 655 0 (672 1024 672 ) (672 1024 690.461487 ) (672 1408 690.461487 ) (672 1408 672 ) 
4 586 634 0 (672 1408 690.461487 ) (672 1556 690.461487 ) (672 1540 672 ) (672 1408 672 ) 
4 586 589 0 (688 1024 672 ) (672 1024 672 ) (672 1540 672 ) (688 1540 672 ) 
4 586 588 0 (688 1024 672 ) (688 1540 672 ) (672 1555.998779 690.460205 ) (672 1024 690.460205 ) 
4 587 603 0 (672 1824 960 ) (672 2048 960 ) (672 2048 690.461487 ) (672 1824 690.461487 ) 
4 587 604 0 (672 1728 960 ) (672 1824 960 ) (672 1824 690.461487 ) (672 1728 690.461487 ) 
4 587 589 0 (688 1728 672 ) (688 2048 672 ) (864 2048 672 ) (864 1728 672 ) 
5 587 588 2 (672 1728 960 ) (672 1728 690.467346 ) (688.006226 1728 672 ) (864 1728 672 ) (864 1728 960 ) 
5 588 780 0 (672 1024 704 ) (672 1024 690.461487 ) (688 1024 672 ) (736 1024 672 ) (736 1024 704 ) 
4 588 778 0 (736 1024 672 ) (768 1024 672 ) (768 1024 704 ) (736 1024 704 ) 
4 588 758 0 (768 1024 672 ) (800 1024 672 ) (800 1024 704 ) (768 1024 704 ) 
4 588 742 0 (800 1024 768 ) (672 1024 768 ) (672 1024 704 ) (800 1024 704 ) 
4 588 731 0 (1024 1024 672 ) (1024 1024 768 ) (800 1024 768 ) (800 1024 672 ) 
4 588 730 0 (1024 1024 768 ) (1024 1024 960 ) (672 1024 960 ) (672 1024 768 ) 
4 588 655 0 (672 1024 690.461487 ) (672 1024 960 ) (672 1408 960 ) (672 1408 690.461487 ) 
4 588 633 0 (672 1596 960 ) (672 1664 960 ) (672 1664 815.076904 ) (672 1596 736.615356 ) 
5 588 634 0 (672 1408 960 ) (672 1596 960 ) (672 1596 736.615356 ) (672 1556 690.461487 ) (672 1408 690.461487 ) 
3 588 631 0 (672 1664 815.076904 ) (672 1664 690.461487 ) (672 1556 690.461487 ) 
4 588 604 0 (672 1664 960 ) (672 1728 960 ) (672 1728 690.461487 ) (672 1664 690.461487 ) 
4 588 589 0 (1024 1024 672 ) (688 1024 672 ) (688 1728 672 ) (1024 1728 672 ) 
4 589 780 0 (736 1024 672 ) (672 1024 672 ) (672 1024 512 ) (736 1024 512 ) 
4 589 778 0 (768 1024 672 ) (736 1024 672 ) (736 1024 512 ) (768 1024 512 ) 
4 589 758 0 (800 1024 672 ) (768 1024 672 ) (768 1024 512 ) (800 1024 512 ) 
4 589 731 0 (1024 1024 512 ) (1024 1024 672 ) (800 1024 672 ) (800 1024 512 ) 
4 589 661 0 (672 1065.961182 520 ) (672 1116.294678 520 ) (672 1116.294678 512 ) (672 1065.961182 512 ) 
4 589 657 0 (672 1116.294678 520 ) (672 1408 520 ) (672 1408 512 ) (672 1116.294678 512 ) 
4 589 656 0 (672 1024 512 ) (672 1024 520 ) (672 1065.961182 520 ) (672 1065.961182 512 ) 
4 589 655 0 (672 1024 520 ) (672 1024 672 ) (672 1408 672 ) (672 1408 520 ) 
4 589 635 0 (672 1408 672 ) (672 1556 672 ) (672 1556 512 ) (672 1408 512 ) 
5 589 593 0 (672 1472 512 ) (672 2042.666748 512 ) (1024 2042.666748 512 ) (1024 1536 512 ) (832 1152 512 ) 
3 589 592 0 (672 1376 512 ) (672 1472 512 ) (736 1344 512 ) 
3 589 591 0 (800 1216 512 ) (832 1152 512 ) (800 1088 512 ) 
3 589 590 0 (1024 1024 512 ) (768 1024 512 ) (1024 1536 512 ) 
4 590 758 0 (768 1024 0 ) (800 1024 0 ) (800 1024 512 ) (768 1024 512 ) 
4 590 731 0 (800 1024 0 ) (1024 1024 0 ) (1024 1024 512 ) (800 1024 512 ) 
3 590 719 0 (800 1024 0 ) (768 1024 0 ) (800 1088 0 ) 
4 590 718 0 (810.992004 1024 0 ) (800 1024 0 ) (800 1088 0 ) (810.992004 1109.984009 0 ) 
4 590 714 0 (960 1024 0 ) (810.992004 1024 0 ) (810.992004 1109.984009 0 ) (960 1408 0 ) 
5 590 713 0 (1024 1024 0 ) (960 1024 0 ) (960 1408 0 ) (967.599976 1423.199951 0 ) (1024 1423.199951 0 ) 
4 590 699 0 (967.599976 1423.199951 0 ) (1012.400024 1512.800049 0 ) (1024 1512.800049 0 ) (1024 1423.199951 0 ) 
4 590 694 0 (1012.400024 1512.800049 0 ) (1020.919983 1529.839966 0 ) (1024 1529.839966 0 ) (1024 1512.800049 0 ) 
3 590 692 0 (1020.919983 1529.839966 0 ) (1024 1536 0 ) (1024 1529.839966 0 ) 
4 590 595 0 (1024 1536 0 ) (832 1152 0 ) (832 1152 160 ) (1024 1535.998901 160 ) 
4 590 594 0 (832 1152 160 ) (832 1152 352 ) (1024 1535.998657 352 ) (1024 1535.998901 160 ) 
4 590 593 0 (832 1152 352 ) (832 1152 512 ) (1024 1535.998535 512 ) (1024 1535.998657 352 ) 
4 590 591 0 (832 1152 0 ) (800 1087.998657 0 ) (800 1087.998535 512 ) (832 1152 512 ) 
4 591 718 0 (800 1216 0 ) (810.992004 1194.016235 0 ) (810.992004 1109.984009 0 ) (800 1088 0 ) 
3 591 714 0 (810.992004 1194.016235 0 ) (832 1152 0 ) (810.992004 1109.984009 0 ) 
4 591 595 0 (832 1151.998169 160 ) (832 1151.998169 0 ) (800 1216 0 ) (800 1216 160 ) 
4 591 594 0 (832 1151.998169 352 ) (832 1151.998169 160 ) (800 1216 160 ) (800 1216 352 ) 
4 591 593 0 (832 1151.998169 512 ) (832 1151.998169 352 ) (800 1216 352 ) (800 1216 512 ) 
4 592 726 0 (672 1376 0 ) (672 1423.199951 0 ) (673.007996 1423.199951 0 ) (673.007996 1375.496094 0 ) 
4 592 720 0 (704.920105 1406.160034 0 ) (736 1344 0 ) (673.007996 1375.496094 0 ) (673.007996 1406.160034 0 ) 
4 592 716 0 (697.080139 1421.839966 0 ) (704.920105 1406.160034 0 ) (673.007996 1406.160034 0 ) (673.007996 1421.839966 0 ) 
4 592 715 0 (673.007996 1423.199951 0 ) (696.400146 1423.199951 0 ) (697.080139 1421.839966 0 ) (673.007996 1421.839966 0 ) 
4 592 704 0 (672.400024 1471.200195 0 ) (694.800049 1426.400146 0 ) (694.800049 1423.199951 0 ) (672.400024 1423.199951 0 ) 
3 592 701 0 (694.800049 1426.400146 0 ) (696.400146 1423.199951 0 ) (694.800049 1423.199951 0 ) 
4 592 706 0 (672 1423.199951 0 ) (672 1472 0 ) (672.400024 1471.200195 0 ) (672.400024 1423.199951 0 ) 
3 592 665 0 (672 1406 32 ) (672 1408 32 ) (672 1408 24 ) 
4 592 664 0 (672 1376 32 ) (672 1376 512 ) (672 1408 512 ) (672 1408 32 ) 
4 592 652 0 (672 1472 0 ) (672 1408 0 ) (672 1408 272 ) (672 1472 272 ) 
4 592 635 0 (672 1408 272 ) (672 1408 512 ) (672 1472 512 ) (672 1472 272 ) 
4 592 595 0 (736 1344 0 ) (672 1472.001221 0 ) (672 1472.001221 160 ) (736 1344 160 ) 
4 592 594 0 (672 1472.001221 160 ) (672 1472.001221 352 ) (736 1344 352 ) (736 1344 160 ) 
4 592 593 0 (672 1472.001221 352 ) (672 1472.001221 512 ) (736 1344 512 ) (736 1344 352 ) 
4 593 635 0 (672 1472 352 ) (672 1472 512 ) (672 1556 512 ) (672 1556 352 ) 
5 593 594 0 (832 1152 352 ) (672 1472 352 ) (672 1904 352 ) (1024 1904 352 ) (1024 1536 352 ) 
4 594 650 0 (672 1530 272 ) (672 1556 272 ) (672 1556 160 ) (672 1530 160 ) 
4 594 652 0 (672 1472 160 ) (672 1472 272 ) (672 1530 272 ) (672 1530 160 ) 
4 594 635 0 (672 1472 272 ) (672 1472 352 ) (672 1556 352 ) (672 1556 272 ) 
5 594 595 0 (832 1152 160 ) (672 1472 160 ) (672 1744 160 ) (1024 1744 160 ) (1024 1536 160 ) 
3 595 721 0 (800 1216 0 ) (736 1344 0 ) (800 1312 0 ) 
4 595 720 0 (736 1344 0 ) (704.920105 1406.160034 0 ) (800 1406.160034 0 ) (800 1312 0 ) 
4 595 718 0 (810.992004 1194.016235 0 ) (800 1216 0 ) (800 1406.160034 0 ) (810.992004 1406.160034 0 ) 
4 595 716 0 (704.920105 1406.160034 0 ) (697.080139 1421.839966 0 ) (810.992004 1421.839966 0 ) (810.992004 1406.160034 0 ) 
4 595 715 0 (697.080139 1421.839966 0 ) (696.400146 1423.199951 0 ) (810.992004 1423.199951 0 ) (810.992004 1421.839966 0 ) 
5 595 714 0 (960 1408 0 ) (832 1152 0 ) (810.992004 1194.016235 0 ) (810.992004 1423.199951 0 ) (960 1423.199951 0 ) 
3 595 713 0 (967.599976 1423.199951 0 ) (960 1408 0 ) (960 1423.199951 0 ) 
4 595 704 0 (672.400024 1512.800049 0 ) (694.800049 1512.800049 0 ) (694.800049 1426.400146 0 ) (672.400024 1471.200195 0 ) 
5 595 701 0 (694.800049 1512.800049 0 ) (716.800049 1512.800049 0 ) (716.800049 1423.199951 0 ) (696.400146 1423.199951 0 ) (694.800049 1426.400146 0 ) 
4 595 699 0 (716.800049 1512.800049 0 ) (1012.400024 1512.800049 0 ) (967.599976 1423.199951 0 ) (716.800049 1423.199951 0 ) 
4 595 706 0 (672 1472 0 ) (672 1512.800049 0 ) (672.400024 1512.800049 0 ) (672.400024 1471.200195 0 ) 
4 595 695 0 (673.007996 1514.160034 0 ) (673.007996 1529.839966 0 ) (810.992004 1529.839966 0 ) (810.992004 1514.160034 0 ) 
4 595 697 0 (810.992004 1512.800049 0 ) (673.007996 1512.800049 0 ) (673.007996 1514.160034 0 ) (810.992004 1514.160034 0 ) 
4 595 694 0 (1020.919983 1529.839966 0 ) (1012.400024 1512.800049 0 ) (810.992004 1512.800049 0 ) (810.992004 1529.839966 0 ) 
4 595 691 0 (950 1680 0 ) (954 1680 0 ) (954 1678 0 ) (950 1678 0 ) 
4 595 689 0 (954 1680 0 ) (1024 1680 0 ) (1024 1678 0 ) (954 1678 0 ) 
5 595 692 0 (1024 1678 0 ) (1024 1536 0 ) (1020.919983 1529.839966 0 ) (950 1529.839966 0 ) (950 1678 0 ) 
4 595 693 0 (673.007996 1680 0 ) (950 1680 0 ) (950 1529.839966 0 ) (673.007996 1529.839966 0 ) 
4 595 698 0 (672 1512.800049 0 ) (672 1680 0 ) (673.007996 1680 0 ) (673.007996 1512.800049 0 ) 
4 595 686 0 (672 1680 0 ) (672 1760 0 ) (1024 1760 0 ) (1024 1680 0 ) 
3 595 651 0 (672 1530 24 ) (672 1530 32 ) (672 1532 32 ) 
4 595 650 0 (672 1530 32 ) (672 1530 160 ) (672 1556 160 ) (672 1556 32 ) 
4 595 652 0 (672 1530 0 ) (672 1472 0 ) (672 1472 160 ) (672 1530 160 ) 
4 595 649 0 (672 1700 0 ) (672 1636 0 ) (672 1636 32 ) (672 1700 32 ) 
4 596 597 0 (552 2048 528 ) (552 2024 528 ) (552 2024 668 ) (552 2048 668 ) 
4 597 610 0 (248 2048 528 ) (552 2048 528 ) (552 2024 528 ) (248 2024 528 ) 
3 597 602 0 (272 2024 528 ) (552 2024 528 ) (552 2024 668 ) 
5 598 1088 0 (0 1789.600098 960 ) (0 1824 960 ) (0 1824 912 ) (0 1800.889038 885.333313 ) (0 1724.888916 885.333374 ) 
4 598 636 0 (288 1664 815.076965 ) (52.692284 1664 815.076965 ) (118.461571 1664 727.384583 ) (288 1664 727.384583 ) 
4 598 630 0 (396 1664 815.076965 ) (288 1664 815.076965 ) (288 1664 727.384583 ) (320 1664 727.384583 ) 
4 598 604 0 (480.003326 1824 912.003845 ) (438.407074 1824 960 ) (438.407074 1789.600098 960 ) (480.003326 1748.003418 912.003845 ) 
5 598 600 0 (0 1800.894287 885.333252 ) (64 1726.938721 800 ) (64 1672 800 ) (45.769211 1672 824.307739 ) (0 1724.888916 885.333313 ) 
4 598 601 0 (111.543098 1672 736.609192 ) (118.466171 1664 727.378418 ) (52.692280 1664 815.076965 ) (45.769211 1672 824.307739 ) 
6 598 599 0 (0 1724.884277 885.333252 ) (52.688316 1664 815.082153 ) (396.004547 1664 815.082153 ) (480.001648 1747.997070 912.001831 ) (438.403931 1789.595459 960 ) (0 1789.595459 960 ) 
4 599 1088 0 (0 1672 960 ) (0 1789.600098 960 ) (0 1724.888916 885.333374 ) (0 1672 885.333374 ) 
4 599 1090 0 (0 1664 960 ) (0 1672 960 ) (0 1672 885.333374 ) (0 1664 885.333374 ) 
5 599 636 0 (288 1664 960 ) (0 1664 960 ) (0 1664 885.333374 ) (52.692284 1664 815.076965 ) (288 1664 815.076965 ) 
3 599 633 0 (564 1664 815.076965 ) (525.030945 1664 860.041260 ) (491.307739 1664 815.076965 ) 
5 599 632 0 (525.030945 1664 860.041260 ) (438.399963 1664 960 ) (288 1664 960 ) (288 1664 815.076965 ) (491.307739 1664 815.076965 ) 
3 599 604 0 (438.407074 1664 960 ) (564.005798 1664 815.076904 ) (438.407074 1789.600098 960 ) 
3 599 600 0 (0 1672 885.333374 ) (0 1724.888916 885.333313 ) (45.769211 1672 824.307739 ) 
4 599 601 0 (52.692280 1664 815.076965 ) (0 1664 885.333374 ) (0 1672 885.333374 ) (45.769211 1672 824.307739 ) 
3 600 1088 0 (0 1800.889038 885.333313 ) (0 1672 736.615356 ) (0 1672 885.333374 ) 
4 600 601 0 (0 1672 736.625000 ) (16.468773 1672 736.625000 ) (63.996078 1672 799.994751 ) (0 1672 885.322815 ) 
4 601 1090 0 (0 1672 736.615356 ) (0 1664 727.384583 ) (0 1664 885.333374 ) (0 1672 885.333374 ) 
3 601 636 0 (0 1664 885.333374 ) (0 1664 727.384583 ) (118.461571 1664 727.384583 ) 
4 603 604 2 (480 1824 912.005188 ) (672 1824 690.467896 ) (672 1824 960 ) (480 1824 960 ) 
5 604 633 0 (672 1664 815.076965 ) (672 1664 960 ) (600 1664 960 ) (525.030945 1664 860.041199 ) (564 1664 815.076965 ) 
3 604 632 0 (600 1664 960 ) (438.399963 1664 960 ) (525.030945 1664 860.041199 ) 
3 604 631 0 (672 1664 690.461548 ) (672 1664 815.076965 ) (564 1664 815.076965 ) 
4 605 628 0 (72 2048 464 ) (184 2048 464 ) (184 1984 464 ) (72 1984 464 ) 
3 605 606 0 (72 1984 464 ) (184 1984 464 ) (128 1984 520 ) 
4 606 628 0 (72 1984 464 ) (184 1984 464 ) (184 1968 464 ) (72 1968 464 ) 
3 606 607 0 (72 1968 464 ) (184 1968 464 ) (128 1968 520 ) 
4 607 628 0 (72 1968 464 ) (184 1968 464 ) (184 1840 464 ) (72 1840 464 ) 
4 607 625 0 (192 1960 464 ) (192 1848 464 ) (184 1848 464 ) (184 1960 464 ) 
3 607 617 0 (192 1840 464 ) (192 1968 464 ) (128 1904 528 ) 
3 607 608 0 (72 1840 464 ) (184 1840 464 ) (128 1840 520 ) 
4 608 628 0 (72 1840 464 ) (184 1840 464 ) (184 1824 464 ) (72 1824 464 ) 
3 608 609 0 (72 1824 464 ) (184 1824 464 ) (128 1824 520 ) 
4 609 628 0 (72 1824 464 ) (184 1824 464 ) (184 1680 464 ) (72 1680 464 ) 
3 609 618 0 (72 1680 464 ) (184 1680 464 ) (128 1680 520 ) 
4 610 611 0 (248 2024 496 ) (248 2048 496 ) (552 2048 496 ) (552 2024 496 ) 
4 611 619 0 (240 2048 464 ) (560 2048 464 ) (560 2016 464 ) (240 2016 464 ) 
4 612 625 0 (496 1848 464 ) (496 1960 464 ) (512 1960 464 ) (512 1848 464 ) 
3 612 613 0 (496 1960 464 ) (496 1848 464 ) (496 1904 520 ) 
4 613 625 0 (352 1848 464 ) (352 1960 464 ) (496 1960 464 ) (496 1848 464 ) 
3 613 614 0 (352 1960 464 ) (352 1848 464 ) (352 1904 520 ) 
4 614 625 0 (336 1848 464 ) (336 1960 464 ) (352 1960 464 ) (352 1848 464 ) 
3 614 615 0 (336 1960 464 ) (336 1848 464 ) (336 1904 520 ) 
4 615 625 0 (208 1848 464 ) (208 1960 464 ) (336 1960 464 ) (336 1848 464 ) 
3 615 616 0 (208 1960 464 ) (208 1848 464 ) (208 1904 520 ) 
4 616 625 0 (192 1848 464 ) (192 1960 464 ) (208 1960 464 ) (208 1848 464 ) 
3 616 617 0 (192 1959.996582 464.003418 ) (192 1848.003418 464.003418 ) (192 1904 520 ) 
4 618 628 0 (184 1664 464 ) (72 1664 464 ) (72 1680 464 ) (184 1680 464 ) 
4 619 621 0 (392 2016 272 ) (456 2016 272 ) (456 2016 384 ) (392 2016 384 ) 
4 620 628 0 (184 2048 272 ) (184 2016 272 ) (184 2016 448 ) (184 2048 448 ) 
4 620 622 0 (184 2016 448 ) (184 2016 272 ) (192 2016 272 ) (192 2016 448 ) 
4 621 623 0 (392 1984 272 ) (456 1984 272 ) (456 1984 384 ) (392 1984 384 ) 
4 622 628 0 (184 2016 272 ) (184 1984 272 ) (184 1984 448 ) (184 2016 448 ) 
4 622 624 0 (184 1984 448 ) (184 1984 272 ) (192 1984 272 ) (192 1984 448 ) 
4 623 626 0 (360 1968 272 ) (488 1968 272 ) (488 1968 432 ) (360 1968 432 ) 
4 624 628 0 (184 1984 272 ) (184 1968 272 ) (184 1968 448 ) (184 1984 448 ) 
4 624 626 0 (184 1968 448 ) (184 1968 272 ) (192 1968 272 ) (192 1968 448 ) 
4 625 628 0 (184 1848 464 ) (184 1960 464 ) (184 1960 448 ) (184 1848 448 ) 
4 625 626 0 (184 1848 448 ) (184 1960 448 ) (512 1960 448 ) (512 1848 448 ) 
4 626 628 0 (184 1968 272 ) (184 1840 272 ) (184 1840 448 ) (184 1968 448 ) 
4 626 627 0 (192 1840 448 ) (184 1840 448 ) (184 1840 272 ) (192 1840 272 ) 
4 627 628 0 (184 1840 272 ) (184 1664 272 ) (184 1664 448 ) (184 1840 448 ) 
4 628 637 0 (96 1664 272 ) (160 1664 272 ) (160 1664 384 ) (96 1664 384 ) 
4 628 629 0 (72 2048 272 ) (72 1664 272 ) (72 1664 448 ) (72 2048 448 ) 
3 630 639 0 (288 1632 690.461548 ) (288 1556 690.461548 ) (288 1632 778.153931 ) 
4 630 636 0 (288 1664 815.076965 ) (288 1664 727.384583 ) (288 1632 690.461548 ) (288 1632 778.153931 ) 
4 630 632 0 (288 1664 815.086914 ) (288 1596 736.623169 ) (328.006744 1596 736.623169 ) (396.008667 1664 815.086914 ) 
3 630 634 0 (288 1596 736.623169 ) (288 1555.994385 690.461548 ) (328.006744 1596 736.623169 ) 
4 631 633 0 (672 1596 736.623108 ) (672 1664 815.086914 ) (563.991272 1664 815.086914 ) (631.993225 1596 736.623108 ) 
3 631 634 0 (672 1555.994385 690.461487 ) (672 1596 736.623108 ) (631.993225 1596 736.623108 ) 
4 632 639 0 (288 1632 778.153931 ) (288 1596 736.615479 ) (288 1596 960 ) (288 1632 960 ) 
4 632 636 0 (288 1664 960 ) (288 1664 815.076965 ) (288 1632 778.153931 ) (288 1632 960 ) 
5 632 633 0 (600.002441 1596 960 ) (480.001038 1596 799.998535 ) (480 1650.938721 799.998657 ) (491.303986 1664 815.069336 ) (600.002014 1664 960 ) 
4 632 634 0 (288 1596 960 ) (288 1596 736.609375 ) (432.457031 1596 736.609375 ) (600 1596 960 ) 
5 633 634 0 (527.542908 1596 736.609375 ) (672 1596 736.609375 ) (672 1596 960 ) (600 1596 960 ) (480 1596 800 ) 
4 634 655 0 (672 1408 672 ) (672 1408 960 ) (288 1408 960 ) (288 1408 672 ) 
4 634 638 0 (288 1556 690.461548 ) (288 1540 672 ) (288 1408 672 ) (288 1408 690.461548 ) 
5 634 639 0 (288 1596 736.615479 ) (288 1556 690.461548 ) (288 1408 690.461548 ) (288 1408 960 ) (288 1596 960 ) 
4 634 635 0 (672 1408 672 ) (288 1408 672 ) (288 1540 672 ) (672 1540 672 ) 
4 635 671 0 (480 1408 512 ) (384 1408 512 ) (384 1408 272 ) (480 1408 272 ) 
4 635 669 0 (320 1408 512 ) (288 1408 512 ) (288 1408 272 ) (320 1408 272 ) 
4 635 668 0 (384 1408 512 ) (320 1408 512 ) (320 1408 272 ) (384 1408 272 ) 
4 635 664 0 (672 1408 272 ) (672 1408 512 ) (640 1408 512 ) (640 1408 272 ) 
4 635 666 0 (640 1408 512 ) (608 1408 512 ) (608 1408 272 ) (640 1408 272 ) 
4 635 658 0 (472.132690 1408 520 ) (288 1408 520 ) (288 1408 512 ) (472.132690 1408 512 ) 
4 635 657 0 (672 1408 512 ) (672 1408 520 ) (472.132690 1408 520 ) (472.132690 1408 512 ) 
4 635 655 0 (672 1408 520 ) (672 1408 672 ) (288 1408 672 ) (288 1408 520 ) 
4 635 650 0 (640 1530 272 ) (640 1556 272 ) (672 1556 272 ) (672 1530 272 ) 
4 635 652 0 (672 1408 272 ) (640 1408 272 ) (640 1530 272 ) (672 1530 272 ) 
4 635 653 0 (640 1408 272 ) (288 1408 272 ) (288 1556 272 ) (640 1556 272 ) 
4 635 648 0 (288 1472 272 ) (288 1408 272 ) (288 1408 304 ) (288 1472 304 ) 
4 635 646 0 (288 1408 304 ) (288 1408 432 ) (288 1556 432 ) (288 1556 304 ) 
5 635 644 0 (288 1472 448 ) (288 1476 448 ) (288 1476 432 ) (288 1456 432 ) (288 1456 439.200012 ) 
3 635 643 0 (288 1456 448 ) (288 1457.454590 448 ) (288 1456 447.199982 ) 
4 635 645 0 (288 1408 432 ) (288 1408 448 ) (288 1456 448 ) (288 1456 432 ) 
4 635 642 0 (288 1500 448 ) (288 1556 448 ) (288 1556 432 ) (288 1500 432 ) 
5 635 640 0 (288 1408 448 ) (288 1408 672 ) (288 1556 672 ) (288 1556 502.200012 ) (288 1457.454590 448 ) 
4 636 1090 0 (0 1632 960 ) (0 1664 960 ) (0 1664 727.384583 ) (0 1632 690.461426 ) 
4 636 639 0 (288 1632 690.461426 ) (288 1632 960 ) (0 1632 960 ) (0 1632 690.461426 ) 
4 637 647 0 (96 1632 272 ) (160 1632 272 ) (160 1632 304 ) (96 1632 304 ) 
4 637 646 0 (160 1632 304 ) (160 1632 384 ) (96 1632 384 ) (96 1632 304 ) 
3 638 655 0 (272 1408 672 ) (288 1408 672 ) (288 1408 690.461548 ) 
4 638 640 0 (288 1540 672 ) (288 1408 672 ) (272 1408 672 ) (272 1540 672 ) 
4 638 639 0 (271.998962 1540 672 ) (271.998962 1408 672 ) (288 1408 690.464844 ) (288 1556.002930 690.464844 ) 
4 639 1100 0 (0 1456 960 ) (0 1472 960 ) (0 1472 672 ) (0 1456 672 ) 
4 639 1102 0 (0 1408 960 ) (0 1456 960 ) (0 1456 672 ) (0 1408 672 ) 
5 639 1090 0 (0 1472 960 ) (0 1632 960 ) (0 1632 690.461426 ) (0 1616 672 ) (0 1472 672 ) 
5 639 655 0 (288 1408 960 ) (0 1408 960 ) (0 1408 672 ) (272 1408 672 ) (288 1408 690.461548 ) 
4 639 640 0 (272 1408 672 ) (0 1408 672 ) (0 1616 672 ) (272 1616 672 ) 
5 640 1100 0 (0 1472 456 ) (0 1457.454590 448 ) (0 1456 448 ) (0 1456 672 ) (0 1472 672 ) 
4 640 1102 0 (0 1456 448 ) (0 1408 448 ) (0 1408 672 ) (0 1456 672 ) 
4 640 1091 0 (0 1632 672 ) (0 1632 544 ) (0 1472 456 ) (0 1472 672 ) 
4 640 681 0 (0 1408 512 ) (0 1408 448 ) (160 1408 448 ) (160 1408 512 ) 
4 640 672 0 (160 1408 448 ) (288 1408 448 ) (288 1408 512 ) (160 1408 512 ) 
4 640 658 0 (0 1408 520 ) (0 1408 512 ) (288 1408 512 ) (288 1408 520 ) 
4 640 655 0 (0 1408 672 ) (0 1408 520 ) (288 1408 520 ) (288 1408 672 ) 
4 640 643 0 (288 1457.454590 448 ) (288 1456 448 ) (0 1456 448 ) (0 1457.454590 448 ) 
4 640 645 0 (288 1456 448 ) (288 1408 448 ) (0 1408 448 ) (0 1456 448 ) 
3 641 646 0 (288 1632 432 ) (288 1620 432 ) (264 1620 432 ) 
4 641 642 0 (264 1620 432 ) (288 1620 432 ) (288 1620 448 ) (264 1620 448 ) 
4 642 1095 0 (0 1504 432 ) (0 1500 432 ) (0 1500 448 ) (0 1504 448 ) 
4 642 1094 0 (0 1620 432 ) (0 1504 432 ) (0 1504 448 ) (0 1620 448 ) 
4 642 646 0 (288 1620 432 ) (288 1500 432 ) (0 1500 432 ) (0 1620 432 ) 
3 643 1100 0 (0 1456 447.199982 ) (0 1456 448 ) (0 1457.454590 448 ) 
4 643 645 0 (288 1456 447.199982 ) (288 1456 448 ) (0 1456 448 ) (0 1456 447.199982 ) 
4 644 1101 0 (0 1472 432 ) (0 1456 432 ) (0 1456 439.200012 ) (0 1472 448 ) 
4 644 1098 0 (0 1476 432 ) (0 1472 432 ) (0 1472 448 ) (0 1476 448 ) 
4 644 646 0 (288 1476 432 ) (288 1456 432 ) (0 1456 432 ) (0 1476 432 ) 
4 644 645 0 (0 1456 432 ) (288 1456 432 ) (288 1456 439.200012 ) (0 1456 439.200012 ) 
4 645 1102 0 (0 1456 432 ) (0 1408 432 ) (0 1408 448 ) (0 1456 448 ) 
4 645 681 0 (0 1408 448 ) (0 1408 432 ) (160 1408 432 ) (160 1408 448 ) 
4 645 672 0 (160 1408 432 ) (288 1408 432 ) (288 1408 448 ) (160 1408 448 ) 
4 645 646 0 (288 1456 432 ) (288 1408 432 ) (0 1408 432 ) (0 1456 432 ) 
4 646 1101 0 (0 1472 304 ) (0 1456 304 ) (0 1456 432 ) (0 1472 432 ) 
4 646 1102 0 (0 1456 304 ) (0 1408 304 ) (0 1408 432 ) (0 1456 432 ) 
4 646 1097 0 (0 1504 304 ) (0 1476 304 ) (0 1476 432 ) (0 1504 432 ) 
4 646 1098 0 (0 1476 304 ) (0 1472 304 ) (0 1472 432 ) (0 1476 432 ) 
4 646 1093 0 (0 1632 432 ) (0 1632 304 ) (0 1620 304 ) (0 1620 432 ) 
4 646 1094 0 (0 1620 304 ) (0 1504 304 ) (0 1504 432 ) (0 1620 432 ) 
4 646 681 0 (0 1408 432 ) (0 1408 304 ) (160 1408 304 ) (160 1408 432 ) 
4 646 672 0 (160 1408 304 ) (288 1408 304 ) (288 1408 432 ) (160 1408 432 ) 
4 646 648 0 (288 1472 304 ) (288 1408 304 ) (0 1408 304 ) (0 1472 304 ) 
4 646 647 0 (0 1632 304 ) (258 1632 304 ) (258 1504 304 ) (0 1504 304 ) 
4 647 1093 0 (0 1632 304 ) (0 1632 272 ) (0 1620 272 ) (0 1620 304 ) 
4 647 1094 0 (0 1620 272 ) (0 1504 272 ) (0 1504 304 ) (0 1620 304 ) 
4 648 1101 0 (0 1472 272 ) (0 1456 272 ) (0 1456 304 ) (0 1472 304 ) 
4 648 1102 0 (0 1456 272 ) (0 1408 272 ) (0 1408 304 ) (0 1456 304 ) 
4 648 681 0 (0 1408 304 ) (0 1408 272 ) (160 1408 272 ) (160 1408 304 ) 
4 648 672 0 (160 1408 272 ) (288 1408 272 ) (288 1408 304 ) (160 1408 304 ) 
4 648 654 0 (288 1408 272 ) (0 1408 272 ) (0 1472 272 ) (288 1472 272 ) 
4 649 727 0 (672 1700 0 ) (672 1636 0 ) (658 1636 0 ) (658 1700 0 ) 
4 650 651 0 (672 1530 32 ) (640 1530 32 ) (640 1532 32 ) (672 1532 32 ) 
4 650 652 0 (640 1530 272 ) (640 1530 32 ) (672 1530 32 ) (672 1530 272 ) 
4 650 653 0 (640 1556 272 ) (640 1556 32 ) (640 1530 32 ) (640 1530 272 ) 
3 651 653 0 (640 1530 24 ) (640 1530 32 ) (640 1532 32 ) 
4 651 652 0 (640 1530 32 ) (640 1530 24 ) (672 1530 24 ) (672 1530 32 ) 
4 652 665 0 (672 1408 24 ) (672 1408 32 ) (640 1408 32 ) (640 1408 24 ) 
4 652 664 0 (672 1408 32 ) (672 1408 272 ) (640 1408 272 ) (640 1408 32 ) 
4 652 653 0 (640 1530 0 ) (640 1408 0 ) (640 1408 272 ) (640 1530 272 ) 
4 653 671 0 (384 1408 0 ) (480 1408 0 ) (480 1408 272 ) (384 1408 272 ) 
4 653 669 0 (288 1408 0 ) (320 1408 0 ) (320 1408 272 ) (288 1408 272 ) 
4 653 668 0 (320 1408 0 ) (384 1408 0 ) (384 1408 272 ) (320 1408 272 ) 
4 653 666 0 (608 1408 0 ) (640 1408 0 ) (640 1408 272 ) (608 1408 272 ) 
4 653 654 0 (288 1472 0 ) (288 1408 0 ) (288 1408 272 ) (288 1472 272 ) 
4 654 1101 0 (0 1472 0 ) (0 1456 0 ) (0 1456 272 ) (0 1472 272 ) 
4 654 1102 0 (0 1456 0 ) (0 1408 0 ) (0 1408 272 ) (0 1456 272 ) 
4 654 682 0 (0 1408 0 ) (160 1408 0 ) (160 1408 144 ) (0 1408 144 ) 
4 654 681 0 (160 1408 144 ) (160 1408 272 ) (0 1408 272 ) (0 1408 144 ) 
4 654 680 0 (160 1408 0 ) (288 1408 0 ) (288 1408 16 ) (160 1408 16 ) 
4 654 676 0 (288 1408 16 ) (288 1408 64 ) (160 1408 64 ) (160 1408 16 ) 
4 654 674 0 (288 1408 64 ) (288 1408 80 ) (160 1408 80 ) (160 1408 64 ) 
4 654 672 0 (288 1408 80 ) (288 1408 272 ) (160 1408 272 ) (160 1408 80 ) 
4 655 1104 0 (0 1024 520 ) (0 1024 960 ) (0 1088 960 ) (0 1088 520 ) 
4 655 1103 0 (0 1088 960 ) (0 1120 960 ) (0 1120 520 ) (0 1088 520 ) 
4 655 1102 0 (0 1120 960 ) (0 1408 960 ) (0 1408 520 ) (0 1120 520 ) 
4 655 964 0 (0 1024 768 ) (0 1024 520 ) (288 1024 520 ) (288 1024 768 ) 
4 655 947 0 (288 1024 520 ) (320 1024 520 ) (320 1024 704 ) (288 1024 704 ) 
4 655 780 0 (320 1024 520 ) (672 1024 520 ) (672 1024 704 ) (320 1024 704 ) 
4 655 742 0 (672 1024 704 ) (672 1024 768 ) (288 1024 768 ) (288 1024 704 ) 
4 655 730 0 (0 1024 960 ) (0 1024 768 ) (672 1024 768 ) (672 1024 960 ) 
3 655 663 0 (486.866760 1206.348267 520 ) (494.212708 1245.667969 520 ) (533.532349 1238.322021 520 ) 
3 655 662 0 (628.417603 1179.902954 520 ) (653.996643 1142.570435 520 ) (616.664185 1116.991455 520 ) 
4 655 661 0 (653.996643 1142.570435 520 ) (672 1116.294678 520 ) (672 1065.961182 520 ) (569.998352 1085.017578 520 ) 
3 655 660 0 (475.113281 1143.436646 520 ) (391.981415 1264.767456 520 ) (494.212708 1245.667969 520 ) 
4 655 659 0 (507.087097 1096.770996 520 ) (0 1191.507446 520 ) (0 1338 520 ) (391.981415 1264.767456 520 ) 
4 655 658 0 (0 1408 520 ) (472.132690 1408 520 ) (596.443848 1226.568481 520 ) (0 1338 520 ) 
3 655 657 0 (472.132690 1408 520 ) (672 1408 520 ) (672 1116.294678 520 ) 
4 655 656 0 (672 1065.961182 520 ) (672 1024 520 ) (0 1024 520 ) (0 1191.507446 520 ) 
4 656 1104 0 (0 1024 512 ) (0 1024 520 ) (0 1088 520 ) (0 1088 512 ) 
4 656 1103 0 (0 1088 520 ) (0 1120 520 ) (0 1120 512 ) (0 1088 512 ) 
4 656 1102 0 (0 1120 520 ) (0 1191.507446 520 ) (0 1191.507446 512 ) (0 1120 512 ) 
4 656 964 0 (0 1024 520 ) (0 1024 512 ) (288 1024 512 ) (288 1024 520 ) 
4 656 947 0 (288 1024 512 ) (320 1024 512 ) (320 1024 520 ) (288 1024 520 ) 
4 656 780 0 (320 1024 512 ) (672 1024 512 ) (672 1024 520 ) (320 1024 520 ) 
4 656 685 0 (288 1024 512 ) (0 1024 512 ) (0 1088 512 ) (288 1088 512 ) 
4 656 681 0 (0 1088 512 ) (0 1191.507446 512 ) (160 1161.615479 512 ) (160 1088 512 ) 
4 656 679 0 (288 1120 512 ) (288 1088 512 ) (160 1088 512 ) (160 1120 512 ) 
5 656 675 0 (211.467896 1152 512 ) (288 1137.701904 512 ) (288 1120 512 ) (160 1120 512 ) (160 1152 512 ) 
3 656 673 0 (160 1161.615479 512 ) (211.467896 1152 512 ) (160 1152 512 ) 
3 656 667 0 (320 1024 512 ) (288 1024 512 ) (288 1088 512 ) 
4 656 661 0 (672 1065.961060 512 ) (569.998169 1085.017456 512 ) (569.998718 1085.017822 520 ) (672 1065.961548 520 ) 
4 656 659 0 (507.087219 1096.770752 512 ) (0 1191.506836 512 ) (0 1191.507690 520 ) (507.086792 1096.771362 520 ) 
3 657 671 0 (472.132690 1408 512 ) (480 1408 512 ) (474.140198 1405.070068 512 ) 
4 657 664 0 (640 1408 512 ) (672 1408 512 ) (672 1376 512 ) (640 1392 512 ) 
3 657 666 0 (608 1408 512 ) (640 1408 512 ) (640 1392 512 ) 
4 657 662 0 (628.418518 1179.907715 512 ) (654 1142.572388 512 ) (654 1142.572388 520 ) (628.418457 1179.907593 520 ) 
4 657 661 0 (654 1142.572388 512 ) (672 1116.300659 512 ) (672 1116.300537 520 ) (654 1142.572388 520 ) 
4 657 658 0 (472.137024 1408 512 ) (596.448669 1226.567627 512 ) (596.448425 1226.567627 520 ) (472.136719 1408 520 ) 
4 658 1102 0 (0 1338 520 ) (0 1408 520 ) (0 1408 512 ) (0 1338 512 ) 
4 658 681 0 (0 1408 512 ) (160 1408 512 ) (160 1308.107788 512 ) (0 1338 512 ) 
4 658 672 0 (160 1408 512 ) (288 1408 512 ) (288 1284.193970 512 ) (160 1308.107788 512 ) 
4 658 671 0 (384 1408 512 ) (472.132690 1408 512 ) (474.140198 1405.070068 512 ) (352 1344 512 ) 
5 658 670 0 (320 1376 512 ) (320 1280 512 ) (319.183990 1278.367920 512 ) (288 1284.193970 512 ) (288 1376 512 ) 
4 658 669 0 (288 1408 512 ) (320 1408 512 ) (320 1376 512 ) (288 1376 512 ) 
3 658 668 0 (320 1408 512 ) (384 1408 512 ) (320 1280 512 ) 
4 658 663 0 (494.212769 1245.668457 512 ) (533.532898 1238.322388 512 ) (533.532898 1238.322388 520 ) (494.212769 1245.668457 520 ) 
4 658 660 0 (391.980988 1264.768066 512 ) (494.212769 1245.668457 512 ) (494.212769 1245.668457 520 ) (391.981018 1264.768066 520 ) 
4 658 659 0 (0 1338 512 ) (391.980988 1264.768066 512 ) (391.981018 1264.768066 520 ) (0 1338 520 ) 
4 659 1102 0 (0 1191.507446 520 ) (0 1338 520 ) (0 1338 512 ) (0 1191.507446 512 ) 
4 659 681 0 (160 1161.615479 512 ) (0 1191.507446 512 ) (0 1338 512 ) (160 1308.107788 512 ) 
3 659 675 0 (288 1137.701904 512 ) (211.467896 1152 512 ) (288 1152 512 ) 
5 659 673 0 (211.467896 1152 512 ) (160 1161.615479 512 ) (160 1184 512 ) (288 1184 512 ) (288 1152 512 ) 
4 659 672 0 (160 1184 512 ) (160 1308.107788 512 ) (288 1284.193970 512 ) (288 1184 512 ) 
3 659 670 0 (288 1216 512 ) (288 1284.193970 512 ) (319.183990 1278.367920 512 ) 
4 659 660 0 (475.111511 1143.427246 512 ) (391.977386 1264.764038 512 ) (391.977386 1264.764038 520 ) (475.111511 1143.427246 520 ) 
4 660 663 0 (486.864960 1206.347046 512 ) (494.210938 1245.667847 512 ) (494.210938 1245.667847 520 ) (486.864960 1206.347046 520 ) 
4 661 662 0 (653.996155 1142.571167 520 ) (653.996155 1142.571167 512 ) (616.664307 1116.992554 512 ) (616.664307 1116.992554 520 ) 
4 664 665 0 (640 1406 32 ) (640 1408 32 ) (672 1408 32 ) (672 1406 32 ) 
4 664 666 0 (640 1391.996094 32 ) (640 1391.996094 512 ) (640 1408 512 ) (640 1408 32 ) 
3 665 666 0 (640 1406 32 ) (640 1408 32 ) (640 1408 24 ) 
4 667 947 0 (320 1024 128 ) (320 1024 512 ) (288 1024 512 ) (288 1024 128 ) 
4 667 685 0 (288 1024 512 ) (288 1088 512 ) (288 1088 128 ) (288 1024 128 ) 
4 668 671 0 (352 1344 0 ) (384 1408 0 ) (384 1408 512 ) (352 1344 512 ) 
4 668 670 0 (320 1279.988281 64.005875 ) (320 1279.988281 512 ) (320 1376 512 ) (320 1376 16 ) 
4 668 669 0 (320 1376 512 ) (320 1408 512 ) (320 1408 0 ) (320 1376 0 ) 
4 669 680 0 (288 1408 16 ) (288 1408 0 ) (288 1376 0 ) (288 1376 16 ) 
4 669 676 0 (288 1408 64 ) (288 1408 16 ) (288 1376 16 ) (288 1376 64 ) 
4 669 674 0 (288 1408 80 ) (288 1408 64 ) (288 1376 64 ) (288 1376 80 ) 
4 669 672 0 (288 1376 512 ) (288 1408 512 ) (288 1408 80 ) (288 1376 80 ) 
4 669 670 0 (288 1376 512 ) (288 1376 16 ) (320 1376 16 ) (320 1376 512 ) 
3 670 677 0 (288 1312 48 ) (288 1280 64 ) (288 1312 64 ) 
4 670 676 0 (288 1376 64 ) (288 1376 16 ) (288 1312 48 ) (288 1312 64 ) 
4 670 674 0 (288 1376 80 ) (288 1376 64 ) (288 1280 64 ) (288 1248 80 ) 
5 670 672 0 (288 1216 512 ) (288 1376 512 ) (288 1376 80 ) (288 1248 80 ) (288 1216 96 ) 
5 672 683 0 (160 1376 80 ) (160 1248 80 ) (160 1184 112 ) (160 1184 144 ) (160 1376 144 ) 
4 672 682 0 (160 1408 144 ) (160 1408 80 ) (160 1376 80 ) (160 1376 144 ) 
4 672 681 0 (160 1184 512 ) (160 1408 512 ) (160 1408 144 ) (160 1184 144 ) 
4 672 674 0 (160 1216 80 ) (160 1408 80 ) (288 1408 80 ) (288 1216 80 ) 
4 672 673 0 (160 1184 512 ) (160 1184 96 ) (288 1184 96 ) (288 1184 512 ) 
4 673 683 0 (160 1184 144 ) (160 1184 112 ) (160 1152 128 ) (160 1152 144 ) 
4 673 681 0 (160 1152 512 ) (160 1184 512 ) (160 1184 144 ) (160 1152 144 ) 
4 673 675 0 (160 1152 512 ) (160 1152 112 ) (288 1152 112 ) (288 1152 512 ) 
4 674 683 0 (160 1376 64 ) (160 1280 64 ) (160 1248 80 ) (160 1376 80 ) 
4 674 682 0 (160 1408 80 ) (160 1408 64 ) (160 1376 64 ) (160 1376 80 ) 
4 674 677 0 (160 1248 64 ) (160 1312 64 ) (288 1312 64 ) (288 1248 64 ) 
4 674 676 0 (160 1312 64 ) (160 1408 64 ) (288 1408 64 ) (288 1312 64 ) 
3 675 683 0 (160 1152 144 ) (160 1152 128 ) (160 1120 144 ) 
4 675 681 0 (160 1120 512 ) (160 1152 512 ) (160 1152 144 ) (160 1120 144 ) 
4 675 679 0 (160 1120 512 ) (160 1120 128 ) (288 1120 128 ) (288 1120 512 ) 
4 676 683 0 (160 1376 16 ) (160 1312 48 ) (160 1312 64 ) (160 1376 64 ) 
4 676 682 0 (160 1408 64 ) (160 1408 16 ) (160 1376 16 ) (160 1376 64 ) 
4 676 680 0 (160 1344 16 ) (160 1408 16 ) (288 1408 16 ) (288 1344 16 ) 
4 676 678 0 (288 1312 32 ) (288 1312 48 ) (160 1312 48 ) (160 1312 32 ) 
4 676 677 0 (288 1312 48 ) (288 1312 64 ) (160 1312 64 ) (160 1312 48 ) 
3 677 683 0 (160 1280 64 ) (160 1312 64 ) (160 1312 48 ) 
4 677 678 0 (160 1280 48 ) (160 1312 48 ) (288 1312 48 ) (288 1280 48 ) 
4 679 685 0 (288 1088 128 ) (288 1088 512 ) (160 1088 512 ) (160 1088 128 ) 
4 679 681 0 (160 1088 144 ) (160 1088 512 ) (160 1120 512 ) (160 1120 144 ) 
4 680 682 0 (160 1376 16 ) (160 1408 16 ) (160 1408 0 ) (160 1376 0 ) 
4 681 1103 0 (0 1088 512 ) (0 1120 512 ) (0 1120 144 ) (0 1088 144 ) 
4 681 1102 0 (0 1120 512 ) (0 1408 512 ) (0 1408 144 ) (0 1120 144 ) 
4 681 685 0 (160 1088 144 ) (160 1088 512 ) (0 1088 512 ) (0 1088 144 ) 
4 681 683 0 (160 1376 144 ) (160 1120 144 ) (128 1120 144 ) (128 1376 144 ) 
4 681 684 0 (128 1120 144 ) (0 1120 144 ) (0 1376 144 ) (128 1376 144 ) 
4 681 682 0 (0 1408 144 ) (160 1408 144 ) (160 1376 144 ) (0 1376 144 ) 
4 682 1102 0 (0 1408 144 ) (0 1408 0 ) (0 1376 0 ) (0 1376 144 ) 
4 682 683 0 (160 1376 16 ) (160 1376 144 ) (128 1376 144 ) (128 1376 16 ) 
4 682 684 0 (0 1376 0 ) (128 1376 0 ) (128 1376 144 ) (0 1376 144 ) 
3 683 684 0 (128 1376 144 ) (128 1376 16 ) (128 1120 144 ) 
4 684 1102 0 (0 1376 0 ) (0 1120 0 ) (0 1120 144 ) (0 1376 144 ) 
4 685 1104 0 (0 1024 128 ) (0 1024 512 ) (0 1088 512 ) (0 1088 128 ) 
4 685 964 0 (0 1024 512 ) (0 1024 128 ) (288 1024 128 ) (288 1024 512 ) 
4 686 727 0 (672 1680 0 ) (672 1700 0 ) (672 1700 -80 ) (672 1680 -80 ) 
4 686 707 0 (954 1680 -80 ) (1024 1680 -80 ) (1024 1680 -78.800003 ) (954 1680 -78.800003 ) 
4 686 709 0 (672 1680 -78.800003 ) (672 1680 -80 ) (950 1680 -80 ) (950 1680 -78.800003 ) 
4 686 691 0 (954 1680 -52 ) (954 1680 0 ) (950 1680 0 ) (950 1680 -52 ) 
4 686 689 0 (954 1680 -78.800003 ) (1024 1680 -78.800003 ) (1024 1680 0 ) (954 1680 0 ) 
4 686 693 0 (673.007996 1680 -78.800003 ) (950 1680 -78.800003 ) (950 1680 0 ) (673.007996 1680 0 ) 
4 686 698 0 (672 1680 0 ) (672 1680 -78.800003 ) (673.007996 1680 -78.800003 ) (673.007996 1680 0 ) 
4 686 687 0 (1024 1680 -80 ) (960 1680 -80 ) (960 1760 -80 ) (1024 1760 -80 ) 
4 687 710 0 (960 1680 -96 ) (1024 1680 -96 ) (1024 1680 -80 ) (960 1680 -80 ) 
4 687 688 0 (1024 1680 -96 ) (992 1680 -96 ) (992 1760 -96 ) (1024 1760 -96 ) 
4 688 710 0 (1024 1680 -112 ) (1024 1680 -96 ) (992 1680 -96 ) (992 1680 -112 ) 
4 689 707 0 (954 1680 -78.800003 ) (1024 1680 -78.800003 ) (1024 1678 -78.800003 ) (954 1678 -78.800003 ) 
4 689 691 0 (954 1680 0 ) (954 1680 -52 ) (954 1678 -54 ) (954 1678 0 ) 
3 689 690 0 (954 1678.800049 -78.800003 ) (954 1678 -78.800003 ) (954 1678 -78 ) 
4 689 692 0 (954 1678 -78.800003 ) (1024 1678 -78.800003 ) (1024 1678 0 ) (954 1678 0 ) 
4 690 708 0 (954 1678.800049 -78.800003 ) (954 1678 -78.800003 ) (950 1678 -78.800003 ) (950 1678.800049 -78.800003 ) 
3 690 693 0 (950 1678.800049 -78.800003 ) (950 1678 -78.800003 ) (950 1678 -78 ) 
4 690 692 0 (950 1678 -78 ) (950 1678 -78.800003 ) (954 1678 -78.800003 ) (954 1678 -78 ) 
4 691 692 0 (950 1678 0 ) (950 1678 -54 ) (954 1678 -54 ) (954 1678 0 ) 
4 691 693 0 (950 1680 0 ) (950 1680 -52 ) (950 1678 -54 ) (950 1678 0 ) 
4 692 708 0 (954 1529.839966 -78.800003 ) (950 1529.839966 -78.800003 ) (950 1678 -78.800003 ) (954 1678 -78.800003 ) 
4 692 707 0 (1024 1678 -78.800003 ) (1024 1529.839966 -78.800003 ) (954 1529.839966 -78.800003 ) (954 1678 -78.800003 ) 
4 692 694 0 (950 1529.839966 -78.800003 ) (1024 1529.839966 -78.800003 ) (1024 1529.839966 0 ) (950 1529.839966 0 ) 
4 692 693 0 (950 1678 -78.800003 ) (950 1529.839966 -78.800003 ) (950 1529.839966 0 ) (950 1678 0 ) 
4 693 709 0 (673.007996 1680 -78.800003 ) (950 1680 -78.800003 ) (950 1529.839966 -78.800003 ) (673.007996 1529.839966 -78.800003 ) 
4 693 695 0 (673.007996 1529.839966 0 ) (673.007996 1529.839966 -0.961527 ) (810.992004 1529.839966 -69.953506 ) (810.992004 1529.839966 0 ) 
4 693 696 0 (673.007996 1529.839966 -78.577499 ) (673.007996 1529.839966 -78.800003 ) (810.992004 1529.839966 -78.800003 ) (810.992004 1529.839966 -78.577499 ) 
4 693 694 0 (810.992004 1529.839966 -78.800003 ) (950 1529.839966 -78.800003 ) (950 1529.839966 0 ) (810.992004 1529.839966 0 ) 
4 693 698 0 (673.007996 1680 0 ) (673.007996 1680 -78.800003 ) (673.007996 1529.839966 -78.800003 ) (673.007996 1529.839966 0 ) 
4 694 708 0 (954 1512.800049 -78.800003 ) (950 1512.800049 -78.800003 ) (950 1529.839966 -78.800003 ) (954 1529.839966 -78.800003 ) 
4 694 707 0 (1024 1529.839966 -78.800003 ) (1024 1512.800049 -78.800003 ) (954 1512.800049 -78.800003 ) (954 1529.839966 -78.800003 ) 
4 694 709 0 (950 1512.800049 -78.800003 ) (810.992004 1512.800049 -78.800003 ) (810.992004 1529.839966 -78.800003 ) (950 1529.839966 -78.800003 ) 
4 694 705 0 (810.992004 1512.800049 -78.800003 ) (1024 1512.800049 -78.800003 ) (1024 1512.800049 -67.599998 ) (810.992004 1512.800049 -67.599998 ) 
4 694 702 0 (1024 1512.800049 -67.599998 ) (1024 1512.800049 -45.200001 ) (810.992004 1512.800049 -45.200001 ) (810.992004 1512.800049 -67.599998 ) 
4 694 700 0 (1024 1512.800049 -45.200001 ) (1024 1512.800049 -33.200001 ) (810.992004 1512.800049 -33.200001 ) (810.992004 1512.800049 -45.200001 ) 
4 694 699 0 (1024 1512.800049 -33.200001 ) (1024 1512.800049 0 ) (810.992004 1512.800049 0 ) (810.992004 1512.800049 -33.200001 ) 
4 694 695 0 (810.992004 1529.839966 0 ) (810.992004 1529.839966 -69.953506 ) (810.992004 1514.160034 -69.953506 ) (810.992004 1514.160034 0 ) 
4 694 696 0 (810.992004 1529.839966 -78.577499 ) (810.992004 1529.839966 -78.800003 ) (810.992004 1514.160034 -78.800003 ) (810.992004 1514.160034 -78.577499 ) 
4 694 697 0 (810.992004 1514.160034 -78.800003 ) (810.992004 1512.800049 -78.800003 ) (810.992004 1512.800049 0 ) (810.992004 1514.160034 0 ) 
4 695 698 0 (673.007996 1514.160034 -0.961526 ) (673.007996 1514.160034 0 ) (673.007996 1529.839966 0 ) (673.007996 1529.839966 -0.961527 ) 
4 695 697 0 (673.007996 1514.160034 0 ) (673.007996 1514.160034 -0.961527 ) (810.992004 1514.160034 -69.953506 ) (810.992004 1514.160034 0 ) 
4 696 709 0 (673.007996 1514.160034 -78.800003 ) (673.007996 1529.839966 -78.800003 ) (810.992004 1529.839966 -78.800003 ) (810.992004 1514.160034 -78.800003 ) 
4 696 697 0 (673.007996 1514.160034 -78.577499 ) (673.007996 1514.160034 -78.800003 ) (810.992004 1514.160034 -78.800003 ) (810.992004 1514.160034 -78.577499 ) 
4 696 698 0 (673.007996 1529.839966 -78.800003 ) (673.007996 1514.160034 -78.800003 ) (673.007996 1514.160034 -78.577499 ) (673.007996 1529.839966 -78.577499 ) 
4 697 709 0 (810.992004 1512.800049 -78.800003 ) (673.007996 1512.800049 -78.800003 ) (673.007996 1514.160034 -78.800003 ) (810.992004 1514.160034 -78.800003 ) 
4 697 705 0 (805.600037 1512.800049 -78.800003 ) (810.992004 1512.800049 -78.800003 ) (810.992004 1512.800049 -67.599998 ) (805.600037 1512.800049 -67.599998 ) 
4 697 704 0 (694.800049 1512.800049 0 ) (673.007996 1512.800049 0 ) (673.007996 1512.800049 -9.200000 ) (694.800049 1512.800049 -9.200000 ) 
4 697 703 0 (783.200012 1512.800049 -45.200001 ) (760.800049 1512.800049 -45.200001 ) (760.800049 1512.800049 -56.400002 ) (783.200012 1512.800049 -56.400002 ) 
4 697 702 0 (810.992004 1512.800049 -67.599998 ) (810.992004 1512.800049 -45.200001 ) (783.200012 1512.800049 -45.200001 ) (783.200012 1512.800049 -67.599998 ) 
4 697 701 0 (716.800049 1512.800049 0 ) (694.800049 1512.800049 0 ) (694.800049 1512.800049 -21.200001 ) (716.800049 1512.800049 -21.200001 ) 
4 697 700 0 (810.992004 1512.800049 -45.200001 ) (810.992004 1512.800049 -33.200001 ) (738.800049 1512.800049 -33.200001 ) (738.800049 1512.800049 -45.200001 ) 
4 697 699 0 (810.992004 1512.800049 -33.200001 ) (810.992004 1512.800049 0 ) (716.800049 1512.800049 0 ) (716.800049 1512.800049 -33.200001 ) 
4 697 698 0 (673.007996 1514.160034 -78.800003 ) (673.007996 1512.800049 -78.800003 ) (673.007996 1512.800049 0 ) (673.007996 1514.160034 0 ) 
4 698 727 0 (672 1636 0 ) (672 1680 0 ) (672 1680 -78.800003 ) (672 1636 -78.800003 ) 
4 698 709 0 (672 1512.800049 -78.800003 ) (672 1680 -78.800003 ) (673.007996 1680 -78.800003 ) (673.007996 1512.800049 -78.800003 ) 
4 698 704 0 (673.007996 1512.800049 -9.200000 ) (673.007996 1512.800049 0 ) (672.400024 1512.800049 0 ) (672.400024 1512.800049 -9.200000 ) 
4 698 706 0 (672 1512.800049 0 ) (672 1512.800049 -78.800003 ) (672.400024 1512.800049 -78.800003 ) (672.400024 1512.800049 0 ) 
4 699 715 0 (810.992004 1423.199951 0 ) (716.800049 1423.199951 0 ) (716.800049 1423.199951 -33.200001 ) (810.992004 1423.199951 -33.200001 ) 
4 699 714 0 (960 1423.199951 0 ) (810.992004 1423.199951 0 ) (810.992004 1423.199951 -33.200001 ) (960 1423.199951 -33.200001 ) 
4 699 713 0 (1024 1423.199951 -33.200001 ) (1024 1423.199951 0 ) (960 1423.199951 0 ) (960 1423.199951 -33.200001 ) 
4 699 701 0 (716.800049 1512.800049 0 ) (716.800049 1512.800049 -21.200001 ) (716.800049 1423.199951 -21.200001 ) (716.800049 1423.199951 0 ) 
4 699 700 0 (1024 1423.199951 -33.200001 ) (738.800049 1423.199951 -33.200001 ) (738.800049 1512.800049 -33.200001 ) (1024 1512.800049 -33.200001 ) 
4 700 715 0 (810.992004 1423.199951 -33.200001 ) (738.800049 1423.199951 -33.200001 ) (738.800049 1423.199951 -45.200001 ) (810.992004 1423.199951 -45.200001 ) 
4 700 714 0 (960 1423.199951 -33.200001 ) (810.992004 1423.199951 -33.200001 ) (810.992004 1423.199951 -45.200001 ) (960 1423.199951 -45.200001 ) 
4 700 713 0 (1024 1423.199951 -45.200001 ) (1024 1423.199951 -33.200001 ) (960 1423.199951 -33.200001 ) (960 1423.199951 -45.200001 ) 
4 700 703 0 (783.200012 1423.199951 -45.200001 ) (760.800049 1423.199951 -45.200001 ) (760.800049 1512.800049 -45.200001 ) (783.200012 1512.800049 -45.200001 ) 
4 700 702 0 (1024 1423.199951 -45.200001 ) (783.200012 1423.199951 -45.200001 ) (783.200012 1512.800049 -45.200001 ) (1024 1512.800049 -45.200001 ) 
4 701 715 0 (716.800049 1423.199951 0 ) (694.800049 1423.199951 0 ) (694.800049 1423.199951 -21.200001 ) (716.800049 1423.199951 -21.200001 ) 
4 701 704 0 (694.800049 1512.800049 0 ) (694.800049 1512.800049 -9.200000 ) (694.800049 1423.199951 -9.200000 ) (694.800049 1423.199951 0 ) 
4 702 715 0 (810.992004 1423.199951 -45.200001 ) (783.200012 1423.199951 -45.200001 ) (783.200012 1423.199951 -67.599998 ) (810.992004 1423.199951 -67.599998 ) 
4 702 714 0 (960 1423.199951 -45.200001 ) (810.992004 1423.199951 -45.200001 ) (810.992004 1423.199951 -67.599998 ) (960 1423.199951 -67.599998 ) 
4 702 713 0 (1024 1423.199951 -67.599998 ) (1024 1423.199951 -45.200001 ) (960 1423.199951 -45.200001 ) (960 1423.199951 -67.599998 ) 
4 702 705 0 (1024 1423.199951 -67.599998 ) (805.600037 1423.199951 -67.599998 ) (805.600037 1512.800049 -67.599998 ) (1024 1512.800049 -67.599998 ) 
4 702 703 0 (783.200012 1423.199951 -56.400002 ) (783.200012 1423.199951 -45.200001 ) (783.200012 1512.800049 -45.200001 ) (783.200012 1512.800049 -56.400002 ) 
4 703 715 0 (783.200012 1423.199951 -45.200001 ) (760.800049 1423.199951 -45.200001 ) (760.800049 1423.199951 -56.400002 ) (783.200012 1423.199951 -56.400002 ) 
4 704 726 0 (673.007996 1423.199951 0 ) (672.400024 1423.199951 0 ) (672.400024 1423.199951 -9.200000 ) (673.007996 1423.199951 -9.200000 ) 
4 704 715 0 (694.800049 1423.199951 0 ) (673.007996 1423.199951 0 ) (673.007996 1423.199951 -9.200000 ) (694.800049 1423.199951 -9.200000 ) 
4 704 706 0 (672.400024 1512.800049 0 ) (672.400024 1512.800049 -9.200000 ) (672.400024 1423.199951 -9.200000 ) (672.400024 1423.199951 0 ) 
4 705 715 0 (805.600037 1423.199951 -78.800003 ) (810.992004 1423.199951 -78.800003 ) (810.992004 1423.199951 -67.599998 ) (805.600037 1423.199951 -67.599998 ) 
4 705 714 0 (810.992004 1423.199951 -78.800003 ) (960 1423.199951 -78.800003 ) (960 1423.199951 -67.599998 ) (810.992004 1423.199951 -67.599998 ) 
4 705 713 0 (960 1423.199951 -78.800003 ) (1024 1423.199951 -78.800003 ) (1024 1423.199951 -67.599998 ) (960 1423.199951 -67.599998 ) 
4 705 708 0 (954 1423.199951 -78.800003 ) (950 1423.199951 -78.800003 ) (950 1512.800049 -78.800003 ) (954 1512.800049 -78.800003 ) 
4 705 707 0 (1024 1423.199951 -78.800003 ) (954 1423.199951 -78.800003 ) (954 1512.800049 -78.800003 ) (1024 1512.800049 -78.800003 ) 
4 705 709 0 (950 1423.199951 -78.800003 ) (805.600037 1423.199951 -78.800003 ) (805.600037 1512.800049 -78.800003 ) (950 1512.800049 -78.800003 ) 
4 706 726 0 (672 1423.199951 0 ) (672 1423.199951 -78.800003 ) (672.400024 1423.199951 -78.800003 ) (672.400024 1423.199951 0 ) 
4 706 709 0 (672.400024 1423.199951 -78.800003 ) (672 1423.199951 -78.800003 ) (672 1512.800049 -78.800003 ) (672.400024 1512.800049 -78.800003 ) 
4 707 714 0 (954 1423.199951 -80 ) (960 1423.199951 -80 ) (960 1423.199951 -78.800003 ) (954 1423.199951 -78.800003 ) 
4 707 713 0 (960 1423.199951 -80 ) (1024 1423.199951 -80 ) (1024 1423.199951 -78.800003 ) (960 1423.199951 -78.800003 ) 
4 707 711 0 (960 1504 -80 ) (960 1536 -80 ) (1024 1536 -80 ) (1024 1504 -80 ) 
4 707 712 0 (1024 1423.199951 -80 ) (960 1423.199951 -80 ) (960 1504 -80 ) (1024 1504 -80 ) 
4 707 710 0 (960 1536 -80 ) (960 1680 -80 ) (1024 1680 -80 ) (1024 1536 -80 ) 
4 707 708 0 (954 1680 -80 ) (954 1423.199951 -80 ) (954 1423.199951 -78.800003 ) (954 1678.800049 -78.800003 ) 
4 708 714 0 (950 1423.199951 -80 ) (954 1423.199951 -80 ) (954 1423.199951 -78.800003 ) (950 1423.199951 -78.800003 ) 
4 708 709 0 (950 1680 -80 ) (950 1423.199951 -80 ) (950 1423.199951 -78.800003 ) (950 1678.800049 -78.800003 ) 
4 709 727 0 (672 1680 -78.800003 ) (672 1680 -80 ) (672 1636 -80 ) (672 1636 -78.800003 ) 
4 709 726 0 (672 1423.199951 -78.800003 ) (672 1423.199951 -80 ) (673.007996 1423.199951 -80 ) (673.007996 1423.199951 -78.800003 ) 
4 709 715 0 (673.007996 1423.199951 -80 ) (810.992004 1423.199951 -80 ) (810.992004 1423.199951 -78.800003 ) (673.007996 1423.199951 -78.800003 ) 
4 709 714 0 (810.992004 1423.199951 -80 ) (950 1423.199951 -80 ) (950 1423.199951 -78.800003 ) (810.992004 1423.199951 -78.800003 ) 
4 710 711 0 (960 1536 -80 ) (960 1536 -192 ) (1024 1536 -192 ) (1024 1536 -80 ) 
4 711 712 0 (960 1504 -80 ) (960 1504 -192 ) (1024 1504 -192 ) (1024 1504 -80 ) 
4 712 713 0 (960 1423.199951 -256 ) (1024 1423.199951 -256 ) (1024 1423.199951 -80 ) (960 1423.199951 -80 ) 
4 713 974 0 (1024 1024 -256 ) (1024 1024 0 ) (960 1024 0 ) (960 1024 -256 ) 
4 713 725 0 (960 1338 -256 ) (960 1024 -256 ) (960 1024 -96 ) (960 1338 -96 ) 
4 713 724 0 (960 1322 -96 ) (960 1024 -96 ) (960 1024 -80 ) (960 1322 -80 ) 
4 713 714 0 (960 1423.199951 0 ) (960 1423.199951 -80 ) (960 1024 -80 ) (960 1024 0 ) 
4 714 974 0 (960 1024 0 ) (810.992004 1024 0 ) (810.992004 1024 -80 ) (960 1024 -80 ) 
5 714 724 0 (960 1322 -80 ) (960 1024 -80 ) (896 1024 -80 ) (810.992004 1194.015991 -80 ) (810.992004 1322 -80 ) 
3 714 722 0 (896 1024 -80 ) (810.992004 1024 -80 ) (810.992004 1194.015991 -80 ) 
4 714 718 0 (810.992004 1406.160034 -80 ) (810.992004 1024 -80 ) (810.992004 1024 0 ) (810.992004 1406.160034 0 ) 
4 714 716 0 (810.992004 1406.160034 -69.953506 ) (810.992004 1406.160034 0 ) (810.992004 1421.839966 0 ) (810.992004 1421.839966 -69.953506 ) 
4 714 717 0 (810.992004 1421.839966 -80 ) (810.992004 1406.160034 -80 ) (810.992004 1406.160034 -78.577499 ) (810.992004 1421.839966 -78.577499 ) 
4 714 715 0 (810.992004 1423.199951 0 ) (810.992004 1423.199951 -80 ) (810.992004 1421.839966 -80 ) (810.992004 1421.839966 0 ) 
4 715 726 0 (673.007996 1423.199951 0 ) (673.007996 1423.199951 -80 ) (673.007996 1421.839966 -80 ) (673.007996 1421.839966 0 ) 
4 715 716 0 (673.007996 1421.839966 0 ) (673.007996 1421.839966 -0.961527 ) (810.992004 1421.839966 -69.953506 ) (810.992004 1421.839966 0 ) 
4 715 717 0 (673.007996 1421.839966 -78.577499 ) (673.007996 1421.839966 -80 ) (810.992004 1421.839966 -80 ) (810.992004 1421.839966 -78.577499 ) 
4 716 726 0 (673.007996 1406.160034 -0.961526 ) (673.007996 1406.160034 0 ) (673.007996 1421.839966 0 ) (673.007996 1421.839966 -0.961527 ) 
4 716 720 0 (673.007996 1406.160034 0 ) (673.007996 1406.160034 -0.961527 ) (800 1406.160034 -64.457512 ) (800 1406.160034 0 ) 
4 716 718 0 (800 1406.160034 -64.457512 ) (810.992004 1406.160034 -69.953506 ) (810.992004 1406.160034 0 ) (800 1406.160034 0 ) 
4 717 726 0 (673.007996 1421.839966 -80 ) (673.007996 1406.160034 -80 ) (673.007996 1406.160034 -78.577499 ) (673.007996 1421.839966 -78.577499 ) 
4 717 720 0 (673.007996 1406.160034 -78.577499 ) (673.007996 1406.160034 -80 ) (800 1406.160034 -80 ) (800 1406.160034 -78.577499 ) 
4 717 718 0 (800 1406.160034 -80 ) (810.992004 1406.160034 -80 ) (810.992004 1406.160034 -78.577499 ) (800 1406.160034 -78.577499 ) 
4 718 974 0 (810.992004 1024 0 ) (800 1024 0 ) (800 1024 -80 ) (810.992004 1024 -80 ) 
4 718 724 0 (810.992004 1322 -80 ) (810.992004 1194.015991 -80 ) (800 1216 -80 ) (800 1322 -80 ) 
4 718 722 0 (810.992004 1194.015991 -80 ) (810.992004 1024 -80 ) (800 1024 -80 ) (800 1216 -80 ) 
4 718 721 0 (800 1312 -80 ) (800 1216 -80 ) (800 1216 0 ) (800 1312 0 ) 
4 718 720 0 (800 1406.160034 0 ) (800 1406.160034 -80 ) (800 1312 -80 ) (800 1312 0 ) 
4 718 719 0 (800 1088 -80 ) (800 1024 -80 ) (800 1024 0 ) (800 1088 0 ) 
4 719 974 0 (800 1024 0 ) (768 1024 0 ) (768 1024 -80 ) (800 1024 -80 ) 
3 719 723 0 (800 1088 -80 ) (800 1024 -80 ) (768 1024 -80 ) 
4 720 726 0 (673.007996 1406.160034 -80 ) (673.007996 1375.496094 -80 ) (673.007996 1375.496094 0 ) (673.007996 1406.160034 0 ) 
3 720 724 0 (800 1322 -80 ) (800 1312 -80 ) (780 1322 -80 ) 
4 720 721 0 (736 1344 -80 ) (800 1312 -80 ) (800 1312 0 ) (736 1344 0 ) 
4 721 724 0 (780 1322 -80 ) (800 1312 -80 ) (800 1216 -80 ) (747 1322 -80 ) 
4 722 974 0 (800 1024 -256 ) (896 1024 -256 ) (896 1024 -80 ) (800 1024 -80 ) 
4 722 725 0 (896 1024 -96 ) (896 1024 -256 ) (800 1216 -256 ) (800 1216 -96 ) 
4 722 724 0 (800 1216 -80 ) (896 1024 -80 ) (896 1024 -96 ) (800 1216 -96 ) 
4 722 723 0 (800 1088 -256 ) (800 1024 -256 ) (800 1024 -80 ) (800 1088 -80 ) 
4 723 974 0 (768 1024 -256 ) (800 1024 -256 ) (800 1024 -80 ) (768 1024 -80 ) 
4 724 974 0 (960 1024 -96 ) (960 1024 -80 ) (896 1024 -80 ) (896 1024 -96 ) 
4 724 725 0 (896 1024 -96 ) (747 1322 -96 ) (960 1322 -96 ) (960 1024 -96 ) 
4 725 974 0 (896 1024 -256 ) (960 1024 -256 ) (960 1024 -96 ) (896 1024 -96 ) 
4 728 1176 0 (0 1024 -192 ) (0 1024 -32 ) (0 1152 -32 ) (0 1152 -192 ) 
4 728 1062 0 (0 1024 -32 ) (0 1024 -192 ) (128 1024 -192 ) (128 1024 -32 ) 
4 728 1060 0 (128 1024 -192 ) (160 1024 -192 ) (160 1024 -32 ) (128 1024 -32 ) 
4 728 976 0 (160 1024 -192 ) (256 1024 -192 ) (256 1024 -32 ) (160 1024 -32 ) 
4 729 1196 0 (0 1024 -1546 ) (0 1024 -1338 ) (0 1500 -1338 ) (0 1500 -1546 ) 
4 729 1081 0 (0 1024 -1338 ) (0 1024 -1546 ) (620 1024 -1546 ) (620 1024 -1338 ) 
4 730 1277 0 (0 0 768 ) (0 0 960 ) (0 32 960 ) (0 32 768 ) 
4 730 1276 0 (0 32 960 ) (0 112 960 ) (0 112 768 ) (0 32 768 ) 
4 730 1249 0 (0 112 960 ) (0 256 960 ) (0 256 768 ) (0 112 768 ) 
4 730 1248 0 (0 256 960 ) (0 384 960 ) (0 384 768 ) (0 256 768 ) 
4 730 1198 0 (0 384 960 ) (0 400 960 ) (0 400 768 ) (0 384 768 ) 
4 730 1197 0 (0 400 960 ) (0 1024 960 ) (0 1024 768 ) (0 400 768 ) 
4 730 1082 0 (288 0 816 ) (1024 0 816 ) (1024 0 960 ) (288 0 960 ) 
4 730 966 0 (1024 0 768 ) (0 0 768 ) (0 32 768 ) (1024 32 768 ) 
4 730 965 0 (0 32 768 ) (0 256 768 ) (288 256 768 ) (288 32 768 ) 
4 730 964 0 (0 256 768 ) (0 1024 768 ) (288 1024 768 ) (288 256 768 ) 
3 730 754 0 (480 256 768 ) (384 256 768 ) (352 320 768 ) 
3 730 753 0 (384 256 768 ) (288 256 768 ) (288 448 768 ) 
3 730 751 0 (736 320 768 ) (704 256 768 ) (608 256 768 ) 
3 730 752 0 (800 448 768 ) (800 256 768 ) (704 256 768 ) 
4 730 750 0 (288 576 768 ) (288 768 768 ) (328 768 768 ) (328 656 768 ) 
3 730 748 0 (800 672 768 ) (800 576 768 ) (736 704 768 ) 
3 730 749 0 (800 768 768 ) (800 672 768 ) (608 768 768 ) 
3 730 745 0 (352 704 768 ) (364 728 768 ) (400 728 768 ) 
4 730 744 0 (364 728 768 ) (384 768 768 ) (480 768 768 ) (400 728 768 ) 
3 730 743 0 (328 656 768 ) (328 768 768 ) (384 768 768 ) 
4 730 755 0 (800 256 768 ) (800 32 768 ) (288 32 768 ) (288 256 768 ) 
4 730 742 0 (288 1024 768 ) (800 1024 768 ) (800 768 768 ) (288 768 768 ) 
4 730 741 0 (1024 128 768 ) (1024 32 768 ) (800 32 768 ) (800 128 768 ) 
4 730 737 0 (856 128 768 ) (800 128 768 ) (800 160 768 ) (856 160 768 ) 
4 730 736 0 (1024 160 768 ) (1024 128 768 ) (856 128 768 ) (856 160 768 ) 
4 730 735 0 (864 160 768 ) (800 160 768 ) (800 736 768 ) (864 736 768 ) 
4 730 734 0 (1024 736 768 ) (1024 160 768 ) (864 160 768 ) (864 736 768 ) 
4 730 732 0 (1024 928 768 ) (1024 736 768 ) (800 736 768 ) (800 928 768 ) 
4 730 731 0 (800 1024 768 ) (1024 1024 768 ) (1024 928 768 ) (800 928 768 ) 
4 731 974 0 (800 1024 0 ) (1024 1024 0 ) (1024 928 0 ) (800 928 0 ) 
4 731 758 0 (800 1024 0 ) (800 928 0 ) (800 928 704 ) (800 1024 704 ) 
4 731 742 0 (800 928 704 ) (800 928 768 ) (800 1024 768 ) (800 1024 704 ) 
12 731 733 0 (800 928 73.333321 ) (800 928 0 ) (960 928 0 ) (956 928 32 ) (948 928 52 ) (936 928 68 ) (924 928 76 ) (904 928 84 ) (884 928 88 ) (844 928 88 ) (824 928 84 ) (804 928 76 ) 
4 731 732 0 (800 928 768 ) (800 928 136 ) (1024 928 164 ) (1024 928 768 ) 
4 732 759 0 (800 736 136 ) (800 736 704 ) (800 928 704 ) (800 928 136 ) 
4 732 749 0 (800 736 704 ) (800 736 768 ) (800 768 768 ) (800 768 704 ) 
4 732 742 0 (800 768 768 ) (800 928 768 ) (800 928 704 ) (800 768 704 ) 
4 732 735 0 (800 736 768 ) (800 736 136 ) (864 736 144 ) (864 736 768 ) 
4 732 734 0 (864 736 144 ) (1024 736 164 ) (1024 736 768 ) (864 736 768 ) 
4 733 975 0 (960 736 0 ) (800 736 0 ) (800 928 0 ) (960 928 0 ) 
4 733 760 0 (800 928 0 ) (800 736 0 ) (800 736 73.333321 ) (800 928 73.333321 ) 
7 733 735 0 (800 736 73.333321 ) (800 736 0 ) (864 736 0 ) (864 736 88 ) (844 736 88 ) (824 736 84 ) (804 736 76 ) 
9 733 734 0 (864 736 0 ) (960 736 0 ) (956 736 32 ) (948 736 52 ) (936 736 68 ) (924 736 76 ) (904 736 84 ) (884 736 88 ) (864 736 88 ) 
4 734 984 0 (992 160 0 ) (864 160 0 ) (864 544 0 ) (992 544 0 ) 
4 734 983 0 (1024 544 0 ) (1024 160 0 ) (992 160 0 ) (992 544 0 ) 
4 734 977 0 (1024 736 0 ) (1024 544 0 ) (864 544 0 ) (864 736 0 ) 
4 734 740 0 (912 160 288 ) (864 160 288 ) (864 160 256 ) (912 160 256 ) 
4 734 739 0 (1023 160 288 ) (976 160 288 ) (976 160 256 ) (1023 160 256 ) 
4 734 736 0 (1024 160 288 ) (1024 160 768 ) (864 160 768 ) (864 160 288 ) 
5 734 735 0 (864 736 768 ) (864 736 0 ) (864 192 0 ) (864 160 192 ) (864 160 768 ) 
4 735 986 0 (800 192 0 ) (800 224 0 ) (864 224 0 ) (864 192 0 ) 
4 735 985 0 (800 224 0 ) (800 544 0 ) (864 544 0 ) (864 224 0 ) 
4 735 977 0 (800 544 0 ) (800 736 0 ) (864 736 0 ) (864 544 0 ) 
5 735 952 0 (800 256 0 ) (800 192 0 ) (800 160 192 ) (800 160 400 ) (800 256 400 ) 
4 735 951 0 (800 160 400 ) (800 160 704 ) (800 256 704 ) (800 256 400 ) 
4 735 771 0 (800 508 132 ) (800 516 132 ) (800 516 113 ) (800 508 113 ) 
4 735 769 0 (800 504 132 ) (800 504 142 ) (800 520 142 ) (800 520 132 ) 
4 735 767 0 (800 516 204 ) (800 516 142 ) (800 508 142 ) (800 508 204 ) 
4 735 765 0 (800 508 388 ) (800 516 388 ) (800 516 369 ) (800 508 369 ) 
4 735 763 0 (800 504 388 ) (800 504 398 ) (800 520 398 ) (800 520 388 ) 
4 735 761 0 (800 516 398 ) (800 508 398 ) (800 508 460 ) (800 516 460 ) 
4 735 773 0 (800 736 0 ) (800 576 0 ) (800 576 704 ) (800 736 704 ) 
4 735 949 0 (800 448 0 ) (800 352 0 ) (800 352 704 ) (800 448 704 ) 
4 735 950 0 (800 352 0 ) (800 256 0 ) (800 256 704 ) (800 352 704 ) 
4 735 752 0 (800 256 768 ) (800 448 768 ) (800 448 704 ) (800 256 704 ) 
4 735 748 0 (800 576 768 ) (800 672 768 ) (800 672 704 ) (800 576 704 ) 
4 735 749 0 (800 672 768 ) (800 736 768 ) (800 736 704 ) (800 672 704 ) 
4 735 755 0 (800 160 704 ) (800 160 768 ) (800 256 768 ) (800 256 704 ) 
3 735 738 0 (856 160 299.500031 ) (856 160 304 ) (848 160 304 ) 
4 735 737 0 (800 160 768 ) (800 160 304 ) (856 160 304 ) (856 160 768 ) 
4 735 736 0 (864 160 288 ) (864 160 768 ) (856 160 768 ) (856 160 300 ) 
5 736 741 0 (864 128 288 ) (1024 128 288 ) (1024 128 768 ) (856 128 768 ) (856 128 300 ) 
4 736 740 0 (912 128 288 ) (864 128 288 ) (864 160 288 ) (912 160 288 ) 
4 736 739 0 (1023 128 288 ) (976 128 288 ) (976 160 288 ) (1023 160 288 ) 
4 736 738 0 (856 160 304 ) (856 160 300 ) (856 128 300 ) (856 128 304 ) 
4 736 737 0 (856 160 768 ) (856 160 304 ) (856 128 304 ) (856 128 768 ) 
4 737 954 0 (800 128 304 ) (800 128 400 ) (800 160 400 ) (800 160 304 ) 
4 737 953 0 (800 128 400 ) (800 128 704 ) (800 160 704 ) (800 160 400 ) 
4 737 755 0 (800 128 704 ) (800 128 768 ) (800 160 768 ) (800 160 704 ) 
4 737 741 0 (800 128 768 ) (800 128 304 ) (856 128 304 ) (856 128 768 ) 
4 737 738 0 (848 160 304 ) (856 160 304 ) (856 128 304 ) (848 128 304 ) 
3 738 741 0 (856 128 299.500031 ) (856 128 304 ) (848 128 304 ) 
4 739 741 0 (976 128 256 ) (1023 128 256 ) (1023 128 288 ) (976 128 288 ) 
4 740 741 0 (864 128 256 ) (912 128 256 ) (912 128 288 ) (864 128 288 ) 
4 741 972 0 (1008 32 304 ) (992 32 304 ) (992 32 256 ) (1008 32 256 ) 
4 741 973 0 (896 32 304 ) (880 32 304 ) (880 32 256 ) (896 32 256 ) 
4 741 967 0 (1024 32 304 ) (1024 32 448 ) (800 32 448 ) (800 32 304 ) 
4 741 966 0 (1024 32 448 ) (1024 32 768 ) (800 32 768 ) (800 32 448 ) 
4 741 960 0 (800 32 271 ) (800 32 303 ) (800 128 303 ) (800 128 271 ) 
4 741 956 0 (800 32 303 ) (800 32 319 ) (800 128 319 ) (800 128 303 ) 
4 741 955 0 (800 32 319 ) (800 32 704 ) (800 128 704 ) (800 128 319 ) 
4 741 755 0 (800 32 704 ) (800 32 768 ) (800 128 768 ) (800 128 704 ) 
4 742 964 0 (288 768 768 ) (288 1024 768 ) (288 1024 704 ) (288 768 704 ) 
4 742 947 0 (288 768 704 ) (288 1024 704 ) (320 1024 704 ) (320 768 704 ) 
4 742 780 0 (320 1024 704 ) (736 1024 704 ) (736 768 704 ) (320 768 704 ) 
4 742 779 0 (768 928 704 ) (768 768 704 ) (736 768 704 ) (736 928 704 ) 
3 742 778 0 (736 1024 704 ) (768 1024 704 ) (736 960 704 ) 
4 742 777 0 (768 1024 704 ) (768 928 704 ) (736 928 704 ) (736 960 704 ) 
4 742 759 0 (800 928 704 ) (800 768 704 ) (768 768 704 ) (768 928 704 ) 
4 742 758 0 (768 1024 704 ) (800 1024 704 ) (800 928 704 ) (768 928 704 ) 
4 742 750 0 (288 768 768 ) (288 768 704 ) (328 768 704 ) (328 768 768 ) 
4 742 749 0 (608 768 704 ) (800 768 704 ) (800 768 768 ) (608 768 768 ) 
4 742 744 0 (384 768 704 ) (480 768 704 ) (480 768 768 ) (384 768 768 ) 
4 742 743 0 (328 768 704 ) (384 768 704 ) (384 768 768 ) (328 768 768 ) 
4 743 801 0 (328 768 704 ) (352 768 704 ) (352 704 704 ) (328 656 704 ) 
3 743 800 0 (352 768 704 ) (384 768 704 ) (352 704 704 ) 
4 743 750 0 (328 768 768 ) (328 768 704 ) (328 656 704 ) (328 656 768 ) 
4 743 747 0 (352 704 704 ) (364 728 704 ) (364 728 720 ) (352 704 720 ) 
4 743 745 0 (352 704 720 ) (364 728 720 ) (364 728 768 ) (352 704 768 ) 
4 743 744 0 (364 728 704 ) (384 768 704 ) (384 768 768 ) (364 728 768 ) 
4 744 800 0 (384 768 704 ) (480 768 704 ) (400 728 704 ) (364 728 704 ) 
4 744 747 0 (364 728 720 ) (364 728 704 ) (400 728 704 ) (400 728 720 ) 
4 744 745 0 (364 728 768 ) (364 728 720 ) (400 728 720 ) (400 728 768 ) 
3 745 747 0 (352 704 720 ) (364 728 720 ) (400 728 720 ) 
12 746 807 0 (588 728 704 ) (600 723.200073 704 ) (600 300.799988 704 ) (588 296 704 ) (500 296 704 ) (420 328 704 ) (360 388 704 ) (328 468 704 ) (328 556 704 ) (360 636 704 ) (420 696 704 ) (500 728 704 ) 
8 746 804 0 (600 723.200073 704 ) (668 696 704 ) (728 636 704 ) (760 556 704 ) (760 468 704 ) (728 388 704 ) (668 328 704 ) (600 300.799988 704 ) 
3 747 800 0 (352 704 704 ) (364 728 704 ) (400 728 704 ) 
3 748 944 0 (736 704 704 ) (768 688 704 ) (768 640 704 ) 
4 748 776 0 (768 688 704 ) (792 676 704 ) (792 592 704 ) (768 640 704 ) 
4 748 773 0 (792 676 704 ) (800 672 704 ) (800 576 704 ) (792 592 704 ) 
4 748 749 0 (800 672 768 ) (800 672 704 ) (736 704 704 ) (736 704 768 ) 
3 749 946 0 (608 768 704 ) (704 768 704 ) (704 720 704 ) 
4 749 945 0 (704 768 704 ) (736 768 704 ) (736 704 704 ) (704 720 704 ) 
4 749 944 0 (768 736 704 ) (768 688 704 ) (736 704 704 ) (736 736 704 ) 
4 749 943 0 (736 768 704 ) (768 768 704 ) (768 736 704 ) (736 736 704 ) 
4 749 776 0 (792 676 704 ) (768 688 704 ) (768 736 704 ) (792 736 704 ) 
4 749 773 0 (800 736 704 ) (800 672 704 ) (792 676 704 ) (792 736 704 ) 
4 749 759 0 (768 768 704 ) (800 768 704 ) (800 736 704 ) (768 736 704 ) 
4 750 964 0 (288 576 768 ) (288 768 768 ) (288 768 704 ) (288 576 704 ) 
4 750 947 0 (288 576 704 ) (288 768 704 ) (320 768 704 ) (320 640 704 ) 
4 750 801 0 (320 768 704 ) (328 768 704 ) (328 656 704 ) (320 640 704 ) 
3 751 950 0 (736 320 704 ) (704 256 704 ) (608 256 704 ) 
4 751 752 0 (704 256 768 ) (704 256 704 ) (736 320 704 ) (736 320 768 ) 
4 751 755 0 (608 256 704 ) (704 256 704 ) (704 256 768 ) (608 256 768 ) 
3 752 949 0 (800 448 704 ) (800 352 704 ) (736 320 704 ) 
4 752 950 0 (800 352 704 ) (800 256 704 ) (704 256 704 ) (736 320 704 ) 
4 752 755 0 (704 256 704 ) (800 256 704 ) (800 256 768 ) (704 256 768 ) 
4 753 964 0 (288 256 768 ) (288 448 768 ) (288 448 704 ) (288 256 704 ) 
3 753 756 0 (288 256 704 ) (288 448 704 ) (384 256 704 ) 
4 753 754 0 (384 256 768 ) (384 256 704 ) (352 320 704 ) (352 320 768 ) 
4 753 755 0 (288 256 768 ) (288 256 704 ) (384 256 704 ) (384 256 768 ) 
3 754 757 0 (480 256 704 ) (384 256 704 ) (352 320 704 ) 
4 754 755 0 (384 256 704 ) (480 256 704 ) (480 256 768 ) (384 256 768 ) 
4 755 966 0 (800 32 704 ) (800 32 768 ) (288 32 768 ) (288 32 704 ) 
4 755 965 0 (288 32 704 ) (288 32 768 ) (288 256 768 ) (288 256 704 ) 
4 755 963 0 (288 32 704 ) (288 160 704 ) (528 160 704 ) (528 32 704 ) 
4 755 962 0 (576 32 704 ) (528 32 704 ) (528 128 704 ) (576 128 704 ) 
4 755 957 0 (672 32 704 ) (576 32 704 ) (576 128 704 ) (672 128 704 ) 
4 755 955 0 (800 128 704 ) (800 32 704 ) (672 32 704 ) (672 128 704 ) 
4 755 953 0 (528 160 704 ) (800 160 704 ) (800 128 704 ) (528 128 704 ) 
4 755 951 0 (288 160 704 ) (288 256 704 ) (800 256 704 ) (800 160 704 ) 
4 756 964 0 (288 256 128 ) (288 256 704 ) (288 448 704 ) (288 448 128 ) 
4 756 951 0 (384 256 704 ) (288 256 704 ) (288 256 400 ) (384 256 400 ) 
4 756 757 0 (384 256 704 ) (384 256 128 ) (352 320 128 ) (352 320 704 ) 
4 757 951 0 (480 256 704 ) (384 256 704 ) (384 256 400 ) (480 256 400 ) 
4 758 974 0 (768 1024 0 ) (800 1024 0 ) (800 928 0 ) (768 928 0 ) 
4 758 777 0 (768 1024 0 ) (768 928 0 ) (768 928 704 ) (768 1024 704 ) 
6 758 760 0 (768 928 0 ) (800 928 0 ) (800 928 73.333344 ) (792 928 68 ) (780 928 52 ) (772 928 32 ) 
4 758 759 0 (768 928 704 ) (768 928 132 ) (800 928 136 ) (800 928 704 ) 
4 759 943 0 (768 736 132 ) (768 736 704 ) (768 768 704 ) (768 768 132 ) 
4 759 779 0 (768 768 704 ) (768 928 704 ) (768 928 132 ) (768 768 132 ) 
4 759 776 0 (768 736 704 ) (768 736 132 ) (792 736 135 ) (792 736 704 ) 
4 759 773 0 (792 736 135 ) (800 736 136 ) (800 736 704 ) (792 736 704 ) 
4 760 975 0 (800 928 0 ) (800 736 0 ) (768 736 0 ) (768 928 0 ) 
5 760 776 0 (768 736 0 ) (792 736 0 ) (792 736 68 ) (780 736 52 ) (772 736 32 ) 
4 760 773 0 (792 736 0 ) (800 736 0 ) (800 736 73.333344 ) (792 736 68 ) 
4 761 763 0 (798 516 398 ) (800 516 398 ) (800 508 398 ) (798 508 398 ) 
4 762 774 0 (792 516 398 ) (792 508 398 ) (792 508 460 ) (792 516 460 ) 
4 762 764 0 (792 508 398 ) (792 516 398 ) (794 516 398 ) (794 508 398 ) 
4 763 765 0 (798 508 388 ) (798 516 388 ) (800 516 388 ) (800 508 388 ) 
4 764 774 0 (792 504 388 ) (792 504 398 ) (792 520 398 ) (792 520 388 ) 
4 764 766 0 (792 508 388 ) (792 516 388 ) (794 516 388 ) (794 508 388 ) 
4 766 774 0 (792 508 388 ) (792 516 388 ) (792 516 369 ) (792 508 369 ) 
4 767 769 0 (798 516 142 ) (800 516 142 ) (800 508 142 ) (798 508 142 ) 
4 768 775 0 (792 516 204 ) (792 516 142 ) (792 508 142 ) (792 508 204 ) 
4 768 770 0 (792 508 142 ) (792 516 142 ) (794 516 142 ) (794 508 142 ) 
4 769 771 0 (798 508 132 ) (798 516 132 ) (800 516 132 ) (800 508 132 ) 
4 770 775 0 (792 504 132 ) (792 504 142 ) (792 520 142 ) (792 520 132 ) 
4 770 772 0 (792 508 132 ) (792 516 132 ) (794 516 132 ) (794 508 132 ) 
4 772 775 0 (792 508 132 ) (792 516 132 ) (792 516 113 ) (792 508 113 ) 
4 773 991 0 (800 736 0 ) (800 576 0 ) (792 592 0 ) (792 736 0 ) 
4 773 776 0 (792 736 704 ) (792 736 0 ) (792 592 0 ) (792 592 704 ) 
4 774 864 0 (768 488 364 ) (768 488 384 ) (768 536 384 ) (768 536 364 ) 
4 774 851 0 (768 488 384 ) (768 488 416 ) (768 536 416 ) (768 536 384 ) 
4 774 804 0 (768 488 416 ) (768 488 464 ) (768 536 464 ) (768 536 416 ) 
4 775 898 0 (768 488 108 ) (768 488 144 ) (768 536 144 ) (768 536 108 ) 
4 775 869 0 (768 488 144 ) (768 488 208 ) (768 536 208 ) (768 536 144 ) 
4 776 991 0 (768 640 0 ) (768 736 0 ) (792 736 0 ) (792 592 0 ) 
4 776 944 0 (768 736 0 ) (768 640 0 ) (768 640 704 ) (768 736 704 ) 
4 777 974 0 (768 1024 0 ) (768 928 0 ) (736 928 0 ) (736 960 0 ) 
4 777 781 0 (736 928 488 ) (736 928 512 ) (736 960 512 ) (736 960 488 ) 
4 777 780 0 (736 928 512 ) (736 928 704 ) (736 960 704 ) (736 960 512 ) 
4 777 779 0 (736 928 704 ) (736 928 128 ) (768 928 132 ) (768 928 704 ) 
4 777 778 0 (736 960.001953 512 ) (736 960.001953 704 ) (768 1024 704 ) (768 1024 512 ) 
4 778 780 0 (736 960 512 ) (736 960 704 ) (736 1024 704 ) (736 1024 512 ) 
4 779 943 0 (768 768 132 ) (768 768 704 ) (736 768 704 ) (736 768 128 ) 
4 779 786 0 (736 768 488 ) (736 768 512 ) (736 784 512 ) (736 784 488 ) 
5 779 783 0 (736 880 272 ) (736 880 224 ) (736 784 224 ) (736 784 272 ) (736 832 288 ) 
4 779 782 0 (736 784 512 ) (736 880 512 ) (736 880 488 ) (736 784 488 ) 
4 779 785 0 (736 880 224 ) (736 880 128 ) (736 784 128 ) (736 784 224 ) 
4 779 781 0 (736 880 512 ) (736 928 512 ) (736 928 488 ) (736 880 488 ) 
4 779 780 0 (736 768 512 ) (736 768 704 ) (736 928 704 ) (736 928 512 ) 
4 780 947 0 (320 768 512 ) (320 768 704 ) (320 1024 704 ) (320 1024 512 ) 
4 780 946 0 (608 768 512 ) (704 768 512 ) (704 768 704 ) (608 768 704 ) 
4 780 945 0 (704 768 512 ) (736 768 512 ) (736 768 704 ) (704 768 704 ) 
4 780 802 0 (512 768 512 ) (576 768 512 ) (576 768 576 ) (512 768 576 ) 
4 780 801 0 (320 768 704 ) (320 768 512 ) (352 768 512 ) (352 768 704 ) 
4 780 800 0 (352 768 512 ) (480 768 512 ) (480 768 704 ) (352 768 704 ) 
4 780 799 0 (352 768 512 ) (320 768 512 ) (320 1024 512 ) (352 960 512 ) 
4 780 798 0 (384 768 512 ) (352 768 512 ) (352 784 512 ) (384 784 512 ) 
4 780 796 0 (352 784 512 ) (352 960 512 ) (384 944 512 ) (384 784 512 ) 
4 780 792 0 (480 768 512 ) (384 768 512 ) (384 944 512 ) (480 896 512 ) 
4 780 789 0 (480 856 512 ) (480 896 512 ) (608 896 512 ) (608 856 512 ) 
4 780 791 0 (608 768 512 ) (480 768 512 ) (480 856 512 ) (608 856 512 ) 
4 780 788 0 (500 920 512 ) (584 920 512 ) (584 896 512 ) (500 896 512 ) 
4 780 787 0 (704 768 512 ) (608 768 512 ) (608 896 512 ) (704 944 512 ) 
4 780 786 0 (736 784 512 ) (736 768 512 ) (704 768 512 ) (704 784 512 ) 
4 780 782 0 (736 880 512 ) (736 784 512 ) (704 784 512 ) (704 880 512 ) 
4 780 781 0 (736 960 512 ) (736 880 512 ) (704 880 512 ) (704 944 512 ) 
4 781 787 0 (704 880 488 ) (704 880 512 ) (704 944 512 ) (704 944 488 ) 
4 781 782 0 (704 880 512 ) (704 880 488 ) (736 880 488 ) (736 880 512 ) 
4 782 787 0 (704 784 488 ) (704 784 512 ) (704 880 512 ) (704 880 488 ) 
4 782 786 0 (704 784 512 ) (704 784 488 ) (736 784 488 ) (736 784 512 ) 
4 783 785 0 (736 784 224 ) (724 784 224 ) (724 880 224 ) (736 880 224 ) 
5 784 795 0 (704 784 224 ) (704 784 272 ) (704 832 288 ) (704 880 272 ) (704 880 224 ) 
4 784 785 0 (716 784 224 ) (704 784 224 ) (704 880 224 ) (716 880 224 ) 
4 785 795 0 (704 784 128 ) (704 784 224 ) (704 880 224 ) (704 880 128 ) 
4 786 945 0 (736 768 488 ) (736 768 512 ) (704 768 512 ) (704 768 488 ) 
4 786 787 0 (704 768 488 ) (704 768 512 ) (704 784 512 ) (704 784 488 ) 
4 787 946 0 (704 768 464 ) (704 768 512 ) (608 768 512 ) (608 768 464 ) 
4 787 790 0 (608 856 480 ) (608 856 496 ) (608 888 496 ) (608 888 480 ) 
4 787 789 0 (608 856 496 ) (608 856 512 ) (608 896 512 ) (608 896 496 ) 
4 787 791 0 (608 856 464 ) (608 768 464 ) (608 768 512 ) (608 856 512 ) 
4 788 789 0 (500 896 496 ) (584 896 496 ) (584 896 512 ) (500 896 512 ) 
4 789 792 0 (480 856 496 ) (480 856 512 ) (480 896 512 ) (480 896 496 ) 
4 789 790 0 (608 856 496 ) (480 856 496 ) (480 888 496 ) (608 888 496 ) 
4 789 791 0 (480 856 512 ) (480 856 496 ) (608 856 496 ) (608 856 512 ) 
4 790 792 0 (480 856 480 ) (480 856 496 ) (480 888 496 ) (480 888 480 ) 
4 790 791 0 (480 856 496 ) (480 856 480 ) (608 856 480 ) (608 856 496 ) 
4 791 802 0 (576 768 512 ) (512 768 512 ) (512 768 464 ) (576 768 464 ) 
4 791 792 0 (480 856 464 ) (480 768 464 ) (480 768 512 ) (480 856 512 ) 
4 792 800 0 (480 768 512 ) (384 768 512 ) (384 768 464 ) (480 768 464 ) 
4 792 798 0 (384 768 464 ) (384 768 512 ) (384 784 512 ) (384 784 464 ) 
4 792 796 0 (384 784 512 ) (384 944 512 ) (384 944 464 ) (384 784 464 ) 
4 793 794 0 (384 776 320 ) (384 888 320 ) (704 888 320 ) (704 776 320 ) 
4 794 795 0 (384 776 304 ) (384 888 304 ) (704 888 304 ) (704 776 304 ) 
5 795 797 0 (384 832 288 ) (384 880 272 ) (384 880 128 ) (384 784 128 ) (384 784 272 ) 
4 796 799 0 (352 784 464 ) (352 784 512 ) (352 960 512 ) (352 960 464 ) 
4 796 798 0 (352 784 512 ) (352 784 464 ) (384 784 464 ) (384 784 512 ) 
5 797 799 0 (352 784 128 ) (352 784 272 ) (352 832 288 ) (352 880 272 ) (352 880 128 ) 
4 798 800 0 (384 768 464 ) (384 768 512 ) (352 768 512 ) (352 768 464 ) 
4 798 799 0 (352 768 464 ) (352 768 512 ) (352 784 512 ) (352 784 464 ) 
4 799 947 0 (320 768 128 ) (320 768 512 ) (320 1024 512 ) (320 1024 128 ) 
4 799 801 0 (320 768 512 ) (320 768 128 ) (352 768 128 ) (352 768 512 ) 
4 800 801 0 (352 768 704 ) (352 768 464 ) (352 704 464 ) (352 704 704 ) 
4 801 947 0 (320 640 128 ) (320 640 704 ) (320 768 704 ) (320 768 128 ) 
4 803 808 0 (576 736 576 ) (512 736 576 ) (512 736 464 ) (576 736 464 ) 
8 804 851 0 (600 732.796875 416 ) (672.005249 703.994751 416 ) (736 640 416 ) (768 560 416 ) (768 464 416 ) (736 384 416 ) (672 320 416 ) (600 428 416 ) 
3 804 812 0 (672 320 416 ) (600 291.199982 416 ) (600 428 416 ) 
4 804 808 0 (600 732.796875 576 ) (600 732.796875 448 ) (600 512 448 ) (600 512 576 ) 
4 804 811 0 (600 512 416 ) (600 291.199982 416 ) (600 291.199982 576 ) (600 512 576 ) 
4 804 805 0 (600 732.796875 704 ) (600 732.796875 592 ) (600 728 592 ) (600 728 704 ) 
4 804 807 0 (600 728 576 ) (600 291.199982 576 ) (600 291.199982 704 ) (600 728 704 ) 
3 805 806 0 (488 728 592 ) (476 728 592 ) (488 732.799988 592 ) 
4 805 807 0 (476 728 704 ) (476 728 592 ) (600 728 592 ) (600 728 704 ) 
3 806 808 0 (476 728 576 ) (488 732.799988 576 ) (488 728 576 ) 
4 806 807 0 (476 728 592 ) (476 728 576 ) (488 728 576 ) (488 728 592 ) 
7 807 808 0 (320 559.991760 576 ) (352.003540 640.003052 576 ) (416 704 576 ) (476 728 576 ) (600 728 576 ) (600 512 576 ) (320 512 576 ) 
8 807 811 0 (600 512 576 ) (600 291.199982 576 ) (592 288 576 ) (496 288 576 ) (416 320 576 ) (352 384 576 ) (320 464 576 ) (320 512 576 ) 
6 808 809 0 (544 512 448 ) (320 512 448 ) (320 559.997620 448 ) (352.004150 640.004150 448 ) (416 704 448 ) (496 736 448 ) 
4 808 811 0 (600 512 448 ) (600 512 576 ) (320 512 576 ) (320 512 448 ) 
5 809 810 0 (544 512 432 ) (320 512 432 ) (320 560 432 ) (352 640 432 ) (416 704 432 ) 
4 809 811 0 (544 512 448 ) (320 512 448 ) (320 512 432 ) (544 512 432 ) 
5 810 812 0 (320 512 416 ) (320 560.017273 416 ) (351.992615 639.995178 416 ) (351.998474 640.001038 416 ) (544 512 416 ) 
4 810 811 0 (320 512 416 ) (544 512 416 ) (544 512 432 ) (320 512 432 ) 
3 811 853 0 (544 512 416 ) (552 512 416 ) (552 500 416 ) 
4 811 851 0 (552 512 416 ) (600 512 416 ) (600 428 416 ) (552 500 416 ) 
9 811 812 0 (352.006744 383.993256 416 ) (320 464.008514 416 ) (320 512 416 ) (544 512 416 ) (600 428 416 ) (600 291.199982 416 ) (592 288 416 ) (496 288 416 ) (416 320 416 ) 
4 812 853 0 (544 512 416 ) (552 500 416 ) (552 500 400 ) (544 512 400 ) 
4 812 851 0 (552 500 416 ) (672 320 416 ) (672 320 400 ) (552 500 400 ) 
8 812 813 0 (352.006744 383.993256 400 ) (320 464.008514 400 ) (320 560 400 ) (543.994019 512.001282 400 ) (671.995911 319.998383 400 ) (592 288 400 ) (496 288 400 ) (416 320 400 ) 
4 813 853 0 (544 512 400 ) (552 500 400 ) (552 500 384 ) (544 512 384 ) 
4 813 851 0 (552 500 400 ) (672 320 400 ) (672 320 384 ) (552 500 384 ) 
4 813 833 0 (352.003204 384.002136 384 ) (320.003143 464 384 ) (492 500.857117 384 ) (492 477.333344 384 ) 
3 813 831 0 (499.157867 482.105255 384 ) (492 477.333344 384 ) (492 500 384 ) 
3 813 828 0 (514.105286 467.157928 384 ) (513.600037 466.400055 384 ) (512 468 384 ) 
3 813 827 0 (513.600037 466.400055 384 ) (508.500000 458.750031 384 ) (500 480 384 ) 
5 813 825 0 (352.006744 383.993256 384 ) (352.003204 384.002136 384 ) (499.157867 482.105255 384 ) (508.500000 458.750031 384 ) (416 320 384 ) 
4 813 822 0 (578.661560 460 384 ) (671.995911 319.998383 384 ) (592 288 384 ) (555.142883 460 384 ) 
3 813 821 0 (573.890686 467.156281 384 ) (578.661560 460 384 ) (556 460 384 ) 
5 813 816 0 (555.142883 460 384 ) (592 288 384 ) (496 288 384 ) (416 320 384 ) (509.333313 460 384 ) 
3 813 815 0 (532 460 384 ) (509.333313 460 384 ) (514.105286 467.157928 384 ) 
4 814 891 0 (416 704 384 ) (416 704 400 ) (536 524 400 ) (536 524 384 ) 
4 814 853 0 (536 524 400 ) (544 512 400 ) (544 512 384 ) (536 524 384 ) 
4 814 839 0 (351.998474 640.001038 384 ) (415.996918 703.996887 384 ) (492 589.992310 384 ) (492 546.666687 384 ) 
3 814 837 0 (500 544 384 ) (503.428528 552.571411 384 ) (512 556 384 ) 
4 814 836 0 (499.157867 541.894775 384 ) (492 546.666687 384 ) (492 548 384 ) (503.428528 552.571411 384 ) 
3 814 835 0 (492 589.992310 384 ) (514.101257 556.840454 384 ) (492 548 384 ) 
4 815 828 0 (513.598511 466.401520 384 ) (514.103271 467.158691 384 ) (514.103271 467.158691 352 ) (513.598511 466.401520 352 ) 
4 815 827 0 (509.330841 460 384 ) (513.598511 466.401520 384 ) (513.598511 466.401520 352 ) (509.330811 460 352 ) 
4 815 816 0 (509.330231 460 384 ) (509.330231 460 336 ) (532 460 336 ) (532 460 384 ) 
4 816 827 0 (508.499054 458.752319 384 ) (509.330841 460 384 ) (509.330811 460 352 ) (508.499023 458.752319 352 ) 
4 816 825 0 (415.998322 320 384 ) (508.499054 458.752319 384 ) (508.499023 458.752319 352 ) (415.998260 320 352 ) 
4 816 822 0 (555.141418 460 384 ) (591.998718 288 384 ) (591.998718 288 336 ) (555.141418 460 336 ) 
5 816 817 0 (532.857178 460 336 ) (555.140625 460 336 ) (591.997925 288 336 ) (496.001068 288 336 ) (496 288 336 ) 
4 817 822 0 (591.998718 288 336 ) (591.998718 288 320 ) (555.141418 460 320 ) (555.141418 460 336 ) 
3 818 907 0 (532 460 144 ) (509.333344 460 144 ) (514.105286 467.157898 144 ) 
4 818 830 0 (514.103210 467.158752 144 ) (513.598450 466.401642 144 ) (513.598450 466.401581 320 ) (514.103210 467.158691 320 ) 
4 818 829 0 (513.598450 466.401642 144 ) (509.330688 460 144 ) (509.330780 460 320 ) (513.598450 466.401581 320 ) 
4 818 819 0 (532 460 320 ) (509.333313 460 320 ) (509.333313 460 304 ) (532 460 304 ) 
4 818 820 0 (509.333313 460 304 ) (509.333313 460 144 ) (532 460 144 ) (532 460 304 ) 
4 819 829 0 (508.499054 458.752411 320 ) (509.330780 460 320 ) (509.330780 460 304 ) (508.499054 458.752380 304 ) 
4 819 826 0 (415.998169 320 304 ) (415.998199 320 320 ) (508.499054 458.752411 320 ) (508.499054 458.752380 304 ) 
5 819 820 0 (415.997955 320.002045 304 ) (509.330231 460 304 ) (532.857178 460 304 ) (496 288 304 ) (416 320 304 ) 
5 820 907 0 (544 288 144 ) (496 288 144 ) (416 320 144 ) (509.333344 460 144 ) (544 460 144 ) 
4 820 906 0 (555.142822 460 144 ) (592 288 144 ) (544 288 144 ) (544 460 144 ) 
4 820 829 0 (509.330688 460 144 ) (508.498993 458.752472 144 ) (508.499054 458.752411 304 ) (509.330780 460 304 ) 
4 820 826 0 (508.498993 458.752472 144 ) (415.997894 320 144 ) (415.998169 320 304 ) (508.499054 458.752411 304 ) 
4 820 824 0 (591.998657 288 144 ) (555.141418 460 144 ) (555.141418 460 288 ) (591.998718 288 288 ) 
4 821 854 0 (573.894409 467.157776 384 ) (578.666260 460 384 ) (578.665344 460 304 ) (573.893677 467.157471 304 ) 
4 821 822 0 (556 460 304 ) (578.667725 460 304 ) (578.673340 460 384 ) (556 460 384 ) 
4 822 854 0 (578.666260 460 384 ) (672 320 384 ) (671.998901 320 304 ) (578.665344 460 304 ) 
3 823 902 0 (573.894592 467.157837 144 ) (578.666504 460 144 ) (556 460 144 ) 
4 823 855 0 (578.663513 460 144 ) (573.892273 467.156921 144 ) (573.893433 467.157349 272 ) (578.664978 460 272 ) 
4 823 824 0 (578.673340 460 144 ) (578.673340 460 288 ) (556 460 288 ) (556 460 144 ) 
5 824 906 0 (578.666504 460 144 ) (596 434 144 ) (596 289.599976 144 ) (592 288 144 ) (555.142822 460 144 ) 
3 824 898 0 (596 434 144 ) (672 320 144 ) (596 289.599976 144 ) 
4 824 855 0 (671.997253 319.998901 144 ) (578.663513 460 144 ) (578.664978 460 272 ) (671.998535 320 272 ) 
4 825 833 0 (352.003235 383.996735 368 ) (352.003387 383.996643 384 ) (492 477.329895 384 ) (492 477.329956 368 ) 
4 825 831 0 (492 477.329895 384 ) (499.158936 482.102631 384 ) (499.158936 482.102661 368 ) (492 477.329956 368 ) 
4 825 827 0 (508.498474 458.747986 384 ) (508.498474 458.747986 352 ) (499.996063 480.003998 352 ) (499.996063 480.003998 384 ) 
5 826 907 0 (352.006744 383.993256 144 ) (352.003204 384.002136 144 ) (499.157867 482.105225 144 ) (508.499969 458.749969 144 ) (416 320 144 ) 
4 826 834 0 (492 477.330750 144 ) (352 383.997955 144 ) (352.002869 383.996918 336 ) (492 477.330078 336 ) 
4 826 832 0 (499.158691 482.103210 144 ) (492 477.330750 144 ) (492 477.330078 336 ) (499.158875 482.102753 336 ) 
4 826 829 0 (508.498474 458.747986 336 ) (508.498474 458.747986 144 ) (499.996063 480.003998 144 ) (499.996063 480.003998 336 ) 
4 827 828 0 (513.599304 466.400696 384 ) (513.599304 466.400696 352 ) (512 468 352 ) (512 468 384 ) 
3 829 907 0 (513.600037 466.400024 144 ) (508.499969 458.749969 144 ) (500 480 144 ) 
4 829 830 0 (512 468 336 ) (513.599976 466.399994 336 ) (513.599976 466.399994 144 ) (512 468 144 ) 
3 830 907 0 (514.105286 467.157898 144 ) (513.600037 466.400024 144 ) (512 468 144 ) 
4 831 833 0 (492 500 368 ) (492 477.328125 368 ) (492 477.328125 384 ) (492 500 384 ) 
3 832 907 0 (499.157898 482.105225 144 ) (492 477.333282 144 ) (492 500 144 ) 
4 832 834 0 (492 500 144 ) (492 477.328125 144 ) (492 477.328125 352 ) (492 500 352 ) 
4 834 907 0 (352.003204 384.002136 144 ) (320.003143 464 144 ) (492 500.857086 144 ) (492 477.333282 144 ) 
4 834 846 0 (427.799713 487.100128 352 ) (436.199829 488.900146 352 ) (436.199829 488.900146 350 ) (427.799713 487.100128 350 ) 
4 834 844 0 (361.440063 472.880127 352 ) (427.799713 487.100128 352 ) (427.799713 487.100128 350 ) (361.440063 472.880127 350 ) 
4 834 843 0 (320 464 350 ) (320 464 352 ) (361.440063 472.880127 352 ) (361.440063 472.880127 350 ) 
4 834 850 0 (436.199646 488.900208 144 ) (320 464 144 ) (320 464 350 ) (436.199829 488.900146 350 ) 
4 834 841 0 (492 500.857422 144 ) (436.199646 488.900208 144 ) (436.199646 488.900208 160 ) (492 500.857422 160 ) 
4 834 840 0 (436.199646 488.900208 160 ) (436.199829 488.900146 352 ) (492 500.857361 352 ) (492 500.857422 160 ) 
4 835 894 0 (509.332977 564 384 ) (514.104980 556.841980 384 ) (514.103210 556.841309 176 ) (509.330750 564 176 ) 
4 835 893 0 (492 589.996216 176 ) (492 589.996460 192 ) (509.330933 564 192 ) (509.330750 564 176 ) 
4 835 892 0 (492 589.996460 192 ) (492 590 384 ) (509.332977 564 384 ) (509.330933 564 192 ) 
4 835 840 0 (492 590 368 ) (492 590 160 ) (492 548 160 ) (492 548 368 ) 
4 835 839 0 (492 548 384 ) (492 590 384 ) (492 590 368 ) (492 548 368 ) 
4 835 837 0 (503.427368 552.568481 160 ) (511.995911 555.995911 160 ) (511.995911 555.995911 384 ) (503.427368 552.568481 384 ) 
4 835 836 0 (492 547.997498 384 ) (492 547.997498 160 ) (503.427368 552.568481 160 ) (503.427368 552.568481 384 ) 
4 836 840 0 (492 548 368 ) (492 548 160 ) (492 524 160 ) (492 524 368 ) 
4 836 839 0 (492 524 384 ) (492 548 384 ) (492 548 368 ) (492 524 368 ) 
3 836 838 0 (492 524 160 ) (492 546.666626 160 ) (499.157867 541.894714 160 ) 
4 836 837 0 (500.004395 544.004395 160 ) (503.432831 552.576233 160 ) (503.432831 552.576233 384 ) (500.004395 544.004395 384 ) 
4 838 841 0 (492 524 160 ) (492 546.666626 160 ) (492 546.666626 144 ) (492 524 144 ) 
4 839 892 0 (416 703.998901 368 ) (416 704 384 ) (492 590 384 ) (492 590 368 ) 
5 839 840 0 (416 704 368 ) (492 590.001770 368 ) (492 523.142883 368 ) (320 560 368 ) (352 640 368 ) 
4 840 948 0 (320 560 272 ) (320 560 160 ) (320 547 160 ) (320 547 276.333313 ) 
4 840 893 0 (416.001373 703.994507 176 ) (416.001282 703.994873 192 ) (492 589.996460 192 ) (492 589.996216 176 ) 
4 840 892 0 (416.001282 703.994873 192 ) (416 703.998901 368 ) (492 590 368 ) (492 589.996460 192 ) 
4 840 846 0 (436.208618 488.895691 350 ) (436.208618 488.895691 352 ) (386 514 352 ) (386 514 350 ) 
4 840 845 0 (384 515 352 ) (382.800018 515.600037 352 ) (382.800018 515.600037 350 ) (384 515 350 ) 
4 840 843 0 (382.800018 515.600037 352 ) (320 547 352 ) (320 547 350 ) (382.800018 515.600037 350 ) 
4 840 842 0 (436.208618 488.895691 352 ) (436.208618 488.895691 368 ) (320 547 368 ) (320 547 352 ) 
4 840 850 0 (436.208618 488.895691 160 ) (436.208618 488.895691 350 ) (320 547 350 ) (320 547 160 ) 
6 840 841 0 (492 546.666626 160 ) (492 500.851532 160 ) (436.199982 488.899994 160 ) (320 547 160 ) (320 560 160 ) (352 640 160 ) 
4 841 948 0 (320 560 160 ) (320 560 144 ) (320 547 144 ) (320 547 160 ) 
5 841 907 0 (320 547 144 ) (320 560 144 ) (492 523.142883 144 ) (492 500.857086 144 ) (436.200134 488.899994 144 ) 
4 841 850 0 (320 547 144 ) (436.208618 488.895691 144 ) (436.208618 488.895691 160 ) (320 547 160 ) 
3 842 849 0 (386 510 352 ) (385.200012 508.400024 352 ) (384 509 352 ) 
3 842 848 0 (382 510 352 ) (380.400024 510.800018 352 ) (381 512 352 ) 
3 842 847 0 (387 512 352 ) (390 506 352 ) (385.200012 508.400024 352 ) 
4 842 846 0 (386 514 352 ) (436.203125 488.898499 352 ) (427.803009 487.098480 352 ) (390 506 352 ) 
3 842 845 0 (382.800049 515.600098 352 ) (384 515 352 ) (382 514 352 ) 
3 842 844 0 (427.803009 487.098480 352 ) (361.438782 472.877563 352 ) (380.400024 510.800018 352 ) 
4 842 843 0 (320 547 352 ) (382.800049 515.600098 352 ) (361.438782 472.877563 352 ) (320 463.997986 352 ) 
4 843 848 0 (380.399994 510.800018 350 ) (381 512 350 ) (381 512 352 ) (380.399994 510.800018 352 ) 
4 843 845 0 (382 514 350 ) (382.799713 515.599426 350 ) (382.799713 515.599426 352 ) (382 514 352 ) 
4 843 844 0 (361.441620 472.883209 350 ) (380.399994 510.800018 350 ) (380.399994 510.800018 352 ) (361.440002 472.879974 352 ) 
4 843 850 0 (320 547 350 ) (382.800049 515.600098 350 ) (361.438782 472.877563 350 ) (320 463.997986 350 ) 
4 844 849 0 (385.200012 508.400024 350 ) (384 509 350 ) (384 509 352 ) (385.200012 508.399994 352 ) 
4 844 848 0 (382 510 350 ) (380.403107 510.798462 350 ) (380.403107 510.798462 352 ) (382 510 352 ) 
4 844 847 0 (390 506 350 ) (385.200012 508.400024 350 ) (385.200012 508.399994 352 ) (390 506 352 ) 
4 844 846 0 (427.798370 487.100800 350 ) (390 506 350 ) (390 506 352 ) (427.800049 487.100006 352 ) 
3 844 850 0 (427.803009 487.098480 350 ) (361.438782 472.877563 350 ) (380.400024 510.800018 350 ) 
3 845 850 0 (382.800049 515.600098 350 ) (384 515 350 ) (382 514 350 ) 
4 846 847 0 (387 512 350 ) (390 506 350 ) (390 506 352 ) (387 512 352 ) 
4 846 850 0 (386 514 350 ) (436.203125 488.898499 350 ) (427.803009 487.098480 350 ) (390 506 350 ) 
4 847 849 0 (386 510 350 ) (385.197754 508.395508 350 ) (385.197754 508.395508 352 ) (386 510 352 ) 
3 847 850 0 (387 512 350 ) (390 506 350 ) (385.200012 508.400024 350 ) 
3 848 850 0 (382 510 350 ) (380.400024 510.800018 350 ) (381 512 350 ) 
3 849 850 0 (386 510 350 ) (385.200012 508.400024 350 ) (384 509 350 ) 
5 850 948 0 (320 464 144 ) (320 464 272 ) (320 512 288 ) (320 547 276.333313 ) (320 547 144 ) 
4 850 907 0 (320.003143 464 144 ) (320 464.008514 144 ) (320 547 144 ) (436.200134 488.899994 144 ) 
3 851 881 0 (556 564 384 ) (578.666748 564 384 ) (573.894775 556.842102 384 ) 
4 851 879 0 (555.142822 564 384 ) (592 736 384 ) (672 704 384 ) (578.666748 564 384 ) 
3 851 876 0 (588 544 384 ) (589.599976 542.400085 384 ) (588.842102 541.894836 384 ) 
3 851 875 0 (573.894775 556.842041 384 ) (574.400024 557.599976 384 ) (576 556 384 ) 
4 851 873 0 (574.400024 557.599976 384 ) (672 704 384 ) (736 640 384 ) (589.599976 542.400085 384 ) 
4 851 871 0 (552 564 384 ) (552 736 384 ) (592 736 384 ) (555.142822 564 384 ) 
3 851 865 0 (588.842102 541.894775 384 ) (596 546.666748 384 ) (596 524 384 ) 
5 851 864 0 (596 546.666748 384 ) (736 640 384 ) (768 560 384 ) (768 464 384 ) (596 500.857147 384 ) 
3 851 862 0 (596 500 384 ) (596 477.333282 384 ) (588.842041 482.105225 384 ) 
4 851 860 0 (596 500.857147 384 ) (768 464 384 ) (736 384 384 ) (596 477.333282 384 ) 
3 851 857 0 (588.842102 482.105225 384 ) (589.599976 481.599976 384 ) (588 480 384 ) 
3 851 856 0 (589.599976 481.599976 384 ) (597.249939 476.500000 384 ) (576 468 384 ) 
4 851 854 0 (672.001282 320.001282 384 ) (573.896729 467.158691 384 ) (597.249939 476.500000 384 ) (736 384 384 ) 
4 851 853 0 (552 560 384 ) (552 500 384 ) (552 500 416 ) (552 560 416 ) 
4 851 852 0 (552 736 384 ) (552 728 384 ) (552 728 416 ) (552 736 416 ) 
4 852 891 0 (536 728 416 ) (536 736 416 ) (536 736 384 ) (536 728 384 ) 
4 852 888 0 (536 728 384 ) (536 736 384 ) (540 736 384 ) (540 728 384 ) 
4 852 885 0 (540 736 384 ) (548 736 384 ) (548 728 384 ) (540 728 384 ) 
4 852 883 0 (548 736 384 ) (552 736 384 ) (552 728 384 ) (548 728 384 ) 
4 853 891 0 (536 524.002014 384 ) (536 524.002014 416 ) (536 560 416 ) (536 560 384 ) 
4 854 860 0 (597.253845 476.501556 288 ) (597.253784 476.501526 384 ) (736.001282 384.003204 384 ) (736.001343 384.003418 288 ) 
4 854 856 0 (597.247437 476.498962 384 ) (597.247437 476.498962 288 ) (576 468 288 ) (576 468 384 ) 
4 855 902 0 (578.666565 460 144 ) (573.894653 467.157867 144 ) (596 476 144 ) (596 460 144 ) 
3 855 906 0 (596 434 144 ) (578.666565 460 144 ) (596 460 144 ) 
5 855 898 0 (736 384 144 ) (672 320 144 ) (596 434 144 ) (596 476 144 ) (597.250000 476.499969 144 ) 
4 855 861 0 (736.001465 384.003723 144 ) (597.253967 476.501587 144 ) (597.253845 476.501556 256 ) (736.001343 384.003479 256 ) 
4 855 858 0 (597.247437 476.498962 272 ) (597.247437 476.498962 144 ) (576 468 144 ) (576 468 272 ) 
4 856 862 0 (589.602417 481.602417 384 ) (596 477.337372 384 ) (596 477.337463 288 ) (589.602478 481.602478 288 ) 
4 856 860 0 (596 477.337372 384 ) (597.253784 476.501526 384 ) (597.253845 476.501556 288 ) (596 477.337463 288 ) 
4 856 857 0 (589.598755 481.598755 384 ) (589.598755 481.598755 288 ) (588 480 288 ) (588 480 384 ) 
4 857 862 0 (588.843323 482.108459 384 ) (589.602417 481.602417 384 ) (589.602478 481.602478 288 ) (588.843445 482.108521 288 ) 
4 858 904 0 (589.599976 481.599976 144 ) (596 477.333313 144 ) (596 476 144 ) (576 468 144 ) 
3 858 898 0 (596 477.333313 144 ) (597.250000 476.499969 144 ) (596 476 144 ) 
4 858 863 0 (596 477.337555 144 ) (589.602539 481.602509 144 ) (589.602478 481.602478 256 ) (596 477.337463 256 ) 
4 858 861 0 (597.253967 476.501587 144 ) (596 477.337555 144 ) (596 477.337463 256 ) (597.253845 476.501556 256 ) 
4 858 859 0 (588 480 272 ) (589.599976 481.600006 272 ) (589.599976 481.600006 144 ) (588 480 144 ) 
3 859 905 0 (588.842102 482.105225 144 ) (589.599976 481.599976 144 ) (588 480 144 ) 
4 859 863 0 (589.602539 481.602509 144 ) (588.843445 482.108582 144 ) (588.843445 482.108521 256 ) (589.602478 481.602478 256 ) 
4 860 864 0 (596 500.855957 272 ) (596 500.855957 384 ) (768 463.998901 384 ) (768 463.998962 272 ) 
4 860 862 0 (596 500 272 ) (596 477.328125 272 ) (596 477.328125 384 ) (596 500 384 ) 
4 861 898 0 (768 464 144 ) (736 384 144 ) (596 477.333282 144 ) (596 500.857178 144 ) 
4 861 869 0 (768 464 144 ) (596 500.855957 144 ) (596 500.855957 224 ) (768 463.998993 224 ) 
4 861 867 0 (596 500.855957 224 ) (596 500.855957 240 ) (768 463.998962 240 ) (768 463.998993 224 ) 
4 861 863 0 (596 500 144 ) (596 477.328125 144 ) (596 477.328125 256 ) (596 500 256 ) 
4 863 905 0 (589.599976 481.599945 144 ) (588.842041 482.105225 144 ) (596 500 144 ) (596 488 144 ) 
3 863 904 0 (596 477.333282 144 ) (589.599976 481.599945 144 ) (596 488 144 ) 
4 864 873 0 (596 546.661865 384 ) (736.001526 639.996216 384 ) (736.001526 639.996155 256 ) (596 546.661804 256 ) 
4 864 866 0 (596 523.142883 256 ) (596 546.661438 256 ) (736.001709 639.995911 256 ) (768 560 256 ) 
4 864 865 0 (596 546.664062 384 ) (596 546.664062 256 ) (596 524 256 ) (596 524 384 ) 
4 865 876 0 (588.843628 541.890930 384 ) (589.602905 542.397156 384 ) (589.602905 542.397095 256 ) (588.843628 541.890930 256 ) 
4 865 873 0 (589.602905 542.397156 384 ) (596 546.661865 384 ) (596 546.661804 256 ) (589.602905 542.397095 256 ) 
3 865 868 0 (588.843750 541.890625 256 ) (596 546.661438 256 ) (596 524 256 ) 
4 866 873 0 (596 546.661804 256 ) (736.001526 639.996155 256 ) (736.001526 639.996155 240 ) (596 546.661804 240 ) 
4 866 868 0 (596 524 256 ) (596 546.656250 256 ) (596 546.660156 240 ) (596 524 240 ) 
5 867 869 0 (767.998108 463.995178 224 ) (596 500.851776 224 ) (596 512 224 ) (768 512 224 ) (768 464 224 ) 
4 868 876 0 (588.843628 541.890930 256 ) (589.602905 542.397095 256 ) (589.602905 542.397095 240 ) (588.843628 541.890930 240 ) 
4 868 873 0 (589.602905 542.397095 256 ) (596 546.661804 256 ) (596 546.661804 240 ) (589.602905 542.397095 240 ) 
5 869 898 0 (736 640 144 ) (768 560 144 ) (768 464 144 ) (596 500.857178 144 ) (596 546.666687 144 ) 
4 869 874 0 (736.001526 639.996155 208 ) (736.001526 639.996155 144 ) (596 546.661804 144 ) (596 546.661804 208 ) 
4 869 870 0 (596 524 224 ) (596 546.656250 224 ) (596 546.656250 144 ) (596 524 144 ) 
3 870 901 0 (588.842102 541.894775 144 ) (596 546.666687 144 ) (596 524 144 ) 
4 870 878 0 (589.602905 542.397095 208 ) (589.602905 542.397095 144 ) (588.843628 541.890930 144 ) (588.843628 541.890930 208 ) 
4 870 874 0 (596 546.661804 208 ) (596 546.661804 144 ) (589.602905 542.397095 144 ) (589.602905 542.397095 208 ) 
4 871 884 0 (552 712 304 ) (552 712 192 ) (552 584 192 ) (552 584 304 ) 
4 871 883 0 (552 728 384 ) (552 736 384 ) (552 736 192 ) (552 728 192 ) 
4 871 879 0 (592 736 208 ) (592 736 384 ) (555.142700 564 384 ) (555.142700 564 208 ) 
5 872 899 0 (552 736 144 ) (591.992188 736 144 ) (592 735.997131 144 ) (555.142822 564 144 ) (552 564 144 ) 
4 872 890 0 (552 736 176 ) (552 736 144 ) (552 564 144 ) (552 564 176 ) 
4 872 880 0 (555.142700 564 144 ) (592 736 144 ) (592 736 176 ) (555.142700 564 176 ) 
4 873 881 0 (574.398132 557.601929 384 ) (578.663513 564 384 ) (578.663513 564 224 ) (574.398132 557.601929 224 ) 
4 873 879 0 (578.663513 564 384 ) (671.997498 704 384 ) (671.997498 704 224 ) (578.663513 564 224 ) 
4 873 876 0 (588 544 224 ) (589.602722 542.397278 224 ) (589.602722 542.397278 384 ) (588 544 384 ) 
4 873 875 0 (574.396912 557.603088 384 ) (574.396912 557.603088 224 ) (576 556 224 ) (576 556 384 ) 
3 874 903 0 (588 544 144 ) (576 556 144 ) (584.571472 552.571411 144 ) 
5 874 901 0 (596 546.666687 144 ) (589.600037 542.400024 144 ) (588 544 144 ) (584.571472 552.571411 144 ) (596 548 144 ) 
5 874 900 0 (576 556 144 ) (574.399963 557.599976 144 ) (578.666626 564 144 ) (596 564 144 ) (596 548 144 ) 
3 874 899 0 (578.666626 564 144 ) (596 590 144 ) (596 564 144 ) 
5 874 898 0 (671.998291 703.997559 144 ) (672.005249 703.994751 144 ) (736 640 144 ) (596 546.666687 144 ) (596 590 144 ) 
4 874 882 0 (578.663513 564 144 ) (574.398132 557.601929 144 ) (574.398132 557.601929 192 ) (578.663513 564 192 ) 
4 874 880 0 (671.997498 704 192 ) (671.997498 704 144 ) (578.663513 564 144 ) (578.663513 564 192 ) 
4 874 878 0 (588 544 144 ) (589.602722 542.397278 144 ) (589.602722 542.397278 208 ) (588 544 208 ) 
4 874 877 0 (574.396912 557.603088 208 ) (574.396912 557.603088 144 ) (576 556 144 ) (576 556 208 ) 
4 875 881 0 (573.892212 556.843079 384 ) (574.398132 557.601929 384 ) (574.398132 557.601929 224 ) (573.892212 556.843079 224 ) 
3 877 900 0 (573.894714 556.842102 144 ) (574.399963 557.599976 144 ) (576 556 144 ) 
4 877 882 0 (574.398132 557.601929 192 ) (574.398132 557.601929 144 ) (573.892212 556.843079 144 ) (573.892212 556.843079 192 ) 
3 878 901 0 (589.600037 542.400024 144 ) (588.842102 541.894775 144 ) (588 544 144 ) 
4 879 881 0 (556 564 208 ) (578.660156 564 208 ) (578.660156 564 384 ) (556 564 384 ) 
5 880 899 0 (592 735.997131 144 ) (596 734.396912 144 ) (596 590 144 ) (578.666626 564 144 ) (555.142822 564 144 ) 
3 880 898 0 (596 734.396912 144 ) (671.998291 703.997559 144 ) (596 590 144 ) 
4 880 882 0 (556 564 144 ) (578.660156 564 144 ) (578.660156 564 192 ) (556 564 192 ) 
3 882 900 0 (578.666626 564 144 ) (573.894714 556.842102 144 ) (556 564 144 ) 
4 883 885 0 (548 728 384 ) (548 736 384 ) (548 736 192 ) (548 728 192 ) 
4 884 886 0 (548 692 273 ) (548 668 273 ) (548 668 286 ) (548 692 286 ) 
4 884 887 0 (548 628 273 ) (548 604 273 ) (548 604 286 ) (548 628 286 ) 
4 885 888 0 (540 728 384 ) (540 736 384 ) (540 736 192 ) (540 728 192 ) 
4 886 889 0 (540 692 273 ) (540 668 273 ) (540 668 286 ) (540 692 286 ) 
4 887 889 0 (540 628 273 ) (540 604 273 ) (540 604 286 ) (540 628 286 ) 
4 888 892 0 (536 728 384 ) (536 736 384 ) (536 736 192 ) (536 728 192 ) 
4 889 892 0 (536 712 192 ) (536 584 192 ) (536 584 304 ) (536 712 304 ) 
4 890 908 0 (536 736 144 ) (544 736 144 ) (544 564 144 ) (536 564 144 ) 
4 890 899 0 (544 736 144 ) (552 736 144 ) (552 564 144 ) (544 564 144 ) 
4 890 895 0 (536 564 160 ) (536 564 176 ) (536 736 176 ) (536 736 160 ) 
4 890 896 0 (536 736 144 ) (536 564 144 ) (536 564 160 ) (536 736 160 ) 
3 891 894 0 (514.105896 556.842346 384 ) (509.334290 564 384 ) (532 564 384 ) 
5 891 892 0 (416.003479 704.001404 384 ) (496 736 384 ) (536 736 384 ) (536 564 384 ) (509.334290 564 384 ) 
4 892 894 0 (532 564 384 ) (509.333282 564 384 ) (509.333313 564 192 ) (532 564 192 ) 
4 892 893 0 (532.857178 564 192 ) (509.333282 564 192 ) (416 704 192 ) (496 736 192 ) 
4 893 894 0 (509.333313 564 176 ) (532 564 176 ) (532 564 192 ) (509.333313 564 192 ) 
4 895 896 0 (536 564 160 ) (532.857178 564 160 ) (496 736 160 ) (536 736 160 ) 
5 896 908 0 (416 704 144 ) (496 736 144 ) (536 736 144 ) (536 564 144 ) (509.333252 564 144 ) 
4 896 897 0 (532 564 160 ) (509.333282 564 160 ) (509.333282 564 144 ) (532 564 144 ) 
3 897 908 0 (514.105164 556.842102 144 ) (509.333252 564 144 ) (532 564 144 ) 
6 898 924 0 (768 512 80 ) (768 464 80 ) (736 384 80 ) (672 320 80 ) (596 289.599976 80 ) (596 512 80 ) 
5 898 916 0 (766.399963 564 80 ) (768 560 80 ) (768 512 80 ) (596 512 80 ) (596 564 80 ) 
5 898 915 0 (596 734.396851 80 ) (672.005249 703.994751 80 ) (736 640 80 ) (766.399963 564 80 ) (596 564 80 ) 
4 898 905 0 (596 500 80 ) (596 488 80 ) (596 488 144 ) (596 500 144 ) 
4 898 904 0 (596 488 80 ) (596 476 80 ) (596 476 144 ) (596 488 144 ) 
4 898 902 0 (596 476 80 ) (596 460 80 ) (596 460 144 ) (596 476 144 ) 
4 898 901 0 (596 548 80 ) (596 524 80 ) (596 524 144 ) (596 548 144 ) 
4 898 900 0 (596 564 80 ) (596 548 80 ) (596 548 144 ) (596 564 144 ) 
4 898 906 0 (596 460 80 ) (596 289.600037 80 ) (596 289.600006 144 ) (596 460 144 ) 
4 898 899 0 (596 734.399902 80 ) (596 564 80 ) (596 564 144 ) (596 734.395752 144 ) 
5 899 915 0 (544 736 80 ) (591.992188 736 80 ) (596 734.396851 80 ) (596 564 80 ) (544 564 80 ) 
4 899 914 0 (544 736 80 ) (544 564 80 ) (544 564 96 ) (544 736 96 ) 
4 899 912 0 (544 564 96 ) (544 564 112 ) (544 736 112 ) (544 736 96 ) 
4 899 910 0 (544 564 112 ) (544 564 128 ) (544 736 128 ) (544 736 112 ) 
4 899 908 0 (544 564 128 ) (544 564 144 ) (544 736 144 ) (544 736 128 ) 
4 899 900 0 (556 564 80 ) (596 564 80 ) (596 564 144 ) (556 564 144 ) 
3 900 922 0 (576 556 80 ) (556 564 80 ) (568 564 80 ) 
4 900 920 0 (584.571411 552.571411 80 ) (576 556 80 ) (568 564 80 ) (580 564 80 ) 
4 900 918 0 (596 564 80 ) (596 548 80 ) (584.571411 552.571411 80 ) (580 564 80 ) 
4 900 903 0 (576 556 80 ) (584.571594 552.570984 80 ) (584.571594 552.570984 144 ) (576 556 144 ) 
4 900 901 0 (584.571594 552.570984 80 ) (596 548 80 ) (596 548 144 ) (584.571594 552.570984 144 ) 
3 901 918 0 (596 548 80 ) (596 524 80 ) (584.571411 552.571411 80 ) 
4 901 903 0 (584.575928 552.567932 144 ) (584.575928 552.567932 80 ) (588.005127 543.994873 80 ) (588.005127 543.994873 144 ) 
3 902 924 0 (596 476 80 ) (596 460 80 ) (556 460 80 ) 
4 902 904 0 (596 476 144 ) (596 476 80 ) (576 468 80 ) (576 468 144 ) 
4 902 906 0 (556 460 80 ) (596 460 80 ) (596 460 144 ) (556 460 144 ) 
3 903 920 0 (576 556 80 ) (584.571411 552.571411 80 ) (588 544 80 ) 
3 904 924 0 (596 488 80 ) (596 476 80 ) (576 468 80 ) 
4 904 905 0 (596 488 144 ) (596 488 80 ) (588 480 80 ) (588 480 144 ) 
3 905 924 0 (596 500 80 ) (596 488 80 ) (588 480 80 ) 
5 906 924 0 (596 460 80 ) (596 289.599976 80 ) (592 288 80 ) (544 288 80 ) (544 460 80 ) 
4 906 913 0 (544 460 80 ) (544 288 80 ) (544 288 96 ) (544 460 96 ) 
4 906 911 0 (544 288 96 ) (544 288 112 ) (544 460 112 ) (544 460 96 ) 
4 906 909 0 (544 288 112 ) (544 288 128 ) (544 460 128 ) (544 460 112 ) 
4 906 907 0 (544 288 128 ) (544 288 144 ) (544 460 144 ) (544 460 128 ) 
4 907 948 0 (320 464 128 ) (320 464 144 ) (320 560 144 ) (320 560 128 ) 
6 907 909 0 (544 512 128 ) (544 288 128 ) (496 288 128 ) (416 320 128 ) (352.001251 383.998779 128 ) (320 464 128 ) 
6 908 910 0 (351.997559 640.001648 128 ) (416.005157 704.005188 128 ) (495.992218 736 128 ) (544 736 128 ) (544 520 128 ) (526.315735 523.789490 128 ) 
6 909 911 0 (544 512 112 ) (544 288 112 ) (496 288 112 ) (416 320 112 ) (352.001251 383.998779 112 ) (352 384 112 ) 
6 910 912 0 (322.940796 567.369812 112 ) (351.992310 639.996399 112 ) (416.005157 704.005188 112 ) (495.992218 736 112 ) (544 736 112 ) (544 520 112 ) 
4 911 913 0 (544 512 96 ) (544 288 96 ) (496 288 96 ) (416 320 96 ) 
8 912 914 0 (320 560.018066 96 ) (351.992310 639.996399 96 ) (416.005157 704.005188 96 ) (495.992218 736 96 ) (544 736 96 ) (544 512 96 ) (320 464 96 ) (320 464.002197 96 ) 
3 913 924 0 (544 512 80 ) (544 288 80 ) (496 288 80 ) 
4 914 925 0 (352.003204 384.002136 80 ) (320 464.008514 80 ) (320 512 80 ) (544 512 80 ) 
3 914 921 0 (492 524 80 ) (492 536 80 ) (500 544 80 ) 
3 914 919 0 (492 536 80 ) (492 548 80 ) (512 556 80 ) 
3 914 917 0 (492 564 80 ) (532 564 80 ) (492 548 80 ) 
5 914 923 0 (320 512 80 ) (320 560.017273 80 ) (321.593170 564 80 ) (492 564 80 ) (492 512 80 ) 
6 914 915 0 (321.593170 564 80 ) (351.992615 639.995178 80 ) (415.998596 704 80 ) (496 736 80 ) (544 736 80 ) (544 564 80 ) 
8 915 932 0 (321.593170 564 16 ) (351.992615 639.995178 16 ) (415.998596 704 16 ) (496 736 16 ) (591.992188 736 16 ) (672.005249 703.994751 16 ) (736 640 16 ) (766.399963 564 16 ) 
4 915 922 0 (556 564 16 ) (568 564 16 ) (568 564 80 ) (556 564 80 ) 
4 915 920 0 (568 564 16 ) (580 564 16 ) (580 564 80 ) (568 564 80 ) 
4 915 918 0 (580 564 16 ) (596 564 16 ) (596 564 80 ) (580 564 80 ) 
4 915 917 0 (492 564 16 ) (532 564 16 ) (532 564 80 ) (492 564 80 ) 
4 915 923 0 (321.596649 564 16 ) (492 564 16 ) (492 564 80 ) (321.599976 564 80 ) 
4 915 916 0 (596 564 16 ) (766.399963 564 16 ) (766.399963 564 80 ) (596 564 80 ) 
5 916 934 0 (596 564 16 ) (766.399963 564 16 ) (768 560 16 ) (768 512 16 ) (596 512 16 ) 
4 916 931 0 (596 512 16 ) (768 512 16 ) (768 512 32 ) (596 512 32 ) 
4 916 929 0 (768 512 32 ) (768 512 48 ) (596 512 48 ) (596 512 32 ) 
4 916 927 0 (768 512 48 ) (768 512 64 ) (596 512 64 ) (596 512 48 ) 
4 916 924 0 (768 512 64 ) (768 512 80 ) (596 512 80 ) (596 512 64 ) 
4 916 918 0 (596 564 80 ) (596 564 16 ) (596 524 16 ) (596 524 80 ) 
3 917 935 0 (492 564 16 ) (532 564 16 ) (492 548 16 ) 
4 917 919 0 (492 547.997498 80 ) (492 547.997498 16 ) (511.995575 555.995544 16 ) (511.995575 555.995544 80 ) 
4 917 923 0 (492 564 80 ) (492 564 16 ) (492 548 16 ) (492 548 80 ) 
3 918 934 0 (580 564 16 ) (596 564 16 ) (596 524 16 ) 
4 918 920 0 (580.003235 564 80 ) (580.003235 564 16 ) (588.005554 543.994446 16 ) (588.005554 543.994446 80 ) 
3 919 937 0 (492 536 16 ) (492 548 16 ) (512 556 16 ) 
4 919 921 0 (492 536 80 ) (492 536 16 ) (500 543.998901 16 ) (500 543.998901 80 ) 
4 919 923 0 (492 548 16 ) (492 536 16 ) (492 536 80 ) (492 548 80 ) 
3 920 934 0 (568 564 16 ) (580 564 16 ) (588 544 16 ) 
4 920 922 0 (568 564 80 ) (568 564 16 ) (576 556 16 ) (576 556 80 ) 
3 921 939 0 (492 524 16 ) (492 536 16 ) (500 544 16 ) 
4 921 923 0 (492 536 16 ) (492 524 16 ) (492 524 80 ) (492 536 80 ) 
3 922 934 0 (556 564 16 ) (568 564 16 ) (576 556 16 ) 
5 923 942 0 (320 512 16 ) (320 560.017273 16 ) (321.593170 564 16 ) (492 564 16 ) (492 512 16 ) 
4 923 930 0 (320 512 16 ) (492 512 16 ) (492 512 32 ) (320 512 32 ) 
4 923 928 0 (492 512 32 ) (492 512 48 ) (320 512 48 ) (320 512 32 ) 
4 923 926 0 (492 512 48 ) (492 512 64 ) (320 512 64 ) (320 512 48 ) 
4 923 925 0 (492 512 64 ) (492 512 80 ) (320 512 80 ) (320 512 64 ) 
6 924 927 0 (544 512 64 ) (768 512 64 ) (768 464 64 ) (736 383.998505 64 ) (672.002808 320.001099 64 ) (592 288 64 ) 
5 925 926 0 (352 384 64 ) (320 464 64 ) (320 512 64 ) (544 512 64 ) (416 320 64 ) 
6 926 928 0 (352 384 48 ) (320 464 48 ) (320 512 48 ) (544 512 48 ) (496 288 48 ) (416 320 48 ) 
6 927 929 0 (544 512 48 ) (768 512 48 ) (768 464 48 ) (736 383.998505 48 ) (672.002808 320.001099 48 ) (672 320 48 ) 
7 928 930 0 (352 384 32 ) (320 464 32 ) (320 512 32 ) (544 512 32 ) (592 288 32 ) (496 288 32 ) (416 320 32 ) 
4 929 931 0 (544 512 32 ) (768 512 32 ) (768 464 32 ) (736 384 32 ) 
3 930 940 0 (532 460 16 ) (520 460 16 ) (512 468 16 ) 
3 930 938 0 (500 480 16 ) (492 488 16 ) (492 500 16 ) 
3 930 936 0 (520 460 16 ) (492 460 16 ) (492 488 16 ) 
5 930 941 0 (544 460 16 ) (544 288 16 ) (496 288 16 ) (492 289.600006 16 ) (492 460 16 ) 
4 930 933 0 (544 512 16 ) (672 320 16 ) (592 288 16 ) (544 288 16 ) 
6 930 942 0 (352.006744 383.993256 16 ) (320 464.008514 16 ) (320 512 16 ) (492 512 16 ) (492 289.600006 16 ) (416 320 16 ) 
3 931 934 0 (544 512 16 ) (768 512 16 ) (768 464 16 ) 
6 932 1034 0 (348.571411 631.428589 0 ) (352 640 0 ) (416 704 0 ) (492 734.400024 0 ) (492 564 0 ) (416 564 0 ) 
5 932 1029 0 (492 734.400024 0 ) (496 736 0 ) (544 736 0 ) (544 564 0 ) (492 564 0 ) 
3 932 1028 0 (321.599976 564 0 ) (348.571411 631.428589 0 ) (416 564 0 ) 
6 932 995 0 (544 736 0 ) (592 736 0 ) (672 704 0 ) (736 640 0 ) (766.400024 564 0 ) (544 564 0 ) 
4 932 935 0 (532 564 16 ) (492 564 16 ) (492 564 0 ) (532 564 0 ) 
4 932 934 0 (766.399963 564 0 ) (766.399963 564 16 ) (544 564 16 ) (544 564 0 ) 
4 932 942 0 (492 564 16 ) (321.599976 564 16 ) (321.599976 564 0 ) (492 564 0 ) 
5 933 1011 0 (736 384 0 ) (672 320 0 ) (592 288 0 ) (544 288 0 ) (544 512 0 ) 
4 933 941 0 (544 460 0 ) (544 288 0 ) (544 288 16 ) (544 460 16 ) 
4 934 995 0 (768 560 0 ) (544 512 0 ) (544 564 0 ) (766.400024 564 0 ) 
3 935 1031 0 (492 548 0 ) (492 564 0 ) (532 564 0 ) 
4 935 937 0 (492 547.996643 16 ) (492 547.996643 0 ) (511.994263 555.994263 0 ) (511.994263 555.994263 16 ) 
4 935 942 0 (492 564 16 ) (492 564 0 ) (492 548 0 ) (492 548 16 ) 
3 936 1028 0 (492 476 0 ) (492 488 0 ) (512 468 0 ) 
4 936 1027 0 (492 460 0 ) (492 476 0 ) (512 468 0 ) (520 460 0 ) 
4 936 940 0 (520 460 16 ) (520 460 0 ) (511.998901 468 0 ) (511.998901 468 16 ) 
4 936 938 0 (500 480 0 ) (492 488 0 ) (492 488 16 ) (500 480 16 ) 
4 936 942 0 (492 488 0 ) (492 460 0 ) (492 460 16 ) (492 488 16 ) 
4 936 941 0 (492 460 16 ) (492 460 0 ) (520 460 0 ) (520 460 16 ) 
3 937 1033 0 (503.428558 552.571472 0 ) (512 556 0 ) (500 544 0 ) 
4 937 1032 0 (492 536 0 ) (492 548 0 ) (503.428558 552.571472 0 ) (500 544 0 ) 
4 937 939 0 (492 536 16 ) (492 536 0 ) (500 544 0 ) (500 544 16 ) 
4 937 942 0 (492 548 0 ) (492 536 0 ) (492 536 16 ) (492 548 16 ) 
3 938 1030 0 (492 488 0 ) (492 500 0 ) (500 480 0 ) 
4 938 942 0 (492 500 0 ) (492 488 0 ) (492 488 16 ) (492 500 16 ) 
3 939 1032 0 (492 524 0 ) (492 536 0 ) (500 544 0 ) 
4 939 942 0 (492 536 0 ) (492 524 0 ) (492 524 16 ) (492 536 16 ) 
3 940 1027 0 (532 460 0 ) (520 460 0 ) (512 468 0 ) 
4 940 941 0 (520 460 0 ) (532 460 0 ) (532 460 16 ) (520 460 16 ) 
5 941 1043 0 (544 288 0 ) (496 288 0 ) (492 289.599976 0 ) (492 460 0 ) (544 460 0 ) 
4 941 942 0 (492 460 0 ) (492 289.600006 0 ) (492 289.600006 16 ) (492 460 16 ) 
5 942 1043 0 (492 289.599976 0 ) (416 320 0 ) (352 384 0 ) (321.599976 460 0 ) (492 460 0 ) 
3 942 1034 0 (416 564 0 ) (492 564 0 ) (492 488 0 ) 
6 942 1028 0 (320 544.799988 0 ) (320 560 0 ) (321.599976 564 0 ) (416 564 0 ) (492 488 0 ) (492 476 0 ) 
5 942 1027 0 (321.599976 460 0 ) (320 464 0 ) (320 544.799988 0 ) (492 476 0 ) (492 460 0 ) 
4 943 945 0 (736 768 704 ) (736 768 488 ) (736 736 488 ) (736 736 704 ) 
4 943 944 0 (736 736 704 ) (736 736 128 ) (768 736 132 ) (768 736 704 ) 
4 944 1010 0 (768 736 0 ) (768 640 0 ) (736 704 0 ) (736 736 0 ) 
4 944 945 0 (736 704 488 ) (736 704 704 ) (736 736 704 ) (736 736 488 ) 
4 945 946 0 (704 768 704 ) (704 768 488 ) (704 720.003906 488 ) (704 720.003906 704 ) 
4 947 964 0 (288 576 128 ) (288 576 704 ) (288 1024 704 ) (288 1024 128 ) 
5 948 964 0 (288 464 128 ) (288 464 272 ) (288 512 288 ) (288 560 272 ) (288 560 128 ) 
3 949 1055 0 (800 448 0 ) (800 352 0 ) (736 320 0 ) 
4 949 950 0 (736 319.998352 0 ) (800 351.998260 0 ) (800 351.998260 704 ) (736 319.998352 704 ) 
3 950 1056 0 (800 352 0 ) (800 256 0 ) (608 256 0 ) 
4 950 952 0 (800 256 0 ) (800 256 400 ) (608 256 400 ) (608 256 0 ) 
4 950 951 0 (800 256 400 ) (800 256 704 ) (608 256 704 ) (608 256 400 ) 
4 951 965 0 (288 160 400 ) (288 160 704 ) (288 256 704 ) (288 256 400 ) 
4 951 963 0 (528 160 704 ) (288 160 704 ) (288 160 400 ) (528 160 400 ) 
5 951 953 0 (800 160 400 ) (800 160 704 ) (528 160 704 ) (528 160 432 ) (592 160 400 ) 
4 951 952 0 (800 160 400 ) (608 160 400 ) (608 256 400 ) (800 256 400 ) 
4 952 1056 0 (800 256 0 ) (800 160 0 ) (608 160 0 ) (608 256 0 ) 
5 952 954 0 (800 160 304 ) (800 160 400 ) (608 160 400 ) (608 160 392 ) (784 160 304 ) 
4 953 963 0 (528 160 704 ) (528 160 432 ) (528 128 432 ) (528 128 704 ) 
4 953 962 0 (528 128 704 ) (528 128 432 ) (576 128 408 ) (576 128 704 ) 
5 953 957 0 (576 128 408 ) (592 128 400 ) (672 128 400 ) (672 128 704 ) (576 128 704 ) 
4 953 955 0 (672 128 400 ) (800 128 400 ) (800 128 704 ) (672 128 704 ) 
4 953 954 0 (800 128 400 ) (608 128 400 ) (608 160 400 ) (800 160 400 ) 
3 954 958 0 (656 128 368 ) (672 128 360 ) (672 128 368 ) 
5 954 957 0 (672 128 400 ) (608 128 400 ) (608 128 392 ) (656 128 368 ) (672 128 368 ) 
4 954 956 0 (784 128 304 ) (800 128 304 ) (800 128 319 ) (754 128 319 ) 
5 954 955 0 (800 128 319 ) (800 128 400 ) (672 128 400 ) (672 128 360 ) (754 128 319 ) 
5 955 967 0 (800 32 319 ) (800 32 448 ) (672 32 448 ) (672 32 360 ) (754 32 319 ) 
4 955 966 0 (800 32 448 ) (800 32 704 ) (672 32 704 ) (672 32 448 ) 
4 955 958 0 (672 128 368 ) (672 128 336 ) (672 32 336 ) (672 32 368 ) 
4 955 957 0 (672 128 704 ) (672 128 368 ) (672 32 368 ) (672 32 704 ) 
4 955 956 0 (704 128 319 ) (800 128 319 ) (800 32 319 ) (704 32 319 ) 
4 956 967 0 (800 32 304 ) (800 32 319 ) (754 32 319 ) (784 32 304 ) 
4 956 961 0 (736 128 303 ) (768 128 303 ) (768 32 303 ) (736 32 303 ) 
4 956 960 0 (768 128 303 ) (800 128 303 ) (800 32 303 ) (768 32 303 ) 
5 957 967 0 (576 32 448 ) (576 32 408 ) (656 32 368 ) (672 32 368 ) (672 32 448 ) 
4 957 966 0 (672 32 704 ) (576 32 704 ) (576 32 448 ) (672 32 448 ) 
4 957 962 0 (576 128 704 ) (576 128 384 ) (576 32 384 ) (576 32 704 ) 
4 957 959 0 (608 128 368 ) (640 128 368 ) (640 32 368 ) (608 32 368 ) 
4 957 958 0 (640 128 368 ) (672 128 368 ) (672 32 368 ) (640 32 368 ) 
3 958 967 0 (672 32 360 ) (672 32 368 ) (656 32 368 ) 
4 958 959 0 (640 32 352 ) (640 32 368 ) (640 128 368 ) (640 128 352 ) 
4 960 961 0 (768 32 287 ) (768 32 303 ) (768 128 303 ) (768 128 287 ) 
4 962 967 0 (576 32 408 ) (576 32 448 ) (528 32 448 ) (528 32 432 ) 
4 962 966 0 (576 32 448 ) (576 32 704 ) (528 32 704 ) (528 32 448 ) 
4 962 963 0 (528 32 400 ) (528 32 704 ) (528 128 704 ) (528 128 400 ) 
4 963 969 0 (320 32 448 ) (304 32 448 ) (304 32 400 ) (320 32 400 ) 
4 963 968 0 (432 32 448 ) (416 32 448 ) (416 32 400 ) (432 32 400 ) 
4 963 966 0 (528 32 448 ) (528 32 704 ) (288 32 704 ) (288 32 448 ) 
4 963 965 0 (288 32 400 ) (288 32 704 ) (288 160 704 ) (288 160 400 ) 
4 964 1248 0 (0 256 768 ) (0 384 768 ) (0 384 128 ) (0 256 128 ) 
4 964 1198 0 (0 384 768 ) (0 400 768 ) (0 400 128 ) (0 384 128 ) 
4 964 1197 0 (0 400 768 ) (0 1024 768 ) (0 1024 128 ) (0 400 128 ) 
4 964 965 0 (288 256 400 ) (288 256 768 ) (0 256 768 ) (0 256 400 ) 
4 965 1276 0 (0 32 768 ) (0 112 768 ) (0 112 400 ) (0 32 400 ) 
4 965 1249 0 (0 112 768 ) (0 256 768 ) (0 256 400 ) (0 112 400 ) 
4 965 971 0 (96 32 448 ) (80 32 448 ) (80 32 400 ) (96 32 400 ) 
4 965 970 0 (208 32 448 ) (192 32 448 ) (192 32 400 ) (208 32 400 ) 
4 965 966 0 (288 32 448 ) (288 32 768 ) (0 32 768 ) (0 32 448 ) 
4 966 1277 0 (0 0 448 ) (0 0 768 ) (0 32 768 ) (0 32 448 ) 
4 966 971 0 (96 0 448 ) (80 0 448 ) (80 32 448 ) (96 32 448 ) 
4 966 969 0 (320 0 448 ) (304 0 448 ) (304 32 448 ) (320 32 448 ) 
4 966 970 0 (208 0 448 ) (192 0 448 ) (192 32 448 ) (208 32 448 ) 
4 966 968 0 (432 0 448 ) (416 0 448 ) (416 32 448 ) (432 32 448 ) 
4 966 967 0 (1024 0 448 ) (528 0 448 ) (528 32 448 ) (1024 32 448 ) 
4 967 972 0 (1008 0 304 ) (992 0 304 ) (992 32 304 ) (1008 32 304 ) 
4 967 973 0 (896 0 304 ) (880 0 304 ) (880 32 304 ) (896 32 304 ) 
4 974 975 0 (768 928 -256 ) (960 928 -256 ) (960 928 0 ) (768 928 0 ) 
4 975 991 0 (768 736 -256 ) (800 736 -256 ) (800 736 0 ) (768 736 0 ) 
3 975 982 0 (880 736 -256 ) (960 736 -256 ) (960 736 -251 ) 
4 975 981 0 (864 736 -256 ) (880 736 -256 ) (960 736 -251 ) (960 736 -250 ) 
5 975 980 0 (800 736 -256 ) (864 736 -256 ) (960 736 -250 ) (960 736 -246 ) (800 736 -236 ) 
4 975 979 0 (960 736 -246 ) (960 736 -245 ) (808 736 -235.500015 ) (800 736 -236 ) 
3 975 978 0 (960 736 -245 ) (960 736 -226 ) (808 736 -235.500015 ) 
4 975 977 0 (960 736 -226 ) (960 736 0 ) (800 736 0 ) (800 736 -236 ) 
4 976 1060 0 (160 1024 -32 ) (160 1024 -192 ) (160 768 -192 ) (160 768 -32 ) 
4 977 994 0 (800 544 -248 ) (800 544 -152 ) (800 560 -152 ) (800 560 -248 ) 
4 977 992 0 (800 544 -152 ) (800 544 -98.666672 ) (800 560 -104 ) (800 560 -152 ) 
4 977 991 0 (800 736 0 ) (800 736 -236 ) (800 576 -256 ) (800 576 0 ) 
5 977 989 0 (800 544 -240 ) (800 544 -256 ) (864 544 -256 ) (992 544 -248 ) (992 544 -240 ) 
4 977 985 0 (800 544 0 ) (800 544 -240 ) (864 544 -240 ) (864 544 0 ) 
4 977 984 0 (864 544 -240 ) (992 544 -240 ) (992 544 0 ) (864 544 0 ) 
4 977 983 0 (1024 544 -192 ) (1024 544 0 ) (992 544 0 ) (992 544 -192 ) 
5 977 980 0 (800 576.008667 -256 ) (800 736 -236.001083 ) (800.008545 736 -236 ) (832.008484 704 -238 ) (928.003540 576.006775 -248 ) 
3 977 979 0 (800.008545 736 -236 ) (808.008606 736 -235.500549 ) (832.008484 704 -238 ) 
5 977 978 0 (1024 544 -246.001068 ) (992.008545 544 -248 ) (928.008606 576 -248 ) (808.008606 736 -235.500549 ) (1024 736 -222.001083 ) 
3 978 980 0 (928.002319 576 -248 ) (832.003906 703.997375 -238 ) (992 703.997620 -248 ) 
4 978 979 0 (832.003906 703.997375 -238 ) (808.001953 736 -235.500046 ) (1024 736 -249 ) (1024 703.997681 -250 ) 
4 979 982 0 (992.001648 704.003906 -248 ) (1000 736 -248.499939 ) (1024 736 -250 ) (1024 712 -250 ) 
3 979 981 0 (992.001648 704.003906 -248 ) (992 736 -248 ) (1000 736 -248.499939 ) 
5 979 980 0 (992.001648 704.003906 -248 ) (831.994629 704.003906 -238 ) (800 735.998535 -236 ) (800 736 -236 ) (992 736 -248 ) 
3 980 991 0 (800 736 -236 ) (800 736 -256 ) (800 576 -256 ) 
3 980 981 0 (991.992676 703.996033 -248 ) (863.992188 736 -256 ) (991.992676 736 -248 ) 
4 981 982 0 (999.998169 736 -248.499634 ) (992.002014 704.015503 -248 ) (991.937988 704.015503 -248.003876 ) (879.992188 736 -256 ) 
4 983 984 0 (992 544 0 ) (992 544 -192 ) (992 160 -192 ) (992 160 0 ) 
5 984 989 0 (864 544 -240 ) (992 544 -240 ) (992 512 -240 ) (928 384 -240 ) (864 384 -240 ) 
4 984 988 0 (927.992310 384 -240 ) (992 512.015259 -240 ) (992 256.015686 -224 ) (991.992126 256 -224 ) 
3 984 987 0 (992 160 -218 ) (943.992188 160 -224 ) (992 256.015686 -224 ) 
3 984 986 0 (864 192 0 ) (864 224 0 ) (864 224 -192 ) 
5 984 985 0 (864 544 0 ) (864 544 -240 ) (864 256 -240 ) (864 224 -236 ) (864 224 0 ) 
5 985 1057 0 (800 352 -224 ) (800 352 -240 ) (800 256 -240 ) (800 224 -236 ) (800 224 -224 ) 
4 985 1056 0 (800 224 0 ) (800 352 0 ) (800 352 -224 ) (800 224 -224 ) 
4 985 1055 0 (800 352 0 ) (800 448 0 ) (800 448 -240 ) (800 352 -240 ) 
4 985 994 0 (800 544 -152 ) (800 544 -240 ) (800 464 -240 ) (800 464 -152 ) 
5 985 992 0 (800 544 -98.666672 ) (800 544 -152 ) (800 464 -152 ) (800 464 -104 ) (800 512 -88 ) 
4 985 989 0 (800 384 -240 ) (800 544 -240 ) (864 544 -240 ) (864 384 -240 ) 
4 985 986 0 (800 224 0 ) (800 224 -192 ) (864 224 -192 ) (864 224 0 ) 
3 986 1056 0 (800 192 0 ) (800 224 0 ) (800 224 -192 ) 
3 988 990 0 (992 426.666687 -240 ) (992 384 -240 ) (928 384 -240 ) 
3 988 989 0 (992 512 -240 ) (992 426.666687 -240 ) (928 384 -240 ) 
3 989 1058 0 (800 448 -248 ) (800 384 -240 ) (800 448 -240 ) 
4 989 994 0 (800 464 -248 ) (800 464 -240 ) (800 544 -240 ) (800 544 -248 ) 
3 989 990 0 (928.012878 383.997711 -240 ) (992 511.992310 -248 ) (992 426.656830 -240 ) 
4 991 1010 0 (768 736 0 ) (768 736 -256 ) (768 640 -256 ) (768 640 0 ) 
4 992 994 0 (800 464 -152 ) (788 464 -152 ) (788 560 -152 ) (800 560 -152 ) 
4 993 1013 0 (768 464 -152 ) (768 464 -104 ) (768 512 -88 ) (768 512 -152 ) 
4 993 1002 0 (768 512 -88 ) (768 560 -104 ) (768 560 -152 ) (768 512 -152 ) 
4 993 994 0 (780 464 -152 ) (768 464 -152 ) (768 560 -152 ) (780 560 -152 ) 
4 994 1022 0 (768 464 -248 ) (768 464 -240 ) (768 512 -240 ) (768 512 -248 ) 
4 994 1021 0 (768 464 -240 ) (768 464 -224 ) (768 512 -224 ) (768 512 -240 ) 
4 994 1020 0 (768 464 -224 ) (768 464 -208 ) (768 512 -208 ) (768 512 -224 ) 
4 994 1019 0 (768 464 -208 ) (768 464 -192 ) (768 512 -192 ) (768 512 -208 ) 
4 994 1018 0 (768 464 -192 ) (768 464 -176 ) (768 512 -176 ) (768 512 -192 ) 
4 994 1013 0 (768 464 -176 ) (768 464 -152 ) (768 512 -152 ) (768 512 -176 ) 
4 994 1002 0 (768 512 -152 ) (768 560 -152 ) (768 560 -248 ) (768 512 -248 ) 
4 995 1029 0 (544 736 0 ) (544 736 -16 ) (544 564 -16 ) (544 564 0 ) 
5 995 1000 0 (592.014404 736 -16 ) (671.992554 704.007446 -16 ) (672 704 -16 ) (544 512 -16 ) (544 736 -16 ) 
3 995 997 0 (672 704 -16 ) (736 640 -16 ) (544 512 -16 ) 
4 996 1012 0 (544 512 -16 ) (544 512 -32 ) (768 512 -32 ) (768 512 -16 ) 
4 996 998 0 (767.989441 559.997681 -32 ) (768 559.971313 -32 ) (768 512 -32 ) (544 512 -32 ) 
5 997 1000 0 (544 512 -32 ) (544 512 -29.600002 ) (544.001038 512 -16 ) (671.997070 704 -16 ) (671.997375 704 -32 ) 
4 998 1013 0 (596 512 -64 ) (768 512 -64 ) (768 512 -48 ) (596 512 -48 ) 
4 998 1012 0 (544 512 -32 ) (544 512 -48 ) (768 512 -48 ) (768 512 -32 ) 
3 998 1003 0 (596 512 -64 ) (544 512 -64 ) (596 546.666687 -64 ) 
5 998 1002 0 (736 640 -64 ) (768 560 -64 ) (768 512 -64 ) (596 512 -64 ) (596 546.666687 -64 ) 
4 998 999 0 (736.002502 640.001648 -64 ) (544.003967 512 -64 ) (544.003967 512 -48 ) (736.001709 640 -48 ) 
3 999 1003 0 (596 546.666687 -64 ) (544 512 -64 ) (596 590 -64 ) 
4 999 1002 0 (736 640 -64 ) (596 546.666687 -64 ) (596 590 -64 ) (672 704 -64 ) 
4 1000 1029 0 (544 736 -16 ) (544 736 -48 ) (544 564 -48 ) (544 564 -16 ) 
4 1000 1001 0 (591.997925 736 -48 ) (592 736 -48 ) (544 512 -48 ) (544 736 -48 ) 
4 1001 1038 0 (544 736 -48 ) (544 736 -64 ) (544 512 -64 ) (544 512 -48 ) 
4 1002 1024 0 (596 734.399963 -256 ) (672 704 -256 ) (736 640 -256 ) (596 546.666626 -256 ) 
4 1002 1023 0 (736 640 -256 ) (768 560 -256 ) (596 523.142883 -256 ) (596 546.666626 -256 ) 
4 1002 1022 0 (596 512 -256 ) (768 512 -256 ) (768 512 -240 ) (596 512 -240 ) 
4 1002 1021 0 (768 512 -240 ) (768 512 -224 ) (596 512 -224 ) (596 512 -240 ) 
4 1002 1020 0 (768 512 -224 ) (768 512 -208 ) (596 512 -208 ) (596 512 -224 ) 
4 1002 1019 0 (768 512 -208 ) (768 512 -192 ) (596 512 -192 ) (596 512 -208 ) 
4 1002 1018 0 (768 512 -192 ) (768 512 -176 ) (596 512 -176 ) (596 512 -192 ) 
4 1002 1013 0 (768 512 -176 ) (768 512 -64 ) (596 512 -64 ) (596 512 -176 ) 
4 1002 1008 0 (596 524 -112 ) (596 536 -112 ) (596 536 -240 ) (596 524 -240 ) 
4 1002 1007 0 (596 536 -112 ) (596 548 -112 ) (596 548 -240 ) (596 536 -240 ) 
4 1002 1009 0 (596 512 -256 ) (596 512 -240 ) (596 548 -240 ) (596 548 -256 ) 
4 1002 1006 0 (596 548 -112 ) (596 564 -112 ) (596 564 -256 ) (596 548 -256 ) 
4 1002 1005 0 (596 564 -112 ) (596 734.396240 -112 ) (596 734.396240 -256 ) (596 564 -256 ) 
4 1002 1003 0 (596 512 -80 ) (596 512 -64 ) (596 734.396240 -64 ) (596 734.396240 -80 ) 
4 1002 1004 0 (596 512 -112 ) (596 512 -80 ) (596 734.396240 -80 ) (596 734.396240 -112 ) 
4 1003 1004 0 (592 736 -80 ) (596 734.400024 -80 ) (596 512 -80 ) (544 512 -80 ) 
3 1004 1008 0 (596 536 -112 ) (596 524 -112 ) (588 544 -112 ) 
3 1004 1007 0 (596 548 -112 ) (596 536 -112 ) (576 556 -112 ) 
3 1004 1006 0 (596 564 -112 ) (596 548 -112 ) (556 564 -112 ) 
5 1004 1005 0 (592 736 -112 ) (596 734.400024 -112 ) (596 564 -112 ) (544 564 -112 ) (544 736 -112 ) 
4 1005 1045 0 (544 704 -256 ) (544 564 -256 ) (544 564 -144 ) (544 704 -144 ) 
4 1005 1044 0 (544 736 -144 ) (544 736 -256 ) (544 704 -256 ) (544 704 -144 ) 
5 1005 1024 0 (544 564 -256 ) (544 736 -256 ) (592 736 -256 ) (596 734.399963 -256 ) (596 564 -256 ) 
4 1005 1009 0 (544 564 -256 ) (556 564 -256 ) (556 564 -240 ) (544 564 -240 ) 
4 1005 1006 0 (556 564 -256 ) (596 564 -256 ) (596 564 -112 ) (556 564 -112 ) 
3 1006 1024 0 (556 564 -256 ) (596 564 -256 ) (596 548 -256 ) 
4 1006 1007 0 (576 556 -240 ) (596 548 -240 ) (596 548 -112 ) (576 556 -112 ) 
4 1006 1009 0 (555.996582 564 -240 ) (555.996582 564 -256 ) (596 548 -256 ) (596 548 -240 ) 
4 1007 1008 0 (588 544 -240 ) (596 536 -240 ) (596 536.002014 -112 ) (588 544.002075 -112 ) 
3 1007 1009 0 (576 556 -240 ) (596 548 -240 ) (596 536 -240 ) 
3 1008 1009 0 (588 544 -240 ) (596 536 -240 ) (596 524 -240 ) 
5 1009 1024 0 (544 512 -256 ) (544 564 -256 ) (556 564 -256 ) (596 548 -256 ) (596 546.666687 -256 ) 
3 1009 1023 0 (544 512 -256 ) (596 546.666687 -256 ) (596 523.142883 -256 ) 
4 1009 1022 0 (544 512 -240 ) (544 512 -256 ) (596 512 -256 ) (596 512 -240 ) 
4 1011 1043 0 (544 288 -16 ) (544 288 0 ) (544 460 0 ) (544 460 -16 ) 
7 1011 1012 0 (544 512 -16 ) (768 464 -16 ) (768 463.984375 -16 ) (736.010437 384.010437 -16 ) (672 320 -16 ) (592 288 -16 ) (544 288 -16 ) 
4 1012 1043 0 (544 288 -48 ) (544 288 -16 ) (544 460 -16 ) (544 460 -48 ) 
3 1012 1016 0 (576 468 -48 ) (568 460 -48 ) (556 460 -48 ) 
3 1012 1015 0 (588 480 -48 ) (580 460 -48 ) (568 460 -48 ) 
3 1012 1014 0 (596 500 -48 ) (596 460 -48 ) (580 460 -48 ) 
5 1012 1017 0 (596 460 -48 ) (596 289.600006 -48 ) (592 288 -48 ) (544 288 -48 ) (544 460 -48 ) 
6 1012 1013 0 (596 512 -48 ) (768 512 -48 ) (768 464 -48 ) (736 384 -48 ) (672 320 -48 ) (596 289.600006 -48 ) 
6 1013 1018 0 (596 512 -176 ) (768 512 -176 ) (768 463.984375 -176 ) (736.010437 384.010437 -176 ) (672 320 -176 ) (596 289.600006 -176 ) 
4 1013 1014 0 (596 500 -176 ) (596 460 -176 ) (596 460 -48 ) (596 500 -48 ) 
4 1013 1017 0 (596 460 -176 ) (596 289.600006 -176 ) (596 289.600037 -48 ) (596 460 -48 ) 
3 1014 1018 0 (596 500 -176 ) (596 460 -176 ) (580 460 -176 ) 
4 1014 1015 0 (588.002319 480.002319 -176 ) (580.001770 460 -176 ) (580.001770 460 -48 ) (588.002319 480.002319 -48 ) 
4 1014 1017 0 (580 460 -176 ) (596 460 -176 ) (596 460 -48 ) (580 460 -48 ) 
3 1015 1018 0 (588 480 -176 ) (580 460 -176 ) (568 460 -176 ) 
4 1015 1016 0 (576 468 -176 ) (568 460 -176 ) (568 460 -48 ) (576 468 -48 ) 
4 1015 1017 0 (568 460 -176 ) (580 460 -176 ) (580 460 -48 ) (568 460 -48 ) 
3 1016 1018 0 (576 468 -176 ) (568 460 -176 ) (556 460 -176 ) 
4 1016 1017 0 (556 460 -176 ) (568 460 -176 ) (568 460 -48 ) (556 460 -48 ) 
4 1017 1052 0 (544 288 -176 ) (544 288 -144 ) (544 460 -144 ) (544 460 -176 ) 
4 1017 1043 0 (544 288 -144 ) (544 288 -48 ) (544 460 -48 ) (544 460 -144 ) 
5 1017 1018 0 (596 460 -176 ) (596 289.600006 -176 ) (592 288 -176 ) (544 288 -176 ) (544 460 -176 ) 
4 1018 1054 0 (544 288 -192 ) (544 288 -176 ) (544 512 -176 ) (544 512 -192 ) 
6 1018 1019 0 (544 512 -192 ) (768 512 -192 ) (768 463.984375 -192 ) (736.010437 384.010437 -192 ) (672 320 -192 ) (592 288 -192 ) 
5 1019 1020 0 (544 512 -208 ) (768 512 -208 ) (768 463.984375 -208 ) (736.010437 384.010437 -208 ) (672 320 -208 ) 
5 1020 1021 0 (544 512 -224 ) (768 512 -224 ) (768 463.984375 -224 ) (736.010437 384.010437 -224 ) (736 384 -224 ) 
3 1021 1022 0 (544 512 -240 ) (768 512 -240 ) (768 464 -240 ) 
4 1023 1024 0 (736 639.997925 -256 ) (736 639.997925 -272 ) (544.007690 512.001221 -272 ) (544.007690 512.001221 -256 ) 
4 1024 1045 0 (544 704 -288 ) (544 564 -288 ) (544 564 -256 ) (544 704 -256 ) 
4 1024 1044 0 (544 736 -256 ) (544 736 -288 ) (544 704 -288 ) (544 704 -256 ) 
4 1024 1025 0 (591.988159 736 -288 ) (671.997925 703.996887 -288 ) (544 512 -288 ) (544 736 -288 ) 
4 1025 1045 0 (544 704 -304 ) (544 564 -304 ) (544 564 -288 ) (544 704 -288 ) 
4 1025 1044 0 (544 736 -288 ) (544 736 -304 ) (544 704 -304 ) (544 704 -288 ) 
3 1025 1026 0 (544 512 -304 ) (544 736 -304 ) (592 736 -304 ) 
4 1026 1050 0 (544 564 -320 ) (544 512 -320 ) (544 512 -304 ) (544 564 -304 ) 
4 1026 1045 0 (544 704 -320 ) (544 564 -320 ) (544 564 -304 ) (544 704 -304 ) 
4 1026 1044 0 (544 736 -304 ) (544 736 -320 ) (544 704 -320 ) (544 704 -304 ) 
4 1027 1043 0 (532 460 0 ) (321.599976 460 0 ) (321.599976 460 -112 ) (532 460 -112 ) 
4 1027 1041 0 (532 460 -112 ) (321.599976 460 -112 ) (320 464 -112 ) (320 544.800049 -112 ) 
4 1027 1028 0 (511.998108 468.001953 -112 ) (320 544.799133 -112 ) (320 544.799133 0 ) (511.998108 468.001953 0 ) 
4 1028 1041 0 (512 468 -112 ) (320 544.800049 -112 ) (320 560 -112 ) (447.272858 532.727234 -112 ) 
4 1028 1039 0 (500 480 -112 ) (492 488 -112 ) (492 488 -48 ) (500 480 -48 ) 
4 1028 1040 0 (492 488 -112 ) (468 512 -112 ) (468 512 -48 ) (492 488 -48 ) 
4 1028 1037 0 (468 512 -112 ) (348.571381 631.428528 -112 ) (348.571381 631.428528 -96 ) (468 512 -96 ) 
4 1028 1036 0 (348.571381 631.428528 -96 ) (348.571381 631.428528 -80 ) (468 512 -80 ) (468 512 -96 ) 
4 1028 1035 0 (348.571381 631.428528 -80 ) (348.571381 631.428528 -48 ) (468 512 -48 ) (468 512 -80 ) 
4 1028 1034 0 (492 488 -48 ) (348.571381 631.428528 -48 ) (348.571381 631.428528 0 ) (492 488 0 ) 
4 1028 1030 0 (500 480 -48 ) (492 488 -48 ) (492 488 0 ) (500 480 0 ) 
4 1029 1038 0 (496 736 -48 ) (544 736 -48 ) (544 564 -48 ) (532.857178 564 -48 ) 
4 1029 1035 0 (492 564 -48 ) (492 734.400085 -48 ) (496 736 -48 ) (532.857178 564 -48 ) 
4 1029 1034 0 (492 734.400024 0 ) (492 734.400024 -48 ) (492 564 -48 ) (492 564 0 ) 
4 1029 1031 0 (492 564 0 ) (492 564 -48 ) (532 564 -48 ) (532 564 0 ) 
3 1030 1039 0 (499.984406 480.039032 -48 ) (492 488.023438 -48 ) (492 500 -48 ) 
4 1030 1034 0 (492 500 -48 ) (492 488 -48 ) (492 488 0 ) (492 500 0 ) 
3 1031 1035 0 (492 548 -48 ) (492 564 -48 ) (532 564 -48 ) 
4 1031 1034 0 (492 564 -48 ) (492 548 -48 ) (492 548 0 ) (492 564 0 ) 
4 1031 1033 0 (503.427643 552.569153 -48 ) (511.996704 555.996643 -48 ) (511.996704 555.996643 0 ) (503.427643 552.569153 0 ) 
4 1031 1032 0 (492 547.998230 0 ) (492 547.998230 -48 ) (503.427643 552.569153 -48 ) (503.427643 552.569153 0 ) 
3 1032 1035 0 (492 524 -48 ) (492 548 -48 ) (503.428558 552.571411 -48 ) 
4 1032 1034 0 (492 548 -48 ) (492 524 -48 ) (492 524 0 ) (492 548 0 ) 
4 1032 1033 0 (500.003906 544.003906 -48 ) (503.432861 552.576294 -48 ) (503.432861 552.576294 0 ) (500.003906 544.003906 0 ) 
3 1033 1035 0 (500 544 -48 ) (503.428558 552.571411 -48 ) (512 556 -48 ) 
3 1034 1040 0 (492 488.023438 -48 ) (468.023468 512 -48 ) (492 512 -48 ) 
6 1034 1035 0 (468.023468 512 -48 ) (348.578186 631.445496 -48 ) (351.994751 639.986938 -48 ) (416.013123 704.005310 -48 ) (492 734.400085 -48 ) (492 512 -48 ) 
4 1035 1040 0 (492 512 -48 ) (467.996368 512 -48 ) (467.996368 512 -80 ) (492 512 -80 ) 
4 1035 1038 0 (543.997925 512 -48 ) (543.997925 512 -64 ) (495.998199 736 -64 ) (495.998199 736 -48 ) 
7 1035 1036 0 (543.995056 512.007446 -80 ) (543.996643 512 -80 ) (468 512 -80 ) (348.571411 631.428589 -80 ) (352.001099 640.002747 -80 ) (415.995758 703.998291 -80 ) (416 704 -80 ) 
4 1036 1040 0 (467.996368 512 -80 ) (467.996368 512 -96 ) (492 512 -96 ) (492 512 -80 ) 
5 1036 1037 0 (348.577698 631.422363 -96 ) (352.006897 639.995422 -96 ) (543.997437 512.001709 -96 ) (543.997803 512 -96 ) (468 512 -96 ) 
3 1037 1041 0 (468 512 -112 ) (447.272827 532.727234 -112 ) (544 512 -112 ) 
4 1037 1040 0 (467.996368 512 -96 ) (467.996368 512 -112 ) (492 512 -112 ) (492 512 -96 ) 
3 1039 1041 0 (500 480 -112 ) (492 488 -112 ) (492 500 -112 ) 
4 1039 1040 0 (492 500 -112 ) (492 488 -112 ) (492 488 -48 ) (492 500 -48 ) 
3 1040 1041 0 (492 488 -112 ) (468 512 -112 ) (492 512 -112 ) 
4 1041 1043 0 (321.599976 460 -128 ) (544 460 -128 ) (544 460 -112 ) (321.599976 460 -112 ) 
4 1041 1042 0 (544 460 -128 ) (321.599976 460 -128 ) (320 464 -128 ) (544 512 -128 ) 
3 1042 1053 0 (544 512 -144 ) (509.333313 460 -144 ) (466 460 -144 ) 
3 1042 1052 0 (544 512 -144 ) (544 460 -144 ) (509.333313 460 -144 ) 
4 1042 1043 0 (321.600037 460 -144 ) (544 460 -144 ) (544 460 -128 ) (321.600006 460 -128 ) 
4 1043 1053 0 (416 320 -144 ) (352 384 -144 ) (466 460 -144 ) (509.333313 460 -144 ) 
5 1043 1052 0 (544 460 -144 ) (544 288 -144 ) (496 288 -144 ) (416 320 -144 ) (509.333313 460 -144 ) 
4 1044 1045 0 (352 704 -320 ) (544 704 -320 ) (544 704 -144 ) (352 704 -144 ) 
5 1045 1061 0 (160 656 -320 ) (160 564 -320 ) (160 564 -174.666641 ) (160 608 -160 ) (160 656 -176 ) 
4 1045 1059 0 (160 564 -320 ) (160 672 -320 ) (192 672 -320 ) (192 564 -320 ) 
4 1045 1049 0 (544 564 -176 ) (544 564 -144 ) (532 564 -144 ) (532 564 -176 ) 
4 1045 1050 0 (532 564 -320 ) (544 564 -320 ) (544 564 -304 ) (532 564 -304 ) 
4 1045 1046 0 (492 564 -320 ) (532 564 -320 ) (532 564 -144 ) (492 564 -144 ) 
4 1045 1051 0 (160 564 -320 ) (492 564 -320 ) (492 564 -144 ) (160 564 -144 ) 
4 1046 1049 0 (532.009094 564 -176 ) (532.009094 564 -144 ) (511.994873 555.994873 -144 ) (511.994873 555.994873 -176 ) 
4 1046 1047 0 (492 547.997498 -144 ) (492 547.997498 -304 ) (511.994873 555.994873 -304 ) (511.994873 555.994873 -144 ) 
4 1046 1050 0 (492 547.997498 -304 ) (492 547.997498 -320 ) (532.009094 564 -320 ) (532.009094 564 -304 ) 
4 1046 1051 0 (492 564 -144 ) (492 564 -320 ) (492 548 -320 ) (492 548 -144 ) 
4 1047 1049 0 (511.998199 555.998169 -176 ) (511.998199 555.998169 -144 ) (500 543.997986 -144 ) (500 543.997986 -176 ) 
4 1047 1048 0 (492 535.998047 -144 ) (492 535.998047 -304 ) (500 543.997986 -304 ) (500 543.997986 -144 ) 
3 1047 1050 0 (492 536 -304 ) (492 547.995300 -304 ) (511.992157 555.992188 -304 ) 
4 1047 1051 0 (492 536 -144 ) (492 548 -144 ) (492 548 -304 ) (492 536 -304 ) 
4 1048 1049 0 (492 523.998718 -144 ) (492 523.998718 -176 ) (500.004730 544.005981 -176 ) (500.004730 544.005981 -144 ) 
4 1048 1051 0 (492 524 -144 ) (492 536 -144 ) (492 536 -304 ) (492 524 -304 ) 
3 1048 1050 0 (492 524 -304 ) (492 536 -304 ) (500 544 -304 ) 
4 1049 1051 0 (492 512 -176 ) (492 512 -144 ) (492 524 -144 ) (492 524 -176 ) 
4 1050 1051 0 (492 548 -320 ) (492 512 -320 ) (492 512 -304 ) (492 548 -304 ) 
4 1051 1061 0 (160 564 -320 ) (160 560 -320 ) (160 560 -176 ) (160 564 -174.666656 ) 
4 1051 1059 0 (160 544 -320 ) (160 564 -320 ) (192 564 -320 ) (192 544 -320 ) 
3 1052 1054 0 (544 512 -176 ) (544 288 -176 ) (496 288 -176 ) 
4 1052 1053 0 (543.995239 511.994843 -144 ) (543.995239 511.994843 -160 ) (416 320.002960 -160 ) (416 320.002960 -144 ) 
3 1055 1058 0 (800 447.998657 -240 ) (800 384 -240 ) (768 384 -240 ) 
4 1055 1057 0 (736 320.001160 -240 ) (800 352 -240 ) (800 352 -224 ) (736 320.001160 -224 ) 
4 1055 1056 0 (800 352 -224 ) (800 352 0 ) (736 320.001160 0 ) (736 320.001160 -224 ) 
4 1056 1057 0 (800 160 -224 ) (656 160 -224 ) (608 255.996078 -224 ) (800 351.996063 -224 ) 
4 1059 1061 0 (160 560 -320 ) (160 656 -320 ) (160 656 -336 ) (160 560 -336 ) 
4 1060 1062 0 (128 1024 -32 ) (128 1024 -192 ) (128 768 -192 ) (128 768 -32 ) 
5 1061 1063 0 (128 560 -336 ) (128 560 -176 ) (128 608 -160 ) (128 656 -176 ) (128 656 -336 ) 
4 1062 1322 0 (0 768 -32 ) (0 832 -32 ) (0 832 -192 ) (0 768 -192 ) 
4 1062 1319 0 (0 832 -32 ) (0 864 -32 ) (0 864 -192 ) (0 832 -192 ) 
4 1062 1317 0 (0 1024 -128 ) (0 1024 -192 ) (0 864 -192 ) (0 864 -128 ) 
4 1062 1310 0 (0 864 -32 ) (0 1024 -32 ) (0 1024 -128 ) (0 864 -128 ) 
4 1063 1068 0 (64 664 -176 ) (64 552 -176 ) (112 552 -152 ) (112 664 -152 ) 
4 1063 1066 0 (112 664 -152 ) (112 552 -152 ) (128 552 -144 ) (128 664 -144 ) 
4 1063 1064 0 (96 544 -352 ) (64 544 -352 ) (64 672 -352 ) (96 672 -352 ) 
4 1063 1065 0 (64 544 -352 ) (64 544 -175.992188 ) (64 672 -175.992203 ) (64 672 -352 ) 
4 1064 1065 0 (64 544 -368 ) (64 544 -352 ) (64 672 -352 ) (64 672 -368 ) 
4 1065 1332 0 (0 544 -208 ) (0 552 -208 ) (0 552 -384 ) (0 544 -384 ) 
4 1065 1330 0 (0 664 -208 ) (0 672 -208 ) (0 672 -384 ) (0 664 -384 ) 
4 1065 1331 0 (0 552 -208 ) (0 664 -208 ) (0 664 -384 ) (0 552 -384 ) 
4 1065 1078 0 (0 664 -208 ) (0 552 -208 ) (40 552 -188 ) (40 664 -188 ) 
4 1065 1076 0 (40 664 -188 ) (40 552 -188 ) (56 552 -180 ) (56 664 -180 ) 
4 1065 1068 0 (56 664 -180 ) (56 552 -180 ) (64 552 -176 ) (64 664 -176 ) 
5 1066 1068 0 (112 664 -152 ) (112 552 -152 ) (112 552 -136 ) (112 608 -80 ) (112 664 -136 ) 
4 1067 1068 0 (56 664 -156 ) (56 664 -164 ) (112 664 -136 ) (112 664 -128 ) 
4 1068 1079 0 (112 552 -136 ) (112 552 -128 ) (56 552 -156 ) (56 552 -164 ) 
4 1068 1075 0 (56 552 -176 ) (56 552 -164 ) (56 607 -109 ) (56 607 -176 ) 
4 1068 1071 0 (56 609 -112 ) (56 609 -176 ) (56 607 -176 ) (56 607 -112 ) 
5 1068 1070 0 (56 609 -109 ) (56 609 -112 ) (56 607 -112 ) (56 607 -109 ) (56 608 -108 ) 
4 1068 1069 0 (56 664 -164 ) (56 664 -176 ) (56 609 -176 ) (56 609 -109 ) 
4 1068 1076 0 (56 552 -180.002655 ) (56 552 -176 ) (56 664 -176 ) (56 664 -180 ) 
4 1069 1078 0 (40 664 -172 ) (40 664 -176 ) (40 609 -176 ) (40 609 -117 ) 
4 1069 1073 0 (40 609 -117 ) (40 609 -176 ) (47 609 -176 ) (47 609 -113.500015 ) 
5 1069 1071 0 (49 609 -176 ) (56 609 -176 ) (56 609 -112 ) (50 609 -112 ) (49 609 -112.500015 ) 
3 1069 1070 0 (56 609 -112 ) (56 609 -109 ) (50 609 -112 ) 
4 1069 1076 0 (40 609 -176 ) (40 664 -176 ) (56 664 -176 ) (56 609 -176 ) 
3 1070 1075 0 (50 607 -112 ) (56 607 -112 ) (56 607 -109 ) 
6 1070 1071 0 (56 607 -112 ) (50 607 -112 ) (49 607.499939 -112 ) (49 608.499939 -112 ) (50 609 -112 ) (56 609 -112 ) 
5 1071 1075 0 (49 607 -176 ) (56 607 -176 ) (56 607 -112 ) (50 607 -112 ) (49 607 -112.499969 ) 
3 1071 1074 0 (49 608.508545 -112 ) (49.982971 609 -112 ) (49 609 -112.491486 ) 
4 1071 1076 0 (49 609 -176 ) (56 609 -176 ) (56 607 -176 ) (49 607 -176 ) 
3 1071 1072 0 (49 607.492188 -112 ) (49 607 -112.492188 ) (49.986980 607 -112 ) 
5 1073 1078 0 (40 609 -117 ) (40 609 -176 ) (40 607 -176 ) (40 607 -117 ) (40 608 -116 ) 
4 1073 1075 0 (40 607 -117 ) (40 607 -176 ) (47 607 -176 ) (47 607 -113.499962 ) 
4 1073 1076 0 (40 607 -176 ) (40 609 -176 ) (47 609 -176 ) (47 607 -176 ) 
4 1075 1078 0 (40 552 -176 ) (40 552 -172 ) (40 607 -117 ) (40 607 -176 ) 
4 1075 1076 0 (40 552 -176 ) (40 607 -176 ) (56 607 -176 ) (56 552 -176 ) 
4 1076 1078 0 (40 552 -188.001175 ) (40 552 -176 ) (40 664 -176 ) (40 664 -188 ) 
3 1077 1328 0 (0 664 -184 ) (0 672 -192 ) (0 664 -192 ) 
4 1077 1078 0 (40 664 -172 ) (40 664 -164.002426 ) (0 664 -184.002426 ) (0 664 -192 ) 
4 1078 1331 0 (0 664 -192 ) (0 664 -208 ) (0 552 -208 ) (0 552 -192 ) 
5 1078 1328 0 (0 608 -128 ) (0 664 -184 ) (0 664 -192 ) (0 552 -192 ) (0 552 -184 ) 
4 1078 1080 0 (40 552 -172 ) (40 552 -164 ) (0 552 -184 ) (0 552 -192 ) 
3 1080 1328 0 (0 544 -192 ) (0 552 -184 ) (0 552 -192 ) 
4 1081 1372 0 (0 0 -1546 ) (0 0 -1338 ) (0 1024 -1338 ) (0 1024 -1546 ) 
4 1081 1083 0 (0 0 -1338 ) (0 0 -1546 ) (620 0 -1546 ) (620 0 -1338 ) 
4 1083 1381 0 (0 -84 -1546 ) (0 -84 -1338 ) (0 0 -1338 ) (0 0 -1546 ) 
4 1084 1086 0 (-320 3072 -256 ) (0 3072 -256 ) (0 3072 -80 ) (-320 3072 -80 ) 
4 1085 1136 0 (-704 2048 512 ) (-688 2048 512 ) (-688 2048 960 ) (-704 2048 960 ) 
4 1085 1133 0 (-688 2048 512 ) (-576 2048 512 ) (-576 2048 672 ) (-688 2048 672 ) 
4 1085 1130 0 (-576 2048 672 ) (-576 2048 960 ) (-688 2048 960 ) (-688 2048 672 ) 
3 1087 1132 0 (-576 1824 912 ) (-576 1824 690.461487 ) (-576 1632 690.461487 ) 
4 1087 1089 0 (-383.997803 1824 912.002563 ) (-576 1824 912.002563 ) (-576 1672 736.618835 ) (-535.997009 1672 736.618835 ) 
3 1087 1090 0 (-576 1672 736.618835 ) (-576 1631.996826 690.461548 ) (-535.997009 1672 736.618835 ) 
5 1088 1089 0 (-376.007355 1824 960 ) (-340.005737 1824 912 ) (-256.002930 1726.928955 799.996033 ) (-256.002930 1672 799.996033 ) (-376.005951 1672 960 ) 
4 1088 1090 0 (-208.468735 1672 736.625000 ) (0 1672 736.625000 ) (0 1672 960 ) (-376 1672 960 ) 
4 1089 1132 0 (-576 1672 960 ) (-576 1824 960 ) (-576 1824 912 ) (-576 1672 736.615295 ) 
5 1089 1090 0 (-576 1672 736.625000 ) (-303.531250 1672 736.625000 ) (-256 1672 800 ) (-376 1672 960 ) (-576 1672 960 ) 
4 1090 1131 0 (-576 1472 672 ) (-576 1472 690.461487 ) (-576 1632 690.461548 ) (-576 1616 672 ) 
5 1090 1132 0 (-576 1472 690.461487 ) (-576 1472 960 ) (-576 1672 960 ) (-576 1672 736.615295 ) (-576 1632 690.461548 ) 
4 1090 1111 0 (-160 1472 960 ) (-576 1472 960 ) (-576 1472 672 ) (-160 1472 672 ) 
4 1090 1105 0 (-128 1472 960 ) (-160 1472 960 ) (-160 1472 672 ) (-128 1472 672 ) 
4 1090 1100 0 (0 1472 960 ) (-128 1472 960 ) (-128 1472 672 ) (0 1472 672 ) 
4 1090 1091 0 (0 1472 672 ) (-576 1472 672 ) (-576 1616 672 ) (0 1616 672 ) 
5 1091 1133 0 (-576 1472 512 ) (-576 1472 672 ) (-576 1632 672 ) (-576 1632 544 ) (-576 1573.818237 512 ) 
4 1091 1111 0 (-576 1472 672 ) (-576 1472 456 ) (-160 1472 456 ) (-160 1472 672 ) 
4 1091 1105 0 (-160 1472 456 ) (-128 1472 456 ) (-128 1472 672 ) (-160 1472 672 ) 
4 1091 1100 0 (-128 1472 456 ) (0 1472 456 ) (0 1472 672 ) (-128 1472 672 ) 
3 1092 1093 0 (-552 1620 432 ) (-576 1620 432 ) (-576 1632 432 ) 
4 1092 1094 0 (-552 1620 448 ) (-576 1620 448 ) (-576 1620 432 ) (-552 1620 432 ) 
4 1093 1094 0 (-576 1620 272 ) (0 1620 272 ) (0 1620 432 ) (-576 1620 432 ) 
4 1094 1134 0 (-576 1592 272 ) (-576 1528 272 ) (-576 1528 384 ) (-576 1592 384 ) 
4 1094 1099 0 (-576 1504 272 ) (-448 1504 272 ) (-448 1504 304 ) (-576 1504 304 ) 
4 1094 1095 0 (0 1504 432 ) (0 1504 448 ) (-576 1504 448 ) (-576 1504 432 ) 
4 1094 1097 0 (0 1504 304 ) (0 1504 432 ) (-576 1504 432 ) (-576 1504 304 ) 
4 1095 1096 0 (-576 1500 432 ) (-552 1500 432 ) (-552 1500 448 ) (-576 1500 448 ) 
4 1095 1097 0 (-576 1500 432 ) (-576 1504 432 ) (0 1504 432 ) (0 1500 432 ) 
3 1096 1097 0 (-576 1476 432 ) (-576 1500 432 ) (-552 1500 432 ) 
4 1097 1099 0 (-576 1476 304 ) (-576 1504 304 ) (-448 1504 304 ) (-448 1476 304 ) 
4 1097 1098 0 (-576 1476 304 ) (0 1476 304 ) (0 1476 432 ) (-576 1476 432 ) 
4 1098 1112 0 (-576 1472 448 ) (-576 1472 304 ) (-160 1472 304 ) (-160 1472 448 ) 
4 1098 1106 0 (-160 1472 304 ) (-128 1472 304 ) (-128 1472 448 ) (-160 1472 448 ) 
4 1098 1101 0 (-128 1472 304 ) (0 1472 304 ) (0 1472 448 ) (-128 1472 448 ) 
4 1098 1099 0 (-448 1472 304 ) (-576 1472 304 ) (-576 1476 304 ) (-448 1476 304 ) 
4 1099 1112 0 (-576 1472 304 ) (-576 1472 272 ) (-448 1472 272 ) (-448 1472 304 ) 
4 1100 1105 0 (-128 1472 960 ) (-128 1472 456 ) (-128 1456 447.199982 ) (-128 1456 960 ) 
4 1100 1102 0 (-128 1456 960 ) (-128 1456 447.199982 ) (0 1456 447.199982 ) (0 1456 960 ) 
4 1101 1106 0 (-128 1472 448 ) (-128 1472 224 ) (-128 1456 224 ) (-128 1456 439.200012 ) 
4 1101 1102 0 (-128 1456 439.199982 ) (-128 1456 0 ) (0 1456 0 ) (0 1456 439.200012 ) 
4 1102 1110 0 (-128 1440 0 ) (-128 1376 0 ) (-128 1376 112 ) (-128 1440 112 ) 
4 1102 1108 0 (-128 1120 144 ) (-128 1120 224 ) (-128 1312 224 ) (-128 1152 144 ) 
4 1102 1107 0 (-128 1120 224 ) (-128 1120 960 ) (-128 1456 960 ) (-128 1456 224 ) 
4 1102 1103 0 (-128 1120 960 ) (-128 1120 144 ) (0 1120 144 ) (0 1120 960 ) 
4 1103 1108 0 (-128 1088 144 ) (-128 1088 224 ) (-128 1120 224 ) (-128 1120 144 ) 
4 1103 1107 0 (-128 1088 224 ) (-128 1088 960 ) (-128 1120 960 ) (-128 1120 224 ) 
4 1103 1104 0 (-128 1088 960 ) (-128 1088 144 ) (0 1088 144 ) (0 1088 960 ) 
4 1104 1197 0 (0 1024 128 ) (0 1024 960 ) (-128 1024 960 ) (-128 1024 128 ) 
4 1104 1109 0 (-128 1024 128 ) (-128 1024 960 ) (-128 1088 960 ) (-128 1088 128 ) 
4 1105 1111 0 (-160 1472 960 ) (-160 1472 456 ) (-160 1456 447.199982 ) (-160 1456 960 ) 
4 1105 1107 0 (-160 1456 960 ) (-160 1456 447.199982 ) (-128 1456 447.199982 ) (-128 1456 960 ) 
4 1106 1115 0 (-160 1472 256 ) (-160 1472 224 ) (-160 1456 224 ) (-160 1456 256 ) 
4 1106 1114 0 (-160 1472 272 ) (-160 1472 256 ) (-160 1456 256 ) (-160 1456 272 ) 
4 1106 1112 0 (-160 1472 448 ) (-160 1472 272 ) (-160 1456 272 ) (-160 1456 439.200012 ) 
4 1106 1107 0 (-160 1456 439.200012 ) (-160 1456 224 ) (-128 1456 224 ) (-128 1456 439.200012 ) 
4 1107 1123 0 (-160 1280 224 ) (-160 1152 224 ) (-160 1152 960 ) (-160 1280 960 ) 
4 1107 1122 0 (-160 1312 224 ) (-160 1280 224 ) (-160 1280 960 ) (-160 1312 960 ) 
4 1107 1128 0 (-160 1152 224 ) (-160 1088 224 ) (-160 1088 960 ) (-160 1152 960 ) 
4 1107 1119 0 (-160 1344 224 ) (-160 1312 224 ) (-160 1312 960 ) (-160 1344 960 ) 
4 1107 1115 0 (-160 1456 224 ) (-160 1344 224 ) (-160 1344 256 ) (-160 1456 256 ) 
4 1107 1114 0 (-160 1344 256 ) (-160 1344 272 ) (-160 1456 272 ) (-160 1456 256 ) 
4 1107 1113 0 (-160 1344 272 ) (-160 1344 960 ) (-160 1456 960 ) (-160 1456 272 ) 
4 1107 1109 0 (-160 1088 960 ) (-160 1088 224 ) (-128 1088 224 ) (-128 1088 960 ) 
4 1107 1108 0 (-128 1088 224 ) (-160 1088 224 ) (-160 1312 224 ) (-128 1312 224 ) 
3 1108 1126 0 (-160 1152 144 ) (-160 1152 160 ) (-160 1184 160 ) 
4 1108 1124 0 (-160 1152 160 ) (-160 1152 176 ) (-160 1216 176 ) (-160 1184 160 ) 
5 1108 1123 0 (-160 1152 176 ) (-160 1152 224 ) (-160 1280 224 ) (-160 1280 208 ) (-160 1216 176 ) 
3 1108 1122 0 (-160 1280 224 ) (-160 1312 224 ) (-160 1280 208 ) 
4 1108 1128 0 (-160 1152 144 ) (-160 1088 144 ) (-160 1088 224 ) (-160 1152 224 ) 
4 1108 1109 0 (-160 1088 224 ) (-160 1088 144 ) (-128 1088 144 ) (-128 1088 224 ) 
4 1109 1197 0 (-128 1024 128 ) (-128 1024 960 ) (-160 1024 960 ) (-160 1024 128 ) 
4 1109 1128 0 (-160 1024 128 ) (-160 1024 960 ) (-160 1088 960 ) (-160 1088 128 ) 
4 1110 1118 0 (-160 1440 0 ) (-160 1376 0 ) (-160 1376 112 ) (-160 1440 112 ) 
4 1111 1133 0 (-576 1472 672 ) (-576 1472 512 ) (-576 1456 512 ) (-576 1456 672 ) 
4 1111 1131 0 (-576 1472 690.461487 ) (-576 1472 672 ) (-576 1456 672 ) (-576 1456 690.461487 ) 
4 1111 1132 0 (-576 1456 960 ) (-576 1472 960 ) (-576 1472 690.461487 ) (-576 1456 690.461487 ) 
4 1111 1113 0 (-160 1456 447.199982 ) (-160 1456 960 ) (-576 1456 960 ) (-576 1456 447.199982 ) 
4 1112 1114 0 (-448 1472 272 ) (-160 1472 272 ) (-160 1456 272 ) (-448 1456 272 ) 
4 1112 1113 0 (-576 1456 272 ) (-160 1456 272 ) (-160 1456 439.200012 ) (-576 1456 439.200012 ) 
4 1113 1133 0 (-576 1344 512 ) (-576 1344 672 ) (-576 1456 672 ) (-576 1456 512 ) 
4 1113 1131 0 (-576 1344 672 ) (-576 1344 690.461487 ) (-576 1456 690.461487 ) (-576 1456 672 ) 
4 1113 1132 0 (-576 1344 690.461487 ) (-576 1344 960 ) (-576 1456 960 ) (-576 1456 690.461487 ) 
4 1113 1121 0 (-416 1344 272 ) (-288 1344 272 ) (-288 1344 304 ) (-480 1344 304 ) 
4 1113 1120 0 (-288 1344 960 ) (-576 1344 960 ) (-576 1344 304 ) (-288 1344 304 ) 
4 1113 1119 0 (-160 1344 272 ) (-160 1344 960 ) (-288 1344 960 ) (-288 1344 272 ) 
4 1113 1114 0 (-160 1344 272 ) (-448 1344 272 ) (-448 1456 272 ) (-160 1456 272 ) 
4 1114 1121 0 (-288 1344 272 ) (-416 1344 272 ) (-384 1344 256 ) (-288 1344 256 ) 
4 1114 1119 0 (-160 1344 256 ) (-160 1344 272 ) (-288 1344 272 ) (-288 1344 256 ) 
4 1114 1116 0 (-352 1344 256 ) (-416 1344 256 ) (-416 1472 256 ) (-352 1472 256 ) 
4 1114 1115 0 (-160 1344 256 ) (-352 1344 256 ) (-352 1472 256 ) (-160 1472 256 ) 
5 1115 1121 0 (-288 1344 256 ) (-352 1344 256 ) (-352 1344 240 ) (-320 1344 224 ) (-288 1344 224 ) 
4 1115 1119 0 (-160 1344 208 ) (-160 1344 256 ) (-288 1344 256 ) (-288 1344 208 ) 
4 1115 1117 0 (-352 1344 224 ) (-352 1344 240 ) (-352 1472 240 ) (-352 1472 224 ) 
4 1115 1116 0 (-352 1344 240 ) (-352 1344 256 ) (-352 1472 256 ) (-352 1472 240 ) 
3 1116 1121 0 (-352 1344 256 ) (-384 1344 256 ) (-352 1344 240 ) 
4 1116 1117 0 (-384 1472 240 ) (-352 1472 240 ) (-352 1344 240 ) (-384 1344 240 ) 
4 1118 1172 0 (-576 1344 0 ) (-576 1472 0 ) (-416 1472 0 ) (-416 1344 0 ) 
4 1118 1170 0 (-416 1472 0 ) (-352 1472 0 ) (-352 1344 0 ) (-416 1344 0 ) 
4 1118 1169 0 (-352 1472 0 ) (-320 1472 0 ) (-320 1344 0 ) (-352 1344 0 ) 
4 1118 1168 0 (-320 1472 0 ) (-288 1472 0 ) (-288 1344 0 ) (-320 1344 0 ) 
4 1118 1163 0 (-576 1472 0 ) (-576 1344 0 ) (-576 1344 64 ) (-576 1472 64 ) 
4 1119 1122 0 (-160 1312 208 ) (-160 1312 960 ) (-288 1312 960 ) (-288 1312 208 ) 
4 1119 1121 0 (-288 1344 304 ) (-288 1344 224 ) (-288 1312 224 ) (-288 1312 304 ) 
4 1119 1120 0 (-288 1344 960 ) (-288 1344 304 ) (-288 1312 304 ) (-288 1312 960 ) 
4 1120 1133 0 (-576 1312 512 ) (-576 1312 672 ) (-576 1344 672 ) (-576 1344 512 ) 
4 1120 1131 0 (-576 1312 672 ) (-576 1312 690.461487 ) (-576 1344 690.461487 ) (-576 1344 672 ) 
4 1120 1132 0 (-576 1312 690.461487 ) (-576 1312 960 ) (-576 1344 960 ) (-576 1344 690.461487 ) 
4 1120 1127 0 (-288 1312 960 ) (-320 1312 960 ) (-320 1312 304 ) (-288 1312 304 ) 
4 1120 1129 0 (-320 1312 960 ) (-576 1312 960 ) (-576 1312 304 ) (-320 1312 304 ) 
4 1120 1121 0 (-480 1344 304 ) (-288 1344 304 ) (-288 1312 304 ) (-480 1312 304 ) 
4 1121 1127 0 (-320 1312 224 ) (-288 1312 224 ) (-288 1312 304 ) (-320 1312 304 ) 
3 1121 1129 0 (-320 1312 224 ) (-320 1312 304 ) (-480 1312 304 ) 
4 1122 1127 0 (-288 1312 960 ) (-288 1312 224 ) (-288 1280 208 ) (-288 1280 960 ) 
4 1122 1123 0 (-288 1280 960 ) (-288 1280 192 ) (-160 1280 192 ) (-160 1280 960 ) 
5 1123 1127 0 (-288 1152 176 ) (-288 1152 960 ) (-288 1280 960 ) (-288 1280 208 ) (-288 1216 176 ) 
4 1123 1124 0 (-160 1152 176 ) (-288 1152 176 ) (-288 1248 176 ) (-160 1248 176 ) 
4 1123 1128 0 (-160 1152 176 ) (-160 1152 960 ) (-288 1152 960 ) (-288 1152 176 ) 
4 1124 1127 0 (-288 1184 160 ) (-288 1152 160 ) (-288 1152 176 ) (-288 1216 176 ) 
4 1124 1125 0 (-288 1184 160 ) (-288 1216 160 ) (-160 1216 160 ) (-160 1184 160 ) 
4 1124 1126 0 (-160 1152 160 ) (-288 1152 160 ) (-288 1184 160 ) (-160 1184 160 ) 
4 1124 1128 0 (-160 1152 160 ) (-160 1152 176 ) (-288 1152 176 ) (-288 1152 160 ) 
4 1125 1126 0 (-160 1184 160 ) (-288 1184 160 ) (-288 1184 144 ) (-160 1184 144 ) 
3 1126 1127 0 (-288 1152 144 ) (-288 1152 160 ) (-288 1184 160 ) 
4 1126 1128 0 (-288 1152 128 ) (-160 1152 128 ) (-160 1152 160 ) (-288 1152 160 ) 
4 1127 1129 0 (-320 1312 960 ) (-320 1312 224 ) (-320 1152 144 ) (-320 1152 960 ) 
4 1127 1128 0 (-320 1152 960 ) (-320 1152 144 ) (-288 1152 144 ) (-288 1152 960 ) 
4 1128 1197 0 (-160 1024 128 ) (-160 1024 960 ) (-320 1024 960 ) (-320 1024 128 ) 
4 1128 1129 0 (-320 1152 128 ) (-320 1024 128 ) (-320 1024 960 ) (-320 1152 960 ) 
4 1129 1208 0 (-576 1024 160 ) (-576 1024 128 ) (-544 1024 128 ) (-544 1024 160 ) 
3 1129 1206 0 (-576 1024 658.461548 ) (-576 1024 640 ) (-560 1024 640 ) 
5 1129 1204 0 (-544 1024 960 ) (-576 1024 960 ) (-576 1024 658.461548 ) (-560 1024 640 ) (-544 1024 640 ) 
4 1129 1207 0 (-576 1024 640 ) (-576 1024 160 ) (-544 1024 160 ) (-544 1024 640 ) 
4 1129 1197 0 (-320 1024 960 ) (-544 1024 960 ) (-544 1024 128 ) (-320 1024 128 ) 
4 1129 1157 0 (-576 1024 368 ) (-576 1024 960 ) (-576 1312 960 ) (-576 1312 368 ) 
4 1130 1136 0 (-688 1824 960 ) (-688 2048 960 ) (-688 2048 672 ) (-688 1824 672 ) 
4 1130 1133 0 (-688 1824 672 ) (-688 2048 672 ) (-576 2048 672 ) (-576 1824 672 ) 
5 1130 1132 0 (-688 1824 960 ) (-688 1824 672 ) (-592 1824 672 ) (-576 1824 690.461487 ) (-576 1824 960 ) 
3 1131 1157 0 (-576 1312 672 ) (-576 1312 690.461487 ) (-592 1312 672 ) 
4 1131 1133 0 (-576 1312 672 ) (-592 1312 672 ) (-592 1616 672 ) (-576 1616 672 ) 
4 1131 1132 0 (-591.998047 1616 672 ) (-591.998047 1312 672 ) (-576 1312 690.459351 ) (-576 1631.998169 690.459290 ) 
4 1132 1158 0 (-611 1312 960 ) (-688 1312 960 ) (-688 1312 672 ) (-611 1312 672 ) 
5 1132 1157 0 (-576 1312 690.461487 ) (-576 1312 960 ) (-611 1312 960 ) (-611 1312 672 ) (-592 1312 672 ) 
3 1132 1149 0 (-688 1424 752 ) (-688 1424 704 ) (-688 1408 752 ) 
4 1132 1148 0 (-688 1424 704 ) (-688 1424 672 ) (-688 1408 672 ) (-688 1408 752 ) 
4 1132 1151 0 (-688 1312 672 ) (-688 1312 960 ) (-688 1408 960 ) (-688 1408 672 ) 
4 1132 1138 0 (-688 1696 752 ) (-688 1669.333252 672 ) (-688 1424 672 ) (-688 1424 752 ) 
3 1132 1139 0 (-688 1696 752 ) (-688 1696 672 ) (-688 1669.333252 672 ) 
4 1132 1137 0 (-688 1640 832 ) (-688 1464 832 ) (-688 1464 848 ) (-688 1640 848 ) 
4 1132 1136 0 (-688 1696 960 ) (-688 1824 960 ) (-688 1824 672 ) (-688 1696 672 ) 
4 1132 1133 0 (-592 1312 672 ) (-688 1312 672 ) (-688 1824 672 ) (-592 1824 672 ) 
4 1133 1158 0 (-611 1312 672 ) (-688 1312 672 ) (-688 1312 512 ) (-611 1312 512 ) 
4 1133 1157 0 (-576 1312 512 ) (-576 1312 672 ) (-611 1312 672 ) (-611 1312 512 ) 
4 1133 1148 0 (-688 1408 672 ) (-688 1424 672 ) (-688 1424 512 ) (-688 1408 512 ) 
4 1133 1151 0 (-688 1312 512 ) (-688 1312 672 ) (-688 1408 672 ) (-688 1408 512 ) 
4 1133 1138 0 (-688 1424 672 ) (-688 1669.333252 672 ) (-688 1616 512 ) (-688 1424 512 ) 
4 1133 1139 0 (-688 1669.333252 672 ) (-688 1696 672 ) (-688 1696 512 ) (-688 1616 512 ) 
4 1133 1136 0 (-688 1696 672 ) (-688 2048 672 ) (-688 2048 512 ) (-688 1696 512 ) 
4 1135 1159 0 (-688 1312 384 ) (-688 1312 336 ) (-635 1312 336 ) (-635 1312 384 ) 
4 1135 1158 0 (-635 1312 448 ) (-688 1312 448 ) (-688 1312 384 ) (-635 1312 384 ) 
4 1135 1152 0 (-688 1312 336 ) (-688 1312 448 ) (-688 1326 448 ) (-688 1326 336 ) 
4 1136 1139 0 (-704 1696 752 ) (-704 1696 512 ) (-688 1696 512 ) (-688 1696 752 ) 
4 1137 1140 2 (-704 1464 848 ) (-704 1640 848 ) (-704 1640 832 ) (-704 1464 832 ) 
3 1138 1149 0 (-688 1424 704 ) (-688 1424 752 ) (-704 1424 704 ) 
4 1138 1148 0 (-688 1424 512 ) (-688 1424 704 ) (-704 1424 704 ) (-704 1424 512 ) 
5 1138 1139 0 (-688 1616.001099 512 ) (-704 1616.001099 512 ) (-704 1680.001465 704 ) (-688.001526 1696 751.995178 ) (-688 1696 751.995178 ) 
4 1141 1143 0 (-920 1456 832 ) (-744 1456 832 ) (-744 1456 848 ) (-920 1456 848 ) 
7 1142 1144 0 (-832 1456 608 ) (-844 1456 602 ) (-848 1456 594 ) (-848 1456 544 ) (-816 1456 544 ) (-816 1456 594 ) (-820 1456 602 ) 
4 1143 1147 0 (-744 1424 848 ) (-920 1424 848 ) (-920 1424 832 ) (-744 1424 832 ) 
7 1144 1148 0 (-816 1424 544 ) (-816 1424 594 ) (-820 1424 602 ) (-832 1424 608 ) (-844 1424 602 ) (-848 1424 594 ) (-848 1424 544 ) 
5 1145 1154 0 (-976 1552 320 ) (-976 1424 320 ) (-976 1424 752 ) (-976 1680 752 ) (-976 1680 704 ) 
4 1145 1153 0 (-976 1424 512 ) (-976 1424 320 ) (-960 1424 320 ) (-960 1424 512 ) 
3 1145 1150 0 (-976 1424 752 ) (-976 1424 704 ) (-960 1424 704 ) 
4 1145 1148 0 (-976 1424 704 ) (-976 1424 512 ) (-960 1424 512 ) (-960 1424 704 ) 
4 1145 1146 2 (-960 1680 704 ) (-960 1552 320 ) (-976 1552 320 ) (-976 1680 704 ) 
3 1146 1154 0 (-976 1680 320 ) (-976 1552 320 ) (-976 1680 704 ) 
4 1147 1151 0 (-920 1408 832 ) (-744 1408 832 ) (-744 1408 848 ) (-920 1408 848 ) 
4 1148 1154 0 (-976 1424 704 ) (-976 1424 512 ) (-976 1408 512 ) (-976 1408 752 ) 
4 1148 1153 0 (-976 1408 512 ) (-976 1424 512 ) (-784 1424 512 ) (-784 1408 512 ) 
3 1148 1150 0 (-960.002380 1424 704.007080 ) (-976 1424 704.007080 ) (-976 1408.002197 752 ) 
3 1148 1149 0 (-688 1424 704.007080 ) (-703.997559 1424 704.007080 ) (-688 1408.002319 752 ) 
4 1148 1151 0 (-976 1408 752 ) (-976 1408 512 ) (-688 1408 512 ) (-688 1408 752 ) 
3 1150 1154 0 (-976 1424 752 ) (-976 1424 704 ) (-976 1408 752 ) 
4 1151 1158 0 (-688 1312 512 ) (-688 1312 960 ) (-976 1312 960 ) (-976 1312 512 ) 
4 1151 1154 0 (-976 1312 512 ) (-976 1312 960 ) (-976 1408 960 ) (-976 1408 512 ) 
4 1151 1153 0 (-976 1312 512 ) (-976 1408 512 ) (-784 1408 512 ) (-784 1312 512 ) 
4 1152 1159 0 (-688 1312 336 ) (-688 1312 384 ) (-699 1312 384 ) (-699 1312 336 ) 
4 1152 1158 0 (-688 1312 384 ) (-688 1312 448 ) (-699 1312 448 ) (-699 1312 384 ) 
4 1153 1160 0 (-976 1312 320 ) (-800 1312 320 ) (-800 1312 384 ) (-976 1312 384 ) 
4 1153 1158 0 (-784 1312 384 ) (-784 1312 512 ) (-976 1312 512 ) (-976 1312 384 ) 
4 1153 1154 0 (-976 1424 320 ) (-976 1312 320 ) (-976 1312 512 ) (-976 1424 512 ) 
4 1154 1382 0 (-1024 1680 320 ) (-1024 1312 320 ) (-1024 1312 960 ) (-1024 1680 960 ) 
4 1154 1160 0 (-1024 1312 384 ) (-1024 1312 320 ) (-976 1312 320 ) (-976 1312 384 ) 
4 1154 1158 0 (-1024 1312 960 ) (-1024 1312 384 ) (-976 1312 384 ) (-976 1312 960 ) 
4 1155 1383 0 (-1024 1584 96 ) (-1024 1452 96 ) (-1024 1452 114 ) (-1024 1584 114 ) 
4 1155 1167 0 (-1024 1452 96 ) (-1024 1584 96 ) (-912 1584 96 ) (-912 1452 96 ) 
4 1156 1384 0 (-1024 1428 96 ) (-1024 1312 96 ) (-1024 1312 114 ) (-1024 1428 114 ) 
4 1156 1167 0 (-912 1312 96 ) (-1024 1312 96 ) (-1024 1428 96 ) (-912 1428 96 ) 
4 1156 1161 0 (-1024 1312 114 ) (-1024 1312 96 ) (-912 1312 96 ) (-912 1312 114 ) 
4 1157 1213 0 (-576 1024 368 ) (-576 1024 384 ) (-611 1024 384 ) (-611 1024 368 ) 
4 1157 1211 0 (-576 1024 640 ) (-576 1024 960 ) (-611 1024 960 ) (-611 1024 640 ) 
4 1157 1212 0 (-576 1024 384 ) (-576 1024 640 ) (-611 1024 640 ) (-611 1024 384 ) 
4 1157 1159 0 (-611 1024 368 ) (-611 1024 384 ) (-611 1312 384 ) (-611 1312 368 ) 
4 1157 1158 0 (-611 1024 384 ) (-611 1024 960 ) (-611 1312 960 ) (-611 1312 384 ) 
4 1158 1382 0 (-1024 1024 384 ) (-1024 1024 960 ) (-1024 1312 960 ) (-1024 1312 384 ) 
4 1158 1211 0 (-1024 1024 960 ) (-1024 1024 640 ) (-611 1024 640 ) (-611 1024 960 ) 
4 1158 1212 0 (-1024 1024 640 ) (-1024 1024 384 ) (-611 1024 384 ) (-611 1024 640 ) 
4 1158 1159 0 (-736 1312 384 ) (-611 1312 384 ) (-611 1024 384 ) (-736 1024 384 ) 
4 1158 1160 0 (-1024 1312 384 ) (-800 1312 384 ) (-800 1024 384 ) (-1024 1024 384 ) 
4 1159 1214 0 (-611 1024 336 ) (-611 1024 384 ) (-736 1024 384 ) (-736 1024 336 ) 
4 1160 1382 0 (-1024 1024 320 ) (-1024 1024 384 ) (-1024 1312 384 ) (-1024 1312 320 ) 
4 1160 1215 0 (-1024 1024 384 ) (-1024 1024 320 ) (-800 1024 320 ) (-800 1024 384 ) 
4 1161 1384 0 (-1024 1196 114 ) (-1024 1312 114 ) (-1024 1312 96 ) (-1024 1196 96 ) 
4 1161 1167 0 (-1024 1196 96 ) (-1024 1312 96 ) (-912 1312 96 ) (-912 1196 96 ) 
4 1162 1385 0 (-1024 1024 96 ) (-1024 1024 114 ) (-1024 1172 114 ) (-1024 1172 96 ) 
4 1162 1307 0 (-1024 1024 114 ) (-1024 1024 96 ) (-912 1024 96 ) (-912 1024 114 ) 
4 1162 1167 0 (-912 1024 96 ) (-1024 1024 96 ) (-1024 1172 96 ) (-912 1172 96 ) 
4 1163 1172 0 (-768 1344 0 ) (-768 1472 0 ) (-576 1472 0 ) (-576 1344 0 ) 
4 1163 1164 0 (-768 1344 64 ) (-768 1344 0 ) (-640 1344 0 ) (-640 1344 64 ) 
4 1164 1302 0 (-768 1024 0 ) (-640 1024 0 ) (-640 1024 64 ) (-768 1024 64 ) 
4 1164 1178 0 (-640 1024 0 ) (-768 1024 0 ) (-768 1344 0 ) (-640 1344 0 ) 
4 1165 1183 0 (-896 1280 0 ) (-896 1408 0 ) (-864 1408 0 ) (-864 1280 0 ) 
5 1165 1167 0 (-896 1408 0 ) (-896 1280 0 ) (-896 1280 16 ) (-896 1344 32 ) (-896 1408 16 ) 
4 1166 1185 0 (-800 1024 0 ) (-896 1024 0 ) (-896 1152 0 ) (-800 1152 0 ) 
5 1166 1167 0 (-896 1152 0 ) (-896 1024 0 ) (-896 1024 16 ) (-896 1088 32 ) (-896 1152 16 ) 
4 1167 1386 0 (-1024 1024 0 ) (-1024 1024 96 ) (-1024 1600 96 ) (-1024 1600 0 ) 
4 1167 1308 0 (-1024 1024 96 ) (-1024 1024 0 ) (-896 1024 0 ) (-896 1024 96 ) 
4 1167 1184 0 (-1024 1152 0 ) (-1024 1280 0 ) (-896 1280 0 ) (-896 1152 0 ) 
4 1167 1185 0 (-896 1024 0 ) (-1024 1024 0 ) (-1024 1152 0 ) (-896 1152 0 ) 
4 1167 1183 0 (-1024 1280 0 ) (-1024 1408 0 ) (-896 1408 0 ) (-896 1280 0 ) 
4 1167 1182 0 (-1024 1408 0 ) (-1024 1600 0 ) (-896 1600 0 ) (-896 1408 0 ) 
4 1168 1169 0 (-320 1472 0 ) (-320 1472 -16 ) (-320 1344 -16 ) (-320 1344 0 ) 
4 1169 1170 0 (-352 1472 0 ) (-352 1472 -32 ) (-352 1344 -32 ) (-352 1344 0 ) 
4 1170 1172 0 (-416 1472 0 ) (-416 1472 -48 ) (-416 1344 -48 ) (-416 1344 0 ) 
4 1170 1171 0 (-416 1344 -48 ) (-416 1472 -48 ) (-384 1472 -48 ) (-384 1344 -48 ) 
4 1171 1172 0 (-416 1472 -48 ) (-416 1472 -64 ) (-416 1344 -64 ) (-416 1344 -48 ) 
4 1172 1178 0 (-768 1344 0 ) (-768 1344 -80 ) (-640 1344 -80 ) (-640 1344 0 ) 
4 1172 1173 0 (-768 1472 -80 ) (-448 1472 -80 ) (-448 1344 -80 ) (-768 1344 -80 ) 
4 1173 1178 0 (-768 1344 -80 ) (-768 1344 -96 ) (-640 1344 -96 ) (-640 1344 -80 ) 
4 1173 1174 0 (-768 1472 -96 ) (-480 1472 -96 ) (-480 1344 -96 ) (-768 1344 -96 ) 
4 1174 1178 0 (-768 1344 -96 ) (-768 1344 -112 ) (-640 1344 -112 ) (-640 1344 -96 ) 
4 1174 1175 0 (-768 1472 -112 ) (-512 1472 -112 ) (-512 1344 -112 ) (-768 1344 -112 ) 
4 1175 1178 0 (-768 1344 -112 ) (-768 1344 -128 ) (-640 1344 -128 ) (-640 1344 -112 ) 
4 1176 1317 0 (0 1024 -192 ) (0 1024 -128 ) (-32 1024 -128 ) (-32 1024 -192 ) 
4 1176 1310 0 (0 1024 -128 ) (0 1024 -32 ) (-32 1024 -32 ) (-32 1024 -128 ) 
4 1176 1177 0 (-32 1056 -192 ) (-32 1024 -192 ) (-32 1024 -32 ) (-32 1056 -32 ) 
4 1177 1318 0 (-256 1024 -128 ) (-256 1024 -192 ) (-232 1024 -192 ) (-232 1024 -128 ) 
4 1177 1317 0 (-232 1024 -192 ) (-32 1024 -192 ) (-32 1024 -128 ) (-232 1024 -128 ) 
4 1177 1312 0 (-256 1024 -96 ) (-256 1024 -128 ) (-232 1024 -128 ) (-232 1024 -96 ) 
4 1177 1311 0 (-256 1024 -32 ) (-256 1024 -96 ) (-232 1024 -96 ) (-232 1024 -32 ) 
4 1177 1310 0 (-232 1024 -128 ) (-32 1024 -128 ) (-32 1024 -32 ) (-232 1024 -32 ) 
4 1178 1313 0 (-640 1024 0 ) (-768 1024 0 ) (-768 1024 -128 ) (-640 1024 -128 ) 
4 1178 1179 0 (-768 1120 -128 ) (-768 1056 -128 ) (-768 1056 -16 ) (-768 1120 -16 ) 
4 1179 1185 0 (-800 1120 -128 ) (-800 1056 -128 ) (-800 1056 -16 ) (-800 1120 -16 ) 
4 1180 1182 0 (-960 1600 -128 ) (-944 1600 -128 ) (-944 1600 -16 ) (-960 1600 -16 ) 
4 1180 1181 0 (-960 1600 -128 ) (-960 1600 -16 ) (-960 1608 -16 ) (-960 1608 -128 ) 
4 1181 1442 0 (-1024 1608 -128 ) (-1024 1600 -128 ) (-1024 1600 -16 ) (-1024 1608 -16 ) 
4 1181 1182 0 (-1024 1600 -128 ) (-960 1600 -128 ) (-960 1600 -16 ) (-1024 1600 -16 ) 
4 1182 1443 0 (-1024 1408 0 ) (-1024 1600 0 ) (-1024 1600 -128 ) (-1024 1408 -128 ) 
4 1182 1183 0 (-1024 1408 -128 ) (-896 1408 -128 ) (-896 1408 0 ) (-1024 1408 0 ) 
4 1183 1443 0 (-1024 1280 0 ) (-1024 1408 0 ) (-1024 1408 -128 ) (-1024 1280 -128 ) 
4 1183 1184 0 (-1024 1280 -128 ) (-896 1280 -128 ) (-896 1280 0 ) (-1024 1280 0 ) 
4 1184 1443 0 (-1024 1152 0 ) (-1024 1280 0 ) (-1024 1280 -128 ) (-1024 1152 -128 ) 
4 1184 1185 0 (-1024 1152 -128 ) (-896 1152 -128 ) (-896 1152 0 ) (-1024 1152 0 ) 
4 1185 1471 0 (-1024 1024 -128 ) (-1024 1024 0 ) (-1024 1152 0 ) (-1024 1152 -128 ) 
4 1185 1316 0 (-1024 1024 0 ) (-1024 1024 -128 ) (-896 1024 -128 ) (-896 1024 0 ) 
4 1186 1448 0 (-1024 1568 -192 ) (-1024 1632 -192 ) (-1024 1632 -384 ) (-1024 1568 -384 ) 
4 1186 1189 0 (-1024 1568 -384 ) (-960 1568 -384 ) (-960 1568 -224 ) (-1024 1568 -224 ) 
4 1187 1451 0 (-1024 1408 -192 ) (-1024 1440 -192 ) (-1024 1440 -224 ) (-1024 1408 -224 ) 
4 1187 1450 0 (-1024 1440 -192 ) (-1024 1536 -192 ) (-1024 1536 -224 ) (-1024 1440 -224 ) 
4 1187 1189 0 (-832 1536 -224 ) (-832 1408 -224 ) (-1024 1408 -224 ) (-1024 1536 -224 ) 
4 1188 1456 0 (-1024 1216 -192 ) (-1024 1344 -192 ) (-1024 1344 -224 ) (-1024 1216 -224 ) 
4 1188 1453 0 (-1024 1344 -192 ) (-1024 1376 -192 ) (-1024 1376 -224 ) (-1024 1344 -224 ) 
4 1188 1189 0 (-832 1376 -224 ) (-832 1216 -224 ) (-1024 1216 -224 ) (-1024 1376 -224 ) 
4 1189 1457 0 (-1024 1208 -224 ) (-1024 1344 -224 ) (-1024 1344 -384 ) (-1024 1208 -384 ) 
4 1189 1452 0 (-1024 1376 -224 ) (-1024 1440 -224 ) (-1024 1440 -384 ) (-1024 1376 -384 ) 
4 1189 1453 0 (-1024 1344 -224 ) (-1024 1376 -224 ) (-1024 1376 -384 ) (-1024 1344 -384 ) 
4 1189 1449 0 (-1024 1536 -224 ) (-1024 1568 -224 ) (-1024 1568 -384 ) (-1024 1536 -384 ) 
4 1189 1450 0 (-1024 1440 -224 ) (-1024 1536 -224 ) (-1024 1536 -384 ) (-1024 1440 -384 ) 
4 1189 1194 0 (-1024 1208 -384 ) (-992 1208 -384 ) (-994 1208 -382 ) (-1024 1208 -382 ) 
5 1189 1192 0 (-992 1208 -288 ) (-992 1208 -224 ) (-1016 1208 -224 ) (-1016 1208 -290 ) (-994 1208 -290 ) 
4 1189 1191 0 (-1016 1208 -224 ) (-1024 1208 -224 ) (-1024 1208 -290 ) (-1016 1208 -290 ) 
4 1189 1190 0 (-992 1208 -384 ) (-832 1208 -384 ) (-832 1208 -224 ) (-992 1208 -224 ) 
4 1190 1192 0 (-992 1208 -224 ) (-992 1208 -288 ) (-992 1184 -288 ) (-992 1184 -224 ) 
4 1191 1458 0 (-1024 1184 -224 ) (-1024 1208 -224 ) (-1024 1208 -290 ) (-1024 1184 -290 ) 
4 1191 1193 0 (-994 1186 -290 ) (-992 1184 -290 ) (-1024 1184 -290 ) (-1024 1186 -290 ) 
5 1191 1192 0 (-992 1184.005249 -224 ) (-992 1184.005249 -288 ) (-994 1186.005249 -290 ) (-1015.994751 1208 -290 ) (-1015.994751 1208 -224 ) 
4 1193 1464 0 (-1024 1186 -382 ) (-1024 1184 -382 ) (-1024 1184 -290 ) (-1024 1186 -290 ) 
3 1193 1195 0 (-992 1184 -382 ) (-994 1184 -382 ) (-994 1186 -382 ) 
4 1193 1194 0 (-994 1184 -382 ) (-1024 1184 -382 ) (-1024 1186 -382 ) (-994 1186 -382 ) 
4 1194 1464 0 (-1024 1186 -384 ) (-1024 1184 -384 ) (-1024 1184 -382 ) (-1024 1186 -382 ) 
4 1194 1462 0 (-1024 1208 -382 ) (-1024 1208 -384 ) (-1024 1186 -384 ) (-1024 1186 -382 ) 
3 1194 1195 0 (-992 1184 -384 ) (-994 1186 -382 ) (-994 1184 -382 ) 
4 1196 1372 0 (0 1024 -1546 ) (0 1024 -1338 ) (-580 1024 -1338 ) (-580 1024 -1546 ) 
4 1197 1210 0 (-544 648 128 ) (-544 400 128 ) (-544 400 160 ) (-544 648 160 ) 
4 1197 1209 0 (-544 680 144 ) (-544 680 160 ) (-544 808 160 ) (-544 808 144 ) 
4 1197 1208 0 (-544 1024 160 ) (-544 1024 128 ) (-544 840 128 ) (-544 840 160 ) 
4 1197 1204 0 (-544 1024 960 ) (-544 1024 640 ) (-544 400 640 ) (-544 400 960 ) 
4 1197 1207 0 (-544 1024 640 ) (-544 1024 160 ) (-544 400 160 ) (-544 400 640 ) 
4 1197 1203 0 (-544 400 960 ) (-544 400 128 ) (-336 400 128 ) (-336 400 960 ) 
4 1197 1200 0 (-336 400 128 ) (-48 400 128 ) (-48 400 864 ) (-336 400 864 ) 
4 1197 1199 0 (-104 400 960 ) (-280 400 960 ) (-280 400 944 ) (-104 400 944 ) 
4 1197 1198 0 (-48 400 128 ) (0 400 128 ) (0 400 960 ) (-48 400 960 ) 
4 1198 1248 0 (-48 384 128 ) (0 384 128 ) (0 384 960 ) (-48 384 960 ) 
3 1198 1202 0 (-48 400 864 ) (-48 384 816 ) (-48 384 864 ) 
4 1198 1200 0 (-48 400 864 ) (-48 400 128 ) (-48 384 128 ) (-48 384 816 ) 
4 1199 1254 0 (-104 384 960 ) (-280 384 960 ) (-280 384 944 ) (-104 384 944 ) 
4 1200 1263 0 (-336 384 128 ) (-320 384 128 ) (-320 384 816 ) (-336 384 816 ) 
4 1200 1256 0 (-229 384 128 ) (-165 384 128 ) (-165 384 240 ) (-229 384 240 ) 
7 1200 1255 0 (-208 384 706 ) (-208 384 656 ) (-176 384 656 ) (-176 384 706 ) (-180 384 714 ) (-192 384 720 ) (-204 384 714 ) 
4 1200 1251 0 (-64 384 128 ) (-48 384 128 ) (-48 384 816 ) (-64 384 816 ) 
4 1200 1203 0 (-336 400 864 ) (-336 400 128 ) (-336 384 128 ) (-336 384 816 ) 
3 1200 1202 0 (-48 384 816 ) (-48 400 863.997803 ) (-64 384 816 ) 
4 1200 1201 0 (-335.998077 400 863.994263 ) (-336 400 863.994263 ) (-336 384 815.994263 ) (-319.998169 384 815.994568 ) 
3 1201 1263 0 (-336 384 864 ) (-336 384 816 ) (-320 384 816 ) 
3 1201 1203 0 (-336 400 864 ) (-336 384 816 ) (-336 384 864 ) 
3 1202 1251 0 (-48 384 816 ) (-48 384 864 ) (-64 384 816 ) 
4 1203 1264 0 (-544 384 128 ) (-336 384 128 ) (-336 384 960 ) (-544 384 960 ) 
4 1203 1210 0 (-544 400 128 ) (-544 384 128 ) (-544 384 160 ) (-544 400 160 ) 
4 1203 1204 0 (-544 384 640 ) (-544 384 960 ) (-544 400 960 ) (-544 400 640 ) 
4 1203 1207 0 (-544 384 160 ) (-544 384 640 ) (-544 400 640 ) (-544 400 160 ) 
5 1204 1264 0 (-544 384 640 ) (-544 384 960 ) (-576 384 960 ) (-576 384 658.461548 ) (-560 384 640 ) 
4 1204 1246 0 (-576 512 658.461548 ) (-576 384 658.461548 ) (-576 384 960 ) (-576 512 960 ) 
4 1204 1223 0 (-576 928 658.461548 ) (-576 512 658.461548 ) (-576 512 880 ) (-576 928 880 ) 
4 1204 1222 0 (-576 512 880 ) (-576 512 960 ) (-576 928 960 ) (-576 928 880 ) 
4 1204 1216 0 (-576 960 658.461548 ) (-576 928 658.461548 ) (-576 928 960 ) (-576 960 960 ) 
4 1204 1211 0 (-576 1024 960 ) (-576 1024 658.461548 ) (-576 960 658.461548 ) (-576 960 960 ) 
4 1204 1206 0 (-560.003967 1024 640 ) (-560.003967 976 640 ) (-576 960.003967 658.456970 ) (-576 1024 658.456970 ) 
4 1204 1205 0 (-560.003967 496 640 ) (-560.003967 384 640 ) (-576 384 658.456970 ) (-576 511.996033 658.456970 ) 
4 1204 1207 0 (-560 1024 640 ) (-544 1024 640 ) (-544 384 640 ) (-560 384 640 ) 
3 1205 1264 0 (-576 384 658.461548 ) (-576 384 640 ) (-560 384 640 ) 
4 1205 1246 0 (-576 496 640 ) (-576 384 640 ) (-576 384 658.461548 ) (-576 512 658.461548 ) 
4 1205 1207 0 (-576 384 640 ) (-576 496 640 ) (-560 496 640 ) (-560 384 640 ) 
4 1206 1211 0 (-576 1024 658.461548 ) (-576 1024 640 ) (-576 976 640 ) (-576 960 658.461548 ) 
4 1206 1207 0 (-576 976 640 ) (-576 1024 640 ) (-560 1024 640 ) (-560 976 640 ) 
4 1207 1264 0 (-544 384 160 ) (-544 384 640 ) (-576 384 640 ) (-576 384 160 ) 
4 1207 1247 0 (-576 512 160 ) (-576 384 160 ) (-576 384 640 ) (-576 512 640 ) 
4 1207 1240 0 (-576 808 160 ) (-576 680 160 ) (-576 680 258 ) (-576 808 258 ) 
4 1207 1226 0 (-576 712 544 ) (-576 760 544 ) (-576 760 480 ) (-576 712 480 ) 
4 1207 1213 0 (-576 1024 384 ) (-576 1024 368 ) (-576 960 368 ) (-576 960 384 ) 
4 1207 1212 0 (-576 1024 640 ) (-576 1024 384 ) (-576 960 384 ) (-576 960 640 ) 
4 1207 1210 0 (-576 384 160 ) (-576 648 160 ) (-544 648 160 ) (-544 384 160 ) 
4 1207 1209 0 (-576 680 160 ) (-576 808 160 ) (-544 808 160 ) (-544 680 160 ) 
4 1207 1208 0 (-576 840 160 ) (-576 1024 160 ) (-544 1024 160 ) (-544 840 160 ) 
4 1209 1240 0 (-576 680 144 ) (-576 680 160 ) (-576 808 160 ) (-576 808 144 ) 
4 1210 1264 0 (-576 384 128 ) (-544 384 128 ) (-544 384 160 ) (-576 384 160 ) 
4 1210 1247 0 (-576 512 128 ) (-576 384 128 ) (-576 384 160 ) (-576 512 160 ) 
5 1211 1510 0 (-1024 1024 960 ) (-1024 1024 640 ) (-1024 976 640 ) (-1024 960 658.461609 ) (-1024 960 960 ) 
4 1211 1217 0 (-1024 960 960 ) (-1024 960 658.461609 ) (-576 960 658.461609 ) (-837.333374 960 960 ) 
3 1211 1216 0 (-576 960 658.461609 ) (-576 960 960 ) (-837.333374 960 960 ) 
4 1211 1212 0 (-1024 976 640 ) (-1024 1024 640 ) (-576 1024 640 ) (-576 976 640 ) 
4 1212 1512 0 (-1024 1024 640 ) (-1024 1024 384 ) (-1024 960 384 ) (-1024 960 640 ) 
4 1212 1219 0 (-699 960 384 ) (-635 960 384 ) (-635 960 448 ) (-699 960 448 ) 
4 1212 1218 0 (-944 960 480 ) (-896 960 480 ) (-896 960 544 ) (-944 960 544 ) 
4 1212 1214 0 (-611 960 384 ) (-736 960 384 ) (-736 1024 384 ) (-611 1024 384 ) 
4 1212 1215 0 (-800 960 384 ) (-1024 960 384 ) (-1024 1024 384 ) (-800 1024 384 ) 
4 1212 1213 0 (-576 960 384 ) (-611 960 384 ) (-611 1024 384 ) (-576 1024 384 ) 
4 1213 1214 0 (-611 960 368 ) (-611 960 384 ) (-611 1024 384 ) (-611 1024 368 ) 
4 1214 1219 0 (-635 960 384 ) (-699 960 384 ) (-699 960 336 ) (-635 960 336 ) 
4 1215 1512 0 (-1024 1024 384 ) (-1024 1024 320 ) (-1024 960 320 ) (-1024 960 384 ) 
3 1216 1223 0 (-576 928 658.461548 ) (-576 928 880 ) (-768 928 880 ) 
4 1216 1222 0 (-576 928 880 ) (-576 928 960 ) (-837.333374 928 960 ) (-768 928 880 ) 
4 1216 1217 0 (-608.003845 928 695.384705 ) (-837.336243 928 960 ) (-837.336243 960 960 ) (-576.003906 960 658.461487 ) 
4 1217 1516 0 (-1024 960 880 ) (-1024 960 658.461609 ) (-1024 928 695.384583 ) (-1024 928 880 ) 
4 1217 1513 0 (-1024 960 960 ) (-1024 960 880 ) (-1024 928 880 ) (-1024 928 960 ) 
4 1217 1225 0 (-1024 928 880 ) (-1024 928 695.384644 ) (-608 928 695.384583 ) (-768 928 880 ) 
4 1217 1222 0 (-1024 928 960 ) (-1024 928 880 ) (-768 928 880 ) (-837.333374 928 960 ) 
4 1218 1230 0 (-944 928 480 ) (-896 928 480 ) (-896 928 544 ) (-944 928 544 ) 
4 1220 1230 0 (-699 928 336 ) (-635 928 336 ) (-635 928 448 ) (-699 928 448 ) 
4 1221 1235 0 (-699 928 144 ) (-635 928 144 ) (-635 928 256 ) (-699 928 256 ) 
4 1222 1513 0 (-1024 928 960 ) (-1024 928 880 ) (-1024 512 880 ) (-1024 512 960 ) 
4 1222 1246 0 (-1024 512 960 ) (-1024 512 880 ) (-576 512 880 ) (-576 512 960 ) 
4 1222 1225 0 (-1024 768 880 ) (-1024 928 880 ) (-768 928 880 ) (-768 768 880 ) 
4 1222 1224 0 (-768 512 880 ) (-1024 512 880 ) (-1024 704 880 ) (-768 704 880 ) 
4 1222 1223 0 (-576 512 880 ) (-768 512 880 ) (-768 928 880 ) (-576 928 880 ) 
3 1223 1246 0 (-576 512 658.461548 ) (-576 512 880 ) (-768 512 880 ) 
3 1223 1225 0 (-768.005554 768 880 ) (-768.005554 928 880 ) (-608.004395 928 695.384766 ) 
3 1223 1224 0 (-576.004028 512 658.461548 ) (-768.005554 512 880 ) (-768.005554 704 880 ) 
3 1224 1514 0 (-1024 512 658.461548 ) (-1024 512 880 ) (-1024 704 880 ) 
4 1224 1246 0 (-1024 512 880 ) (-1024 512 658.461548 ) (-576 512 658.461548 ) (-768 512 880 ) 
3 1225 1516 0 (-1024 928 880 ) (-1024 928 695.384583 ) (-1024 768 880 ) 
4 1226 1227 0 (-608 760 480 ) (-608 712 480 ) (-608 712 544 ) (-608 760 544 ) 
4 1227 1230 0 (-612 544 480 ) (-612 544 544 ) (-612 928 544 ) (-612 928 480 ) 
4 1227 1228 0 (-611 544 480 ) (-612 544 480 ) (-612 928 480 ) (-611 928 480 ) 
4 1228 1230 0 (-612 544 336 ) (-612 544 480 ) (-612 928 480 ) (-612 928 336 ) 
4 1229 1245 0 (-611 648 296 ) (-611 544 296 ) (-612 544 296 ) (-612 648 296 ) 
4 1229 1243 0 (-611 680 296 ) (-611 648 296 ) (-612 648 296 ) (-612 680 296 ) 
4 1229 1241 0 (-611 808 296 ) (-611 680 296 ) (-612 680 296 ) (-612 808 296 ) 
4 1229 1238 0 (-611 840 296 ) (-611 808 296 ) (-612 808 296 ) (-612 840 296 ) 
4 1229 1235 0 (-612 928 296 ) (-611 928 296 ) (-611 840 296 ) (-612 840 296 ) 
4 1230 1523 0 (-1024 928 358.399994 ) (-1024 928 336 ) (-1024 544 336 ) (-1024 544 358.399994 ) 
4 1230 1519 0 (-1024 928 512 ) (-1024 928 400 ) (-1024 544 400 ) (-1024 544 512 ) 
4 1230 1521 0 (-1024 928 400 ) (-1024 928 358.399994 ) (-1024 544 358.399994 ) (-1024 544 400 ) 
4 1230 1518 0 (-1024 928 544 ) (-1024 928 512 ) (-1024 544 512 ) (-1024 544 544 ) 
4 1231 1234 0 (-616 548 304 ) (-660 548 304 ) (-660 924 304 ) (-616 924 304 ) 
4 1232 1234 0 (-672 548 304 ) (-840 548 304 ) (-840 924 304 ) (-672 924 304 ) 
4 1233 1234 0 (-864 548 304 ) (-1012 548 304 ) (-1012 924 304 ) (-864 924 304 ) 
4 1234 1524 0 (-1024 924 296 ) (-1024 548 296 ) (-1024 548 304 ) (-1024 924 304 ) 
4 1234 1245 0 (-1024 548 296 ) (-1024 648 296 ) (-616 648 296 ) (-616 548 296 ) 
4 1234 1243 0 (-643 680 296 ) (-616 680 296 ) (-616 648 296 ) (-643 648 296 ) 
4 1234 1244 0 (-1024 648 296 ) (-1024 680 296 ) (-643 680 296 ) (-643 648 296 ) 
4 1234 1241 0 (-1024 680 296 ) (-1024 808 296 ) (-616 808 296 ) (-616 680 296 ) 
4 1234 1238 0 (-643 840 296 ) (-616 840 296 ) (-616 808 296 ) (-643 808 296 ) 
4 1234 1239 0 (-1024 808 296 ) (-1024 840 296 ) (-643 840 296 ) (-643 808 296 ) 
4 1234 1235 0 (-1024 840 296 ) (-1024 924 296 ) (-616 924 296 ) (-616 840 296 ) 
4 1235 1527 0 (-1024 928 160 ) (-1024 928 144 ) (-1024 840 144 ) (-1024 840 160 ) 
4 1235 1526 0 (-1024 928 296 ) (-1024 928 160 ) (-1024 840 160 ) (-1024 840 296 ) 
4 1235 1238 0 (-611 840 160 ) (-611 840 296 ) (-643 840 296 ) (-643 840 160 ) 
4 1235 1239 0 (-643 840 296 ) (-1024 840 296 ) (-1024 840 144 ) (-643 840 144 ) 
4 1235 1236 0 (-611 840 144 ) (-722 840 144 ) (-722 895 144 ) (-611 895 144 ) 
4 1235 1237 0 (-722 840 144 ) (-1024 840 144 ) (-1024 928 144 ) (-722 928 144 ) 
4 1236 1239 0 (-722 840 128 ) (-643 840 128 ) (-643 840 144 ) (-722 840 144 ) 
4 1236 1237 0 (-722 840 128 ) (-722 840 144 ) (-722 895 144 ) (-722 895 128 ) 
4 1237 1527 0 (-1024 928 144 ) (-1024 928 128 ) (-1024 840 128 ) (-1024 840 144 ) 
4 1237 1239 0 (-1024 840 128 ) (-722 840 128 ) (-722 840 144 ) (-1024 840 144 ) 
4 1238 1241 0 (-611 808 160 ) (-611 808 296 ) (-643 808 296 ) (-643 808 160 ) 
4 1238 1239 0 (-643 840 296 ) (-643 840 160 ) (-643 808 160 ) (-643 808 296 ) 
4 1239 1527 0 (-1024 840 128 ) (-1024 808 128 ) (-1024 808 160 ) (-1024 840 160 ) 
4 1239 1526 0 (-1024 808 160 ) (-1024 808 296 ) (-1024 840 296 ) (-1024 840 160 ) 
4 1239 1242 0 (-1024 808 128 ) (-645 808 128 ) (-645 808 144 ) (-1024 808 144 ) 
4 1239 1241 0 (-643 808 144 ) (-643 808 296 ) (-1024 808 296 ) (-1024 808 144 ) 
4 1240 1241 0 (-611 808 258 ) (-611 808 144 ) (-611 680 144 ) (-611 680 258 ) 
4 1241 1527 0 (-1024 680 144 ) (-1024 680 160 ) (-1024 808 160 ) (-1024 808 144 ) 
4 1241 1526 0 (-1024 680 160 ) (-1024 680 296 ) (-1024 808 296 ) (-1024 808 160 ) 
4 1241 1243 0 (-611 680 296 ) (-643 680 296 ) (-643 680 160 ) (-611 680 160 ) 
4 1241 1244 0 (-643 680 296 ) (-1024 680 296 ) (-1024 680 144 ) (-643 680 144 ) 
4 1241 1242 0 (-645 680 144 ) (-1024 680 144 ) (-1024 808 144 ) (-645 808 144 ) 
4 1242 1527 0 (-1024 808 128 ) (-1024 680 128 ) (-1024 680 144 ) (-1024 808 144 ) 
4 1242 1244 0 (-1024 680 128 ) (-645 680 128 ) (-645 680 144 ) (-1024 680 144 ) 
4 1243 1245 0 (-611 648 160 ) (-611 648 296 ) (-643 648 296 ) (-643 648 160 ) 
4 1243 1244 0 (-643 680 296 ) (-643 680 160 ) (-643 648 160 ) (-643 648 296 ) 
4 1244 1527 0 (-1024 680 128 ) (-1024 648 128 ) (-1024 648 160 ) (-1024 680 160 ) 
4 1244 1526 0 (-1024 648 160 ) (-1024 648 296 ) (-1024 680 296 ) (-1024 680 160 ) 
4 1244 1245 0 (-1024 648 128 ) (-643 648 128 ) (-643 648 296 ) (-1024 648 296 ) 
4 1245 1527 0 (-1024 648 128 ) (-1024 544 128 ) (-1024 544 160 ) (-1024 648 160 ) 
4 1245 1526 0 (-1024 544 160 ) (-1024 544 296 ) (-1024 648 296 ) (-1024 648 160 ) 
5 1246 1560 0 (-1024 512 960 ) (-1024 512 658.461548 ) (-1024 496 640 ) (-1024 384 640 ) (-1024 384 960 ) 
4 1246 1264 0 (-1024 384 960 ) (-1024 384 640 ) (-576 384 640 ) (-576 384 960 ) 
4 1246 1247 0 (-576 496 640 ) (-576 384 640 ) (-1024 384 640 ) (-1024 496 640 ) 
4 1247 1568 0 (-1024 509 400 ) (-1024 384 400 ) (-1024 384 448 ) (-1024 509 448 ) 
4 1247 1567 0 (-1024 384 448 ) (-1024 384 512 ) (-1024 509 512 ) (-1024 509 448 ) 
4 1247 1565 0 (-1024 512 512 ) (-1024 512 400 ) (-1024 509 400 ) (-1024 509 512 ) 
4 1247 1562 0 (-1024 512 528 ) (-1024 512 512 ) (-1024 506 512 ) (-1024 506 528 ) 
4 1247 1564 0 (-1024 506 512 ) (-1024 384 512 ) (-1024 384 528 ) (-1024 506 528 ) 
4 1247 1561 0 (-1024 512 640 ) (-1024 512 528 ) (-1024 384 528 ) (-1024 384 640 ) 
4 1247 1264 0 (-1024 384 640 ) (-1024 384 128 ) (-576 384 128 ) (-576 384 640 ) 
4 1248 1251 0 (-48 384 864 ) (-48 384 128 ) (-48 256 128 ) (-48 256 864 ) 
4 1248 1250 0 (-48 256 960 ) (-48 344 960 ) (-48 344 944 ) (-48 256 944 ) 
4 1248 1249 0 (-48 256 960 ) (-48 256 400 ) (0 256 400 ) (0 256 960 ) 
4 1249 1276 0 (0 112 400 ) (0 112 960 ) (-48 112 960 ) (-48 112 400 ) 
4 1249 1252 0 (-48 112 400 ) (-48 112 864 ) (-48 256 864 ) (-48 256 400 ) 
4 1249 1250 0 (-48 168 960 ) (-48 256 960 ) (-48 256 944 ) (-48 168 944 ) 
4 1250 1258 0 (-64 168 960 ) (-64 344 960 ) (-64 344 944 ) (-64 168 944 ) 
4 1251 1252 0 (-48 256 400 ) (-48 256 864 ) (-64 256 816 ) (-64 256 400 ) 
4 1252 1276 0 (-48 112 400 ) (-48 112 864 ) (-64 112 816 ) (-64 112 400 ) 
4 1252 1261 0 (-64 112 400 ) (-64 112 816 ) (-64 128 816 ) (-64 128 400 ) 
4 1252 1253 0 (-64 128.003555 815.989319 ) (-64 112 815.989319 ) (-48 112 863.989319 ) (-48 112.003571 863.989319 ) 
3 1253 1276 0 (-48 112 864 ) (-64 112 864 ) (-64 112 816 ) 
3 1253 1261 0 (-64 112 816 ) (-64 112 864 ) (-64 128 816 ) 
4 1254 1257 0 (-280 352 944 ) (-104 352 944 ) (-104 352 960 ) (-280 352 960 ) 
7 1255 1260 0 (-208 352 656 ) (-176 352 656 ) (-176 352 706 ) (-180 352 714 ) (-192 352 720 ) (-204 352 714 ) (-208 352 706 ) 
4 1259 1265 0 (-320 168 960 ) (-320 176 960 ) (-320 176 944 ) (-320 168 944 ) 
4 1259 1262 0 (-320 176 960 ) (-320 344 960 ) (-320 344 944 ) (-320 176 944 ) 
4 1261 1276 0 (-64 112 400 ) (-64 112 864 ) (-320 112 864 ) (-320 112 400 ) 
4 1261 1266 0 (-320 112 400 ) (-320 112 864 ) (-320 128 816 ) (-320 128 400 ) 
4 1262 1265 0 (-320 176 944 ) (-320 176 960 ) (-336 176 960 ) (-336 176 944 ) 
4 1262 1264 0 (-336 176 944 ) (-336 176 960 ) (-336 344 960 ) (-336 344 944 ) 
4 1263 1267 0 (-320 176 672 ) (-320 176 816 ) (-336 176 864 ) (-336 176 672 ) 
4 1263 1266 0 (-320 176 400 ) (-320 176 672 ) (-336 176 672 ) (-336 176 400 ) 
4 1263 1264 0 (-336 176 128 ) (-336 176 864 ) (-336 384 864 ) (-336 384 128 ) 
4 1264 1568 0 (-1024 384 448 ) (-1024 384 400 ) (-1024 176 400 ) (-1024 176 448 ) 
4 1264 1567 0 (-1024 384 512 ) (-1024 384 448 ) (-1024 176 448 ) (-1024 176 512 ) 
4 1264 1564 0 (-1024 384 528 ) (-1024 384 512 ) (-1024 176 512 ) (-1024 176 528 ) 
4 1264 1560 0 (-1024 384 960 ) (-1024 384 640 ) (-1024 176 640 ) (-1024 176 960 ) 
4 1264 1561 0 (-1024 384 640 ) (-1024 384 528 ) (-1024 176 528 ) (-1024 176 640 ) 
4 1264 1269 0 (-632 176 128 ) (-424 176 128 ) (-424 176 330 ) (-632 176 330 ) 
4 1264 1268 0 (-336 176 400 ) (-336 176 960 ) (-1024 176 960 ) (-1024 176 400 ) 
4 1265 1268 0 (-336 176 960 ) (-336 176 944 ) (-336 168 944 ) (-336 168 960 ) 
4 1266 1276 0 (-320 112 400 ) (-320 112 864 ) (-336 112 864 ) (-336 112 400 ) 
4 1266 1275 0 (-336 136 400 ) (-336 112 400 ) (-336 112 864 ) (-336 136 792 ) 
4 1266 1270 0 (-336 137 400 ) (-336 136 400 ) (-336 136 792 ) (-336 137 789 ) 
4 1266 1268 0 (-336 176 672 ) (-336 176 400 ) (-336 137 400 ) (-336 137 789 ) 
4 1266 1267 0 (-320 176 672 ) (-336 176 672 ) (-336 112 864 ) (-320 128 816 ) 
3 1267 1275 0 (-336 136 792 ) (-336 112 864 ) (-336 136 864 ) 
4 1267 1270 0 (-336 137 789 ) (-336 136 792 ) (-336 136 864 ) (-336 137 864 ) 
4 1267 1268 0 (-336 176 864 ) (-336 176 672 ) (-336 137 789 ) (-336 137 864 ) 
4 1268 1568 0 (-1024 137 400 ) (-1024 137 448 ) (-1024 176 448 ) (-1024 176 400 ) 
4 1268 1567 0 (-1024 137 448 ) (-1024 137 512 ) (-1024 176 512 ) (-1024 176 448 ) 
4 1268 1564 0 (-1024 137 512 ) (-1024 137 528 ) (-1024 176 528 ) (-1024 176 512 ) 
4 1268 1560 0 (-1024 137 640 ) (-1024 137 960 ) (-1024 176 960 ) (-1024 176 640 ) 
4 1268 1561 0 (-1024 137 528 ) (-1024 137 640 ) (-1024 176 640 ) (-1024 176 528 ) 
4 1268 1270 0 (-336 137 400 ) (-336 137 960 ) (-1024 137 960 ) (-1024 137 400 ) 
4 1269 1274 0 (-616.399963 137 128 ) (-616 137 128 ) (-616 137 330 ) (-616.399963 137 330 ) 
4 1269 1273 0 (-534 137 326 ) (-611 137 326 ) (-611 137 149 ) (-534 137 149 ) 
4 1269 1272 0 (-446 137 326 ) (-525 137 326 ) (-525 137 149 ) (-446 137 149 ) 
4 1269 1271 0 (-440 137 128 ) (-439.600006 137 128 ) (-439.600006 137 330 ) (-440 137 330 ) 
4 1270 1568 0 (-1024 136 400 ) (-1024 136 448 ) (-1024 137 448 ) (-1024 137 400 ) 
4 1270 1567 0 (-1024 136 448 ) (-1024 136 512 ) (-1024 137 512 ) (-1024 137 448 ) 
4 1270 1564 0 (-1024 136 512 ) (-1024 136 528 ) (-1024 137 528 ) (-1024 137 512 ) 
4 1270 1560 0 (-1024 136 640 ) (-1024 136 960 ) (-1024 137 960 ) (-1024 137 640 ) 
4 1270 1561 0 (-1024 136 528 ) (-1024 136 640 ) (-1024 137 640 ) (-1024 137 528 ) 
4 1270 1275 0 (-336 136 400 ) (-336 136 960 ) (-1024 136 960 ) (-1024 136 400 ) 
4 1275 1568 0 (-1024 112 400 ) (-1024 112 448 ) (-1024 136 448 ) (-1024 136 400 ) 
4 1275 1567 0 (-1024 112 448 ) (-1024 112 512 ) (-1024 136 512 ) (-1024 136 448 ) 
4 1275 1564 0 (-1024 112 512 ) (-1024 112 528 ) (-1024 136 528 ) (-1024 136 512 ) 
4 1275 1560 0 (-1024 112 640 ) (-1024 112 960 ) (-1024 136 960 ) (-1024 136 640 ) 
4 1275 1561 0 (-1024 112 528 ) (-1024 112 640 ) (-1024 136 640 ) (-1024 136 528 ) 
4 1275 1276 0 (-336 112 400 ) (-336 112 960 ) (-1024 112 960 ) (-1024 112 400 ) 
4 1276 1568 0 (-1024 32 400 ) (-1024 32 448 ) (-1024 112 448 ) (-1024 112 400 ) 
4 1276 1567 0 (-1024 32 448 ) (-1024 32 512 ) (-1024 112 512 ) (-1024 112 448 ) 
4 1276 1564 0 (-1024 32 512 ) (-1024 32 528 ) (-1024 112 528 ) (-1024 112 512 ) 
4 1276 1560 0 (-1024 32 640 ) (-1024 32 960 ) (-1024 112 960 ) (-1024 112 640 ) 
4 1276 1561 0 (-1024 32 528 ) (-1024 32 640 ) (-1024 112 640 ) (-1024 112 528 ) 
4 1276 1283 0 (-592 32 400 ) (-576 32 400 ) (-576 32 448 ) (-592 32 448 ) 
4 1276 1281 0 (-368 32 400 ) (-352 32 400 ) (-352 32 448 ) (-368 32 448 ) 
4 1276 1282 0 (-480 32 400 ) (-464 32 400 ) (-464 32 448 ) (-480 32 448 ) 
4 1276 1284 0 (-704 32 400 ) (-688 32 400 ) (-688 32 448 ) (-704 32 448 ) 
4 1276 1280 0 (-256 32 400 ) (-240 32 400 ) (-240 32 448 ) (-256 32 448 ) 
4 1276 1285 0 (-816 32 400 ) (-800 32 400 ) (-800 32 448 ) (-816 32 448 ) 
4 1276 1279 0 (-144 32 400 ) (-128 32 400 ) (-128 32 448 ) (-144 32 448 ) 
4 1276 1286 0 (-928 32 400 ) (-912 32 400 ) (-912 32 448 ) (-928 32 448 ) 
4 1276 1278 0 (-32 32 400 ) (-16 32 400 ) (-16 32 448 ) (-32 32 448 ) 
4 1276 1277 0 (-1024 32 960 ) (-1024 32 448 ) (0 32 448 ) (0 32 960 ) 
4 1277 1567 0 (-1024 0 448 ) (-1024 0 512 ) (-1024 32 512 ) (-1024 32 448 ) 
4 1277 1564 0 (-1024 0 512 ) (-1024 0 528 ) (-1024 32 528 ) (-1024 32 512 ) 
4 1277 1560 0 (-1024 0 640 ) (-1024 0 960 ) (-1024 32 960 ) (-1024 32 640 ) 
4 1277 1561 0 (-1024 0 528 ) (-1024 0 640 ) (-1024 32 640 ) (-1024 32 528 ) 
4 1277 1283 0 (-576 0 448 ) (-592 0 448 ) (-592 32 448 ) (-576 32 448 ) 
4 1277 1281 0 (-352 0 448 ) (-368 0 448 ) (-368 32 448 ) (-352 32 448 ) 
4 1277 1282 0 (-464 0 448 ) (-480 0 448 ) (-480 32 448 ) (-464 32 448 ) 
4 1277 1284 0 (-688 0 448 ) (-704 0 448 ) (-704 32 448 ) (-688 32 448 ) 
4 1277 1280 0 (-240 0 448 ) (-256 0 448 ) (-256 32 448 ) (-240 32 448 ) 
4 1277 1285 0 (-800 0 448 ) (-816 0 448 ) (-816 32 448 ) (-800 32 448 ) 
4 1277 1279 0 (-128 0 448 ) (-144 0 448 ) (-144 32 448 ) (-128 32 448 ) 
4 1277 1286 0 (-912 0 448 ) (-928 0 448 ) (-928 32 448 ) (-912 32 448 ) 
4 1277 1278 0 (-16 0 448 ) (-32 0 448 ) (-32 32 448 ) (-16 32 448 ) 
4 1287 1291 0 (-103 832 55 ) (-64 832 55 ) (-64 512 55 ) (-103 512 55 ) 
4 1287 1290 0 (-103 576 55 ) (-103 512 55 ) (-103 512 80 ) (-103 576 80 ) 
4 1287 1289 0 (-103 760 55 ) (-103 584 55 ) (-103 584 80 ) (-103 760 80 ) 
4 1287 1288 0 (-103 832 80 ) (-103 832 55 ) (-103 768 55 ) (-103 768 80 ) 
4 1288 1292 0 (-104 832 56 ) (-104 832 55 ) (-104 768 55 ) (-104 768 56 ) 
4 1288 1291 0 (-104 768 55 ) (-104 832 55 ) (-103 832 55 ) (-103 768 55 ) 
4 1289 1292 0 (-104 760 56 ) (-104 760 55 ) (-104 584 55 ) (-104 584 56 ) 
4 1289 1291 0 (-104 584 55 ) (-104 760 55 ) (-103 760 55 ) (-103 584 55 ) 
4 1290 1292 0 (-104 576 56 ) (-104 576 55 ) (-104 512 55 ) (-104 512 56 ) 
4 1290 1291 0 (-104 512 55 ) (-104 576 55 ) (-103 576 55 ) (-103 512 55 ) 
4 1291 1339 0 (-104 512 0 ) (-104 704 0 ) (-64 704 0 ) (-64 512 0 ) 
4 1291 1334 0 (-104 704 0 ) (-104 720 0 ) (-64 720 0 ) (-64 704 0 ) 
4 1291 1323 0 (-104 720 0 ) (-104 832 0 ) (-64 832 0 ) (-64 720 0 ) 
4 1291 1292 0 (-104 832 0 ) (-104 512 0 ) (-104 512 55 ) (-104 832 55 ) 
4 1292 1339 0 (-128 512 0 ) (-128 704 0 ) (-104 704 0 ) (-104 512 0 ) 
4 1292 1334 0 (-128 704 0 ) (-128 720 0 ) (-104 720 0 ) (-104 704 0 ) 
4 1292 1323 0 (-128 720 0 ) (-128 832 0 ) (-104 832 0 ) (-104 720 0 ) 
4 1292 1294 0 (-128 832 0 ) (-128 512 0 ) (-128 512 56 ) (-128 832 56 ) 
4 1293 1294 0 (-128 256 56 ) (-232 256 56 ) (-232 832 56 ) (-128 832 56 ) 
4 1294 1346 0 (-256 256 0 ) (-256 496 0 ) (-128 496 0 ) (-128 256 0 ) 
4 1294 1345 0 (-256 496 0 ) (-256 512 0 ) (-128 512 0 ) (-128 496 0 ) 
4 1294 1339 0 (-256 512 0 ) (-256 704 0 ) (-128 704 0 ) (-128 512 0 ) 
4 1294 1334 0 (-256 704 0 ) (-256 720 0 ) (-128 720 0 ) (-128 704 0 ) 
4 1294 1323 0 (-256 720 0 ) (-256 832 0 ) (-128 832 0 ) (-128 720 0 ) 
4 1294 1297 0 (-256 832 56 ) (-256 832 0 ) (-256 256 0 ) (-256 256 56 ) 
4 1295 1297 0 (-256 256 56 ) (-436 256 56 ) (-436 832 56 ) (-256 832 56 ) 
4 1296 1298 0 (-576 832 80 ) (-576 832 56 ) (-576 512 56 ) (-576 512 80 ) 
4 1296 1297 0 (-460 256 56 ) (-576 256 56 ) (-576 832 56 ) (-460 832 56 ) 
4 1297 1361 0 (-448 256 0 ) (-576 256 0 ) (-576 496 0 ) (-448 496 0 ) 
4 1297 1360 0 (-576 496 0 ) (-576 512 0 ) (-448 512 0 ) (-448 496 0 ) 
4 1297 1355 0 (-320 256 0 ) (-448 256 0 ) (-448 496 0 ) (-320 496 0 ) 
4 1297 1351 0 (-448 496 0 ) (-448 512 0 ) (-320 512 0 ) (-320 496 0 ) 
4 1297 1346 0 (-256 496 0 ) (-256 256 0 ) (-320 256 0 ) (-320 496 0 ) 
4 1297 1345 0 (-256 512 0 ) (-256 496 0 ) (-320 496 0 ) (-320 512 0 ) 
4 1297 1339 0 (-256 704 0 ) (-256 512 0 ) (-576 512 0 ) (-576 704 0 ) 
4 1297 1334 0 (-256 720 0 ) (-256 704 0 ) (-576 704 0 ) (-576 720 0 ) 
4 1297 1323 0 (-576 832 0 ) (-256 832 0 ) (-256 720 0 ) (-576 720 0 ) 
4 1297 1299 0 (-576 832 56 ) (-576 832 0 ) (-576 512 0 ) (-576 512 56 ) 
4 1298 1299 0 (-576 512 56 ) (-616 512 56 ) (-616 832 56 ) (-576 832 56 ) 
4 1299 1339 0 (-640 512 0 ) (-640 704 0 ) (-576 704 0 ) (-576 512 0 ) 
4 1299 1334 0 (-640 704 0 ) (-640 720 0 ) (-576 720 0 ) (-576 704 0 ) 
4 1299 1323 0 (-640 720 0 ) (-640 832 0 ) (-576 832 0 ) (-576 720 0 ) 
4 1299 1303 0 (-640 832 0 ) (-640 512 0 ) (-640 512 56 ) (-640 832 56 ) 
4 1300 1364 0 (-512 32 0 ) (-512 56 0 ) (-256 56 0 ) (-256 32 0 ) 
4 1300 1363 0 (-512 56 0 ) (-512 224 0 ) (-256 224 0 ) (-256 56 0 ) 
4 1300 1301 0 (-512 32 32 ) (-512 192 32 ) (-512 192 0 ) (-512 32 0 ) 
4 1301 1373 0 (-640 0 0 ) (-512 0 0 ) (-512 0 32 ) (-640 0 32 ) 
4 1301 1366 0 (-512 0 0 ) (-640 0 0 ) (-640 192 0 ) (-512 192 0 ) 
4 1301 1306 0 (-640 192 0 ) (-640 0 0 ) (-640 0 32 ) (-640 192 32 ) 
4 1302 1313 0 (-768 1024 0 ) (-640 1024 0 ) (-640 928 0 ) (-768 928 0 ) 
4 1303 1339 0 (-640 704 0 ) (-640 512 0 ) (-768 512 0 ) (-768 704 0 ) 
4 1303 1334 0 (-640 720 0 ) (-640 704 0 ) (-768 704 0 ) (-768 720 0 ) 
4 1303 1323 0 (-640 832 0 ) (-640 720 0 ) (-768 720 0 ) (-768 832 0 ) 
4 1303 1321 0 (-640 864 0 ) (-640 832 0 ) (-768 832 0 ) (-768 864 0 ) 
4 1303 1315 0 (-768 896 0 ) (-640 896 0 ) (-640 864 0 ) (-768 864 0 ) 
4 1303 1304 0 (-768 704 0 ) (-768 512 0 ) (-768 512 56 ) (-768 704 56 ) 
4 1304 1339 0 (-792 704 0 ) (-768 704 0 ) (-768 512 0 ) (-792 512 0 ) 
4 1304 1305 0 (-792 704 56 ) (-792 704 0 ) (-792 512 0 ) (-792 512 56 ) 
4 1305 1339 0 (-832 704 0 ) (-792 704 0 ) (-792 512 0 ) (-832 512 0 ) 
4 1306 1373 0 (-896 0 0 ) (-640 0 0 ) (-640 0 32 ) (-896 0 32 ) 
4 1306 1366 0 (-640 0 0 ) (-896 0 0 ) (-896 192 0 ) (-640 192 0 ) 
4 1307 1584 0 (-1024 1024 114 ) (-1024 1024 96 ) (-1024 896 96 ) (-1024 896 114 ) 
4 1307 1308 0 (-1024 896 96 ) (-1024 1024 96 ) (-912 1024 96 ) (-912 896 96 ) 
4 1308 1587 0 (-1024 1024 96 ) (-1024 1024 0 ) (-1024 880 0 ) (-1024 880 96 ) 
4 1308 1316 0 (-1024 880 0 ) (-1024 1024 0 ) (-896 1024 0 ) (-896 880 0 ) 
4 1309 1588 0 (-1024 32 32 ) (-1024 160 32 ) (-1024 160 0 ) (-1024 32 0 ) 
4 1309 1371 0 (-1024 32 0 ) (-1024 160 0 ) (-928 160 0 ) (-928 32 0 ) 
4 1310 1320 0 (-160 864 -80 ) (-160 864 -128 ) (-96 864 -128 ) (-96 864 -80 ) 
4 1310 1319 0 (0 864 -128 ) (0 864 -32 ) (-32 864 -32 ) (-32 864 -128 ) 
4 1310 1317 0 (0 864 -128 ) (-232 864 -128 ) (-232 1024 -128 ) (0 1024 -128 ) 
4 1310 1312 0 (-232 1024 -128 ) (-232 992 -128 ) (-232 992 -96 ) (-232 1024 -96 ) 
4 1310 1311 0 (-232 864 -96 ) (-232 864 -32 ) (-232 1024 -32 ) (-232 1024 -96 ) 
4 1311 1312 0 (-256 992 -96 ) (-256 1024 -96 ) (-232 1024 -96 ) (-232 992 -96 ) 
4 1312 1318 0 (-256 992 -128 ) (-256 1024 -128 ) (-232 1024 -128 ) (-232 992 -128 ) 
4 1313 1314 0 (-736 928 -128 ) (-672 928 -128 ) (-672 928 -16 ) (-736 928 -16 ) 
4 1314 1315 0 (-736 896 -128 ) (-672 896 -128 ) (-672 896 -16 ) (-736 896 -16 ) 
4 1315 1321 0 (-640 864 0 ) (-768 864 0 ) (-768 864 -128 ) (-640 864 -128 ) 
4 1316 1592 0 (-1024 880 0 ) (-1024 1024 0 ) (-1024 1024 -128 ) (-1024 880 -128 ) 
4 1317 1320 0 (-96 864 -128 ) (-160 864 -128 ) (-160 864 -192 ) (-96 864 -192 ) 
4 1317 1319 0 (0 864 -192 ) (0 864 -128 ) (-32 864 -128 ) (-32 864 -192 ) 
4 1317 1318 0 (-232 1024 -192 ) (-232 992 -192 ) (-232 992 -128 ) (-232 1024 -128 ) 
4 1319 1322 0 (-32 832 -192 ) (0 832 -192 ) (0 832 -32 ) (-32 832 -32 ) 
4 1320 1327 0 (-160 832 -192 ) (-96 832 -192 ) (-96 832 -176 ) (-160 832 -176 ) 
4 1320 1325 0 (-96 832 -176 ) (-96 832 -160 ) (-160 832 -160 ) (-160 832 -176 ) 
4 1320 1324 0 (-96 832 -160 ) (-96 832 -128 ) (-160 832 -128 ) (-160 832 -160 ) 
4 1320 1323 0 (-96 832 -128 ) (-96 832 -80 ) (-160 832 -80 ) (-160 832 -128 ) 
4 1321 1323 0 (-640 832 0 ) (-768 832 0 ) (-768 832 -128 ) (-640 832 -128 ) 
4 1323 1335 0 (-544 720 -128 ) (-64 720 -128 ) (-64 720 -96 ) (-608 720 -96 ) 
4 1323 1334 0 (-64 720 0 ) (-768 720 0 ) (-768 720 -96 ) (-64 720 -96 ) 
4 1323 1326 0 (-608 832 -128 ) (-576 832 -128 ) (-576 720 -128 ) (-608 720 -128 ) 
4 1323 1324 0 (-576 832 -128 ) (-64 832 -128 ) (-64 720 -128 ) (-576 720 -128 ) 
4 1324 1335 0 (-64 720 -160 ) (-64 720 -128 ) (-544 720 -128 ) (-480 720 -160 ) 
4 1324 1326 0 (-576 720 -144 ) (-576 720 -128 ) (-576 832 -128 ) (-576 832 -144 ) 
4 1324 1325 0 (-544 832 -160 ) (-64 832 -160 ) (-64 720 -160 ) (-544 720 -160 ) 
4 1325 1337 0 (-336 720 -160 ) (-432 720 -160 ) (-432 720 -176 ) (-336 720 -176 ) 
4 1325 1327 0 (-512 832 -176 ) (-64 832 -176 ) (-64 720 -176 ) (-512 720 -176 ) 
4 1327 1337 0 (-432 720 -192 ) (-336 720 -192 ) (-336 720 -176 ) (-432 720 -176 ) 
4 1328 1331 0 (-16 552 -200 ) (-16 664 -200 ) (0 664 -192 ) (0 552 -192 ) 
3 1328 1329 0 (-16 664 -200 ) (-16 552 -200 ) (-16 608 -144 ) 
4 1329 1331 0 (-32 552 -208 ) (-32 664 -208 ) (-16 664 -200 ) (-16 552 -200 ) 
4 1330 1331 0 (-32 664 -384 ) (0 664 -384 ) (0 664 -208 ) (-32 664 -224 ) 
5 1331 1333 0 (-32 656 -384 ) (-32 560 -384 ) (-32 560 -240 ) (-32 608 -224 ) (-32 656 -240 ) 
4 1331 1332 0 (-32 552 -384 ) (0 552 -384 ) (0 552 -208 ) (-32 552 -224 ) 
5 1333 1340 0 (-64 560 -384 ) (-64 560 -240 ) (-64 608 -224 ) (-64 656 -240 ) (-64 656 -384 ) 
4 1334 1339 0 (-64 704 -96 ) (-64 704 0 ) (-768 704 0 ) (-768 704 -96 ) 
4 1334 1335 0 (-64 704 -96 ) (-608 704 -96 ) (-608 720 -96 ) (-64 720 -96 ) 
4 1335 1339 0 (-64 704 -160 ) (-64 704 -96 ) (-608 704 -96 ) (-480 704 -160 ) 
4 1335 1337 0 (-336 704 -160 ) (-432 704 -160 ) (-432 720 -160 ) (-336 720 -160 ) 
4 1336 1341 0 (-320 704 -384 ) (-320 704 -224 ) (-336 704 -224 ) (-336 704 -384 ) 
4 1336 1338 0 (-336 720 -384 ) (-336 704 -384 ) (-336 704 -224 ) (-336 720 -224 ) 
4 1337 1339 0 (-336 704 -160 ) (-432 704 -160 ) (-432 704 -192 ) (-336 704 -192 ) 
4 1338 1341 0 (-448 704 -384 ) (-336 704 -384 ) (-336 704 -224 ) (-448 704 -224 ) 
4 1339 1360 0 (-448 512 0 ) (-576 512 0 ) (-576 512 -160 ) (-448 512 -160 ) 
4 1339 1352 0 (-432 512 -192 ) (-336 512 -192 ) (-336 512 -160 ) (-432 512 -160 ) 
4 1339 1351 0 (-320 512 0 ) (-448 512 0 ) (-448 512 -160 ) (-320 512 -160 ) 
4 1339 1345 0 (-128 512 0 ) (-320 512 0 ) (-320 512 -160 ) (-128 512 -160 ) 
4 1339 1340 0 (-320 704 -192 ) (-64 704 -192 ) (-64 512 -192 ) (-320 512 -192 ) 
4 1339 1342 0 (-832 512 -192 ) (-832 704 -192 ) (-448 704 -192 ) (-448 512 -192 ) 
4 1340 1341 0 (-320 704 -384 ) (-320 512 -384 ) (-320 512 -224 ) (-320 704 -224 ) 
4 1341 1354 0 (-448 512 -224 ) (-448 512 -384 ) (-432 512 -384 ) (-432 512 -224 ) 
4 1341 1353 0 (-432 512 -384 ) (-320 512 -384 ) (-320 512 -224 ) (-432 512 -224 ) 
4 1341 1342 0 (-448 704 -384 ) (-448 512 -384 ) (-448 512 -224 ) (-448 704 -224 ) 
5 1342 1343 0 (-832 672 -384 ) (-832 544 -384 ) (-832 544 -240 ) (-832 608 -224 ) (-832 672 -240 ) 
5 1343 1344 0 (-960 672 -384 ) (-960 544 -384 ) (-960 544 -240 ) (-960 608 -224 ) (-960 672 -240 ) 
4 1344 1594 0 (-1024 704 -128 ) (-1024 704 -384 ) (-1024 512 -384 ) (-1024 512 -128 ) 
4 1344 1593 0 (-1024 704 -64 ) (-1024 704 -128 ) (-1024 512 -128 ) (-1024 512 -64 ) 
4 1345 1351 0 (-320 512 0 ) (-320 512 -160 ) (-320 496 -160 ) (-320 496 0 ) 
4 1345 1346 0 (-320 496 0 ) (-320 496 -160 ) (-128 496 -160 ) (-128 496 0 ) 
4 1346 1359 0 (-320 320 -160 ) (-320 320 -144 ) (-320 352 -144 ) (-320 352 -160 ) 
4 1346 1358 0 (-320 384 -144 ) (-320 384 -176 ) (-320 352 -176 ) (-320 352 -144 ) 
4 1346 1357 0 (-320 288 -128 ) (-320 384 -128 ) (-320 384 -144 ) (-320 288 -144 ) 
4 1346 1356 0 (-320 384 -128 ) (-320 496 -128 ) (-320 496 -188 ) (-320 384 -188 ) 
4 1346 1355 0 (-320 256 -128 ) (-320 256 0 ) (-320 496 0 ) (-320 496 -128 ) 
4 1346 1350 0 (-320 256 -188 ) (-320 432 -188 ) (-256 432 -188 ) (-256 256 -188 ) 
4 1346 1349 0 (-192 400 -188 ) (-192 256 -188 ) (-256 256 -188 ) (-256 400 -188 ) 
4 1346 1348 0 (-256 496 -188 ) (-192 496 -188 ) (-192 464 -188 ) (-256 464 -188 ) 
4 1346 1347 0 (-192 496 -188 ) (-128 496 -188 ) (-128 256 -188 ) (-192 256 -188 ) 
4 1347 1349 0 (-192 400 -192 ) (-192 256 -192 ) (-192 256 -188 ) (-192 400 -188 ) 
4 1347 1348 0 (-192 496 -192 ) (-192 464 -192 ) (-192 464 -188 ) (-192 496 -188 ) 
4 1349 1350 0 (-256 256 -192 ) (-256 256 -188 ) (-256 400 -188 ) (-256 400 -192 ) 
4 1350 1356 0 (-320 384 -188 ) (-320 432 -188 ) (-320 432 -192 ) (-320 384 -192 ) 
4 1351 1360 0 (-448 512 0 ) (-448 512 -160 ) (-448 496 -160 ) (-448 496 0 ) 
4 1351 1356 0 (-448 496 -128 ) (-448 496 -160 ) (-320 496 -160 ) (-320 496 -128 ) 
4 1351 1355 0 (-448 496 0 ) (-448 496 -128 ) (-320 496 -128 ) (-320 496 0 ) 
4 1351 1352 0 (-336 496 -160 ) (-432 496 -160 ) (-432 512 -160 ) (-336 512 -160 ) 
4 1352 1356 0 (-336 496 -160 ) (-432 496 -160 ) (-432 496 -192 ) (-336 496 -192 ) 
4 1353 1354 0 (-432 512 -384 ) (-432 496 -384 ) (-432 496 -224 ) (-432 512 -224 ) 
4 1355 1362 0 (-352 256 -16 ) (-416 256 -16 ) (-416 256 -128 ) (-352 256 -128 ) 
4 1355 1361 0 (-448 256 -128 ) (-448 256 0 ) (-448 496 0 ) (-448 496 -128 ) 
4 1355 1357 0 (-448 288 -128 ) (-448 384 -128 ) (-320 384 -128 ) (-320 288 -128 ) 
4 1355 1356 0 (-448 384 -128 ) (-448 496 -128 ) (-320 496 -128 ) (-320 384 -128 ) 
4 1356 1361 0 (-448 384 -128 ) (-448 496 -128 ) (-448 496 -192 ) (-448 384 -192 ) 
4 1356 1358 0 (-320 384 -176 ) (-320 384 -144 ) (-448 384 -144 ) (-448 384 -176 ) 
4 1356 1357 0 (-320 384 -144 ) (-320 384 -128 ) (-448 384 -128 ) (-448 384 -144 ) 
4 1357 1361 0 (-448 288 -128 ) (-448 384 -128 ) (-448 384 -144 ) (-448 288 -144 ) 
4 1357 1359 0 (-448 320 -144 ) (-448 352 -144 ) (-320 352 -144 ) (-320 320 -144 ) 
4 1357 1358 0 (-448 352 -144 ) (-448 384 -144 ) (-320 384 -144 ) (-320 352 -144 ) 
4 1358 1361 0 (-448 384 -144 ) (-448 384 -176 ) (-448 352 -176 ) (-448 352 -144 ) 
4 1358 1359 0 (-320 352 -160 ) (-320 352 -144 ) (-448 352 -144 ) (-448 352 -160 ) 
4 1359 1361 0 (-448 320 -160 ) (-448 320 -144 ) (-448 352 -144 ) (-448 352 -160 ) 
4 1360 1361 0 (-576 496 0 ) (-576 496 -160 ) (-448 496 -160 ) (-448 496 0 ) 
4 1362 1363 0 (-352 224 -16 ) (-416 224 -16 ) (-416 224 -128 ) (-352 224 -128 ) 
4 1363 1366 0 (-512 192 -128 ) (-512 56 -128 ) (-512 56 0 ) (-512 192 0 ) 
4 1363 1365 0 (-512 56 -32 ) (-512 56 -128 ) (-384 56 -128 ) (-384 56 -32 ) 
4 1363 1364 0 (-512 56 0 ) (-512 56 -32 ) (-256 56 -32 ) (-256 56 0 ) 
4 1364 1366 0 (-512 32 -32 ) (-512 32 0 ) (-512 56 0 ) (-512 56 -32 ) 
4 1364 1365 0 (-384 32 -32 ) (-512 32 -32 ) (-512 56 -32 ) (-384 56 -32 ) 
4 1365 1366 0 (-512 56 -128 ) (-512 32 -128 ) (-512 32 -32 ) (-512 56 -32 ) 
4 1366 1375 0 (-512 0 0 ) (-896 0 0 ) (-896 0 -128 ) (-512 0 -128 ) 
4 1366 1370 0 (-896 84 -16 ) (-896 90 -16 ) (-896 90 -80 ) (-896 84 -80 ) 
4 1366 1369 0 (-896 90 -16 ) (-896 108 -16 ) (-896 108 -80 ) (-896 90 -80 ) 
4 1367 1371 0 (-928 108 -80 ) (-928 102 -80 ) (-928 102 -16 ) (-928 108 -16 ) 
4 1367 1368 0 (-928 102 -80 ) (-920 102 -80 ) (-920 102 -16 ) (-928 102 -16 ) 
4 1368 1371 0 (-928 102 -80 ) (-928 84 -80 ) (-928 84 -16 ) (-928 102 -16 ) 
4 1368 1369 0 (-920.004150 90 -80 ) (-904.004150 102 -80 ) (-904 102 -16 ) (-920.002930 90 -16 ) 
4 1369 1370 0 (-904 90 -80 ) (-896 90 -80 ) (-896 90 -16 ) (-904 90 -16 ) 
4 1371 1595 0 (-1024 32 0 ) (-1024 160 0 ) (-1024 160 -96 ) (-1024 32 -96 ) 
4 1372 1381 0 (0 0 -1546 ) (0 0 -1338 ) (-580 0 -1338 ) (-580 0 -1546 ) 
4 1373 1375 0 (-896 0 0 ) (-512 0 0 ) (-512 -146 0 ) (-896 -146 0 ) 
4 1374 1622 0 (-1024 -160 32 ) (-1024 -32 32 ) (-1024 -32 0 ) (-1024 -160 0 ) 
4 1374 1380 0 (-1024 -160 0 ) (-1024 -32 0 ) (-928 -32 0 ) (-928 -160 0 ) 
4 1375 1378 0 (-896 -84 -80 ) (-896 -90 -80 ) (-896 -90 -16 ) (-896 -84 -16 ) 
4 1375 1379 0 (-896 -90 -80 ) (-896 -108 -80 ) (-896 -108 -16 ) (-896 -90 -16 ) 
4 1376 1380 0 (-928 -102 -16 ) (-928 -84 -16 ) (-928 -84 -80 ) (-928 -102 -80 ) 
4 1376 1379 0 (-904 -102 -80 ) (-920.002930 -90 -80 ) (-920.004150 -90 -16 ) (-904.004150 -102 -16 ) 
4 1376 1377 0 (-928 -102 -80 ) (-920 -102 -80 ) (-920 -102 -16 ) (-928 -102 -16 ) 
4 1377 1380 0 (-928 -108 -16 ) (-928 -102 -16 ) (-928 -102 -80 ) (-928 -108 -80 ) 
4 1378 1379 0 (-904 -90 -80 ) (-896 -90 -80 ) (-896 -90 -16 ) (-904 -90 -16 ) 
4 1380 1623 0 (-1024 -160 0 ) (-1024 -32 0 ) (-1024 -32 -96 ) (-1024 -160 -96 ) 
4 1382 1510 0 (-1024 1024 640 ) (-1024 1024 960 ) (-1088 1024 960 ) (-1088 1024 640 ) 
4 1382 1512 0 (-1024 1024 320 ) (-1024 1024 640 ) (-1088 1024 640 ) (-1088 1024 320 ) 
4 1382 1392 0 (-1088 1680 328 ) (-1088 1680 320 ) (-1088 1024 320 ) (-1088 1024 328 ) 
4 1382 1387 0 (-1088 1680 960 ) (-1088 1680 328 ) (-1088 1024 328 ) (-1088 1024 960 ) 
4 1383 1386 0 (-1072 1452 96 ) (-1072 1584 96 ) (-1024 1584 96 ) (-1024 1452 96 ) 
4 1384 1386 0 (-1072 1196 96 ) (-1072 1428 96 ) (-1024 1428 96 ) (-1024 1196 96 ) 
4 1385 1584 0 (-1024 1024 96 ) (-1024 1024 114 ) (-1072 1024 114 ) (-1072 1024 96 ) 
4 1385 1386 0 (-1024 1024 96 ) (-1072 1024 96 ) (-1072 1172 96 ) (-1024 1172 96 ) 
4 1386 1587 0 (-1088 1024 0 ) (-1024 1024 0 ) (-1024 1024 96 ) (-1088 1024 96 ) 
4 1386 1471 0 (-1024 1024 0 ) (-1088 1024 0 ) (-1088 1152 0 ) (-1024 1152 0 ) 
4 1386 1443 0 (-1088 1152 0 ) (-1088 1600 0 ) (-1024 1600 0 ) (-1024 1152 0 ) 
4 1386 1420 0 (-1088 1152 0 ) (-1088 1024 0 ) (-1088 1024 96 ) (-1088 1152 96 ) 
4 1387 1510 0 (-1088 1024 640 ) (-1088 1024 960 ) (-1328 1024 960 ) (-1328 1024 640 ) 
4 1387 1512 0 (-1088 1024 328 ) (-1088 1024 640 ) (-1328 1024 640 ) (-1328 1024 328 ) 
5 1387 1392 2 (-1240 1680 328 ) (-1088 1680 328 ) (-1088 1024 328 ) (-1328 1024 328 ) (-1328 1494.486450 328 ) 
4 1387 1389 2 (-1328 1056 328 ) (-1328 1024 328 ) (-1328 1024 880 ) (-1328 1056 880 ) 
4 1387 1388 2 (-1328 1494.486450 328 ) (-1328 1056 328 ) (-1328 1056 880 ) (-1328 1494.486450 880 ) 
3 1388 1392 2 (-1328 1494.486450 328 ) (-1328 1056 328 ) (-1536 1056 328 ) 
4 1388 1389 2 (-1536 1056 328 ) (-1328 1056 328 ) (-1328 1056 880 ) (-1536 1056 640 ) 
5 1389 1554 0 (-1568 1024 603.076721 ) (-1568 1024 328 ) (-1520 1024 328 ) (-1520 1024 640 ) (-1536 1024 640 ) 
3 1389 1553 0 (-1520 1024 640 ) (-1520 1024 658.461365 ) (-1536 1024 640 ) 
4 1389 1549 0 (-1520 1024 328 ) (-1488 1024 328 ) (-1488 1024 640 ) (-1520 1024 640 ) 
4 1389 1547 0 (-1488 1024 640 ) (-1488 1024 695.384460 ) (-1520 1024 658.461365 ) (-1520 1024 640 ) 
4 1389 1511 0 (-1328 1024 640 ) (-1328 1024 880 ) (-1488 1024 695.384460 ) (-1488 1024 640 ) 
4 1389 1512 0 (-1488 1024 328 ) (-1328 1024 328 ) (-1328 1024 640 ) (-1488 1024 640 ) 
4 1389 1425 0 (-1568 1024 328 ) (-1568 1024 603.076721 ) (-1568 1056 603.076721 ) (-1568 1056 328 ) 
4 1389 1392 2 (-1536 1056 328 ) (-1328 1056 328 ) (-1328 1024 328 ) (-1530.666748 1024 328 ) 
3 1389 1391 2 (-1568 1024 328 ) (-1568 1056 328 ) (-1557.333252 1024 328 ) 
4 1389 1390 2 (-1535.992676 1056 640 ) (-1568 1056 603.068359 ) (-1568 1024 603.068359 ) (-1535.992676 1024 640 ) 
3 1390 1554 0 (-1568 1024 640.076904 ) (-1568 1024 603.076721 ) (-1536 1024 640 ) 
4 1390 1425 0 (-1568 1024 603.076721 ) (-1568 1024 640.076904 ) (-1568 1056 640.076904 ) (-1568 1056 603.076721 ) 
4 1391 1555 0 (-1557.333252 1024 328 ) (-1568 1024 328 ) (-1568 1024 320 ) (-1557.333252 1024 320 ) 
4 1391 1425 0 (-1568 1024 320 ) (-1568 1024 328 ) (-1568 1056 328 ) (-1568 1056 320 ) 
3 1391 1419 0 (-1568 1024 320 ) (-1568 1056 320 ) (-1557.333252 1024 320 ) 
4 1392 1556 0 (-1520 1024 328 ) (-1530.666748 1024 328 ) (-1530.666748 1024 320 ) (-1520 1024 320 ) 
4 1392 1549 0 (-1488 1024 328 ) (-1520 1024 328 ) (-1520 1024 320 ) (-1488 1024 320 ) 
4 1392 1512 0 (-1088 1024 320 ) (-1088 1024 328 ) (-1488 1024 328 ) (-1472 1024 320 ) 
3 1392 1506 0 (-1488 1024 328 ) (-1488 1024 320 ) (-1472 1024 320 ) 
4 1393 1445 0 (-1168 1648 0 ) (-1168 1542 0 ) (-1520 1542 0 ) (-1520 1648 0 ) 
4 1393 1403 0 (-1413 1542 36 ) (-1410 1542 36 ) (-1410 1542 40 ) (-1413 1542 40 ) 
4 1393 1402 0 (-1422 1542 36 ) (-1419 1542 36 ) (-1419 1542 40 ) (-1422 1542 40 ) 
4 1393 1397 0 (-1278 1542 36 ) (-1275 1542 36 ) (-1275 1542 40 ) (-1278 1542 40 ) 
4 1393 1396 0 (-1269 1542 36 ) (-1266 1542 36 ) (-1266 1542 40 ) (-1269 1542 40 ) 
4 1393 1399 0 (-1410 1542 36 ) (-1278 1542 36 ) (-1278 1542 40 ) (-1410 1542 40 ) 
4 1393 1394 0 (-1266 1542 36 ) (-1168 1542 36 ) (-1168 1542 40 ) (-1266 1542 40 ) 
4 1393 1404 0 (-1520 1542 40 ) (-1520 1542 36 ) (-1422 1542 36 ) (-1422 1542 40 ) 
4 1393 1405 0 (-1520 1542 36 ) (-1520 1542 0 ) (-1168 1542 0 ) (-1168 1542 36 ) 
4 1394 1396 0 (-1266 1542 40 ) (-1266 1542 36 ) (-1266 1539 36 ) (-1266 1539 40 ) 
4 1394 1395 0 (-1266 1533 36 ) (-1266 1530 36 ) (-1266 1530 40 ) (-1266 1533 40 ) 
4 1394 1406 0 (-1266 1530 36 ) (-1168 1530 36 ) (-1168 1530 40 ) (-1266 1530 40 ) 
4 1394 1405 0 (-1168 1530 36 ) (-1266 1530 36 ) (-1266 1542 36 ) (-1168 1542 36 ) 
3 1395 1405 0 (-1266 1530 36 ) (-1269 1530 36 ) (-1266 1533 36 ) 
4 1395 1406 0 (-1269 1530 36 ) (-1266 1530 36 ) (-1266 1530 40 ) (-1269 1530 40 ) 
3 1396 1405 0 (-1269 1542 36 ) (-1266 1542 36 ) (-1266 1539 36 ) 
3 1397 1405 0 (-1278 1539 36 ) (-1278 1542 36 ) (-1275 1542 36 ) 
4 1397 1399 0 (-1278 1542 40 ) (-1278 1542 36 ) (-1278 1539 36 ) (-1278 1539 40 ) 
4 1398 1406 0 (-1278 1530 36 ) (-1275 1530 36 ) (-1275 1530 40 ) (-1278 1530 40 ) 
3 1398 1405 0 (-1275 1530 36 ) (-1278 1530 36 ) (-1278 1533 36 ) 
4 1398 1399 0 (-1278 1533 36 ) (-1278 1530 36 ) (-1278 1530 40 ) (-1278 1533 40 ) 
4 1399 1403 0 (-1410 1542 40 ) (-1410 1542 36 ) (-1410 1539 36 ) (-1410 1539 40 ) 
4 1399 1401 0 (-1410 1533 36 ) (-1410 1530 36 ) (-1410 1530 40 ) (-1410 1533 40 ) 
4 1399 1406 0 (-1410 1530 36 ) (-1278 1530 36 ) (-1278 1530 40 ) (-1410 1530 40 ) 
4 1399 1405 0 (-1278 1530 36 ) (-1410 1530 36 ) (-1410 1542 36 ) (-1278 1542 36 ) 
4 1400 1404 0 (-1422 1533 36 ) (-1422 1530 36 ) (-1422 1530 40 ) (-1422 1533 40 ) 
4 1400 1406 0 (-1422 1530 36 ) (-1419 1530 36 ) (-1419 1530 40 ) (-1422 1530 40 ) 
3 1400 1405 0 (-1419 1530 36 ) (-1422 1530 36 ) (-1422 1533 36 ) 
3 1401 1405 0 (-1410 1530 36 ) (-1413 1530 36 ) (-1410 1533 36 ) 
4 1401 1406 0 (-1413 1530 36 ) (-1410 1530 36 ) (-1410 1530 40 ) (-1413 1530 40 ) 
4 1402 1404 0 (-1422 1542 40 ) (-1422 1542 36 ) (-1422 1539 36 ) (-1422 1539 40 ) 
3 1402 1405 0 (-1422 1539 36 ) (-1422 1542 36 ) (-1419 1542 36 ) 
3 1403 1405 0 (-1413 1542 36 ) (-1410 1542 36 ) (-1410 1539 36 ) 
4 1404 1405 0 (-1422 1530 36 ) (-1520 1530 36 ) (-1520 1542 36 ) (-1422 1542 36 ) 
4 1404 1406 0 (-1520 1530 40 ) (-1520 1530 36 ) (-1422 1530 36 ) (-1422 1530 40 ) 
4 1405 1445 0 (-1168 1542 0 ) (-1168 1530 0 ) (-1520 1530 0 ) (-1520 1542 0 ) 
4 1405 1406 0 (-1520 1530 36 ) (-1520 1530 0 ) (-1168 1530 0 ) (-1168 1530 36 ) 
4 1406 1445 0 (-1168 1530 0 ) (-1168 1424 0 ) (-1520 1424 0 ) (-1520 1530 0 ) 
4 1407 1414 0 (-1136 1240 48 ) (-1136 1352 48 ) (-1120 1352 48 ) (-1120 1240 48 ) 
3 1407 1408 0 (-1136 1352 48 ) (-1136 1240 48 ) (-1136 1296 104 ) 
4 1408 1414 0 (-1264 1240 48 ) (-1264 1352 48 ) (-1136 1352 48 ) (-1136 1240 48 ) 
3 1408 1409 0 (-1264 1352 48 ) (-1264 1240 48 ) (-1264 1296 104 ) 
4 1409 1414 0 (-1280 1240 48 ) (-1280 1352 48 ) (-1264 1352 48 ) (-1264 1240 48 ) 
3 1409 1410 0 (-1280 1352 48 ) (-1280 1240 48 ) (-1280 1296 104 ) 
4 1410 1414 0 (-1408 1240 48 ) (-1408 1352 48 ) (-1280 1352 48 ) (-1280 1240 48 ) 
3 1410 1411 0 (-1408 1352 48 ) (-1408 1240 48 ) (-1408 1296 104 ) 
4 1411 1414 0 (-1424 1240 48 ) (-1424 1352 48 ) (-1408 1352 48 ) (-1408 1240 48 ) 
3 1411 1412 0 (-1424 1352 48 ) (-1424 1240 48 ) (-1424 1296 104 ) 
4 1412 1414 0 (-1552 1240 48 ) (-1552 1352 48 ) (-1424 1352 48 ) (-1424 1240 48 ) 
3 1412 1413 0 (-1552 1352 48 ) (-1552 1240 48 ) (-1552 1296 104 ) 
4 1413 1414 0 (-1568 1240 48 ) (-1568 1352 48 ) (-1552 1352 48 ) (-1552 1240 48 ) 
4 1414 1415 0 (-1568 1240 32 ) (-1568 1352 32 ) (-1120 1352 32 ) (-1120 1240 32 ) 
4 1415 1447 0 (-1568 1232 0 ) (-1568 1360 0 ) (-1120 1360 0 ) (-1120 1232 0 ) 
3 1415 1424 0 (-1568 1344 0 ) (-1568 1248 0 ) (-1568 1296 16 ) 
3 1416 1417 0 (-1424 1136 280 ) (-1424 1136 128 ) (-1120 1136 128 ) 
4 1417 1585 0 (-1424 1024 128 ) (-1424 1024 96 ) (-1104 1024 96 ) (-1104 1024 128 ) 
4 1417 1502 0 (-1424 1024 296 ) (-1424 1024 128 ) (-1104 1024 128 ) (-1104 1024 136 ) 
4 1417 1420 0 (-1104 1024 96 ) (-1424 1024 96 ) (-1424 1136 96 ) (-1104 1136 96 ) 
4 1417 1418 0 (-1424 1024 128 ) (-1424 1024 272 ) (-1424 1136 272 ) (-1424 1136 128 ) 
4 1418 1508 0 (-1440 1024 272 ) (-1440 1024 128 ) (-1424 1024 128 ) (-1424 1024 272 ) 
4 1419 1558 0 (-1557.333374 1024 320 ) (-1568 1024 320 ) (-1568 1024 215 ) (-1557.333374 1024 220.333344 ) 
4 1419 1425 0 (-1568 1024 215 ) (-1568 1024 320 ) (-1568 1056 320 ) (-1568 1056 215 ) 
4 1420 1589 0 (-1088 1024 64 ) (-1088 1024 96 ) (-1440 1024 96 ) (-1440 1024 64 ) 
4 1420 1590 0 (-1440 1024 0 ) (-1088 1024 0 ) (-1088 1024 64 ) (-1440 1024 64 ) 
4 1420 1471 0 (-1088 1024 0 ) (-1440 1024 0 ) (-1440 1152 0 ) (-1088 1152 0 ) 
4 1421 1437 0 (-1600 1088 400 ) (-1600 1056 400 ) (-1600 1056 625.882263 ) (-1600 1088 625.882202 ) 
4 1421 1434 0 (-1600 1096 400 ) (-1600 1088 400 ) (-1600 1088 625.882202 ) (-1600 1096 625.882202 ) 
4 1421 1425 2 (-1600 1056 625.882202 ) (-1600 1056 400 ) (-1568 1056 400 ) (-1568 1056 640 ) 
4 1421 1423 2 (-1584 1056 400 ) (-1600 1056 400 ) (-1600 1096 400 ) (-1584 1096 400 ) 
3 1422 1429 0 (-1600 1097 200.489365 ) (-1600 1472.002197 384.001099 ) (-1600 1097 196.499969 ) 
4 1422 1423 2 (-1584 1096 196 ) (-1584 1096 200 ) (-1600 1096 200 ) (-1600 1096 196 ) 
4 1423 1437 0 (-1600 1056 191 ) (-1600 1056 400 ) (-1600 1088 400 ) (-1600 1088 207 ) 
4 1423 1434 0 (-1600 1088 400 ) (-1600 1096 400 ) (-1600 1096 211 ) (-1600 1088 207 ) 
4 1423 1425 2 (-1600 1056 400 ) (-1600 1056 199 ) (-1584 1056 207 ) (-1584 1056 400 ) 
4 1424 1469 0 (-1600 1248 0 ) (-1600 1344 0 ) (-1568 1344 0 ) (-1568 1248 0 ) 
3 1424 1436 0 (-1600 1344 0 ) (-1600 1248 0 ) (-1600 1296 16 ) 
4 1425 1558 0 (-1568 1024 215 ) (-1568 1024 320 ) (-1600 1024 320 ) (-1600 1024 199 ) 
4 1425 1555 0 (-1568 1024 320 ) (-1568 1024 328 ) (-1600 1024 328 ) (-1600 1024 320 ) 
4 1425 1554 0 (-1568 1024 328 ) (-1568 1024 640 ) (-1600 1024 625.882263 ) (-1600 1024 328 ) 
4 1425 1439 0 (-1600 1024 199 ) (-1600 1024 625.882263 ) (-1600 1056 625.882263 ) (-1600 1056 199 ) 
4 1426 1428 0 (-1824 1456 176 ) (-1616 1456 176 ) (-1616 1456 336 ) (-1824 1456 336 ) 
4 1427 1625 0 (-2048 1472 336 ) (-2048 1472 176 ) (-2048 1456 176 ) (-2048 1456 336 ) 
4 1427 1428 0 (-2048 1456 336 ) (-2048 1456 176 ) (-1856 1456 176 ) (-1856 1456 336 ) 
3 1428 1626 0 (-2048 1456 344 ) (-2048 1456 176 ) (-2048 1120 176 ) 
4 1428 1432 0 (-1824 1456 176 ) (-1616 1456 176 ) (-1616 1120 176 ) (-1824 1120 176 ) 
4 1428 1433 0 (-2048 1120 176 ) (-2048 1456 176 ) (-1856 1456 176 ) (-1856 1120 176 ) 
4 1428 1430 0 (-1616 1456 344 ) (-1824 1456 344 ) (-1824 1120.002197 176 ) (-1616 1120.002197 176 ) 
4 1428 1431 0 (-1856 1456 344 ) (-2048 1456 344 ) (-2048 1120.002197 176 ) (-1856 1120.002197 176 ) 
4 1429 1624 0 (-2048 1456 376.170258 ) (-2048 1456 376 ) (-2048 1097 196.500000 ) (-2048 1097 200.489395 ) 
4 1430 1432 0 (-1824 1120 176 ) (-1616 1120 176 ) (-1616 1104 176 ) (-1824 1104 176 ) 
5 1431 1626 0 (-2048 1456 360 ) (-2048 1456 344 ) (-2048 1120 176 ) (-2048 1104 176 ) (-2048 1104 184 ) 
4 1431 1433 0 (-2048 1104 176 ) (-2048 1120 176 ) (-1856 1120 176 ) (-1856 1104 176 ) 
4 1432 1435 0 (-1824 1456 144 ) (-1616 1456 144 ) (-1616 1104 144 ) (-1824 1104 144 ) 
4 1433 1626 0 (-2048 1456 176 ) (-2048 1456 144 ) (-2048 1104 144 ) (-2048 1104 176 ) 
4 1433 1435 0 (-2048 1104 144 ) (-2048 1456 144 ) (-1856 1456 144 ) (-1856 1104 144 ) 
4 1434 1628 0 (-2048 1096 428.235229 ) (-2048 1096 211 ) (-2048 1088 207 ) (-2048 1088 428.235199 ) 
4 1434 1437 0 (-2048 1088 428.235229 ) (-2048 1088 207 ) (-1600 1088 207 ) (-1600 1088 625.882263 ) 
4 1435 1630 0 (-2048 1464 112 ) (-2048 1096 112 ) (-2048 1096 144 ) (-2048 1464 144 ) 
4 1435 1436 0 (-2048 1096 112 ) (-2048 1464 112 ) (-1608 1464 112 ) (-1608 1096 112 ) 
4 1436 1632 0 (-2048 1472 112 ) (-2048 1472 0 ) (-2048 1088 0 ) (-2048 1088 112 ) 
4 1436 1480 0 (-2048 1088 0 ) (-2048 1472 0 ) (-1600 1472 0 ) (-1600 1088 0 ) 
4 1436 1438 0 (-1920 1088 0 ) (-1824 1088 0 ) (-1824 1088 32 ) (-1920 1088 32 ) 
4 1437 1628 0 (-2048 1088 428.235229 ) (-2048 1088 207 ) (-2048 1056 191 ) (-2048 1056 428.235229 ) 
5 1437 1439 0 (-2048 1056 428.235229 ) (-2048 1056 191 ) (-1616 1056 191 ) (-1600 1056 199 ) (-1600 1056 625.882263 ) 
4 1438 1500 0 (-1824 1080 0 ) (-1824 1056 0 ) (-1920 1056 0 ) (-1920 1080 0 ) 
4 1438 1499 0 (-1920 1088 0 ) (-1824 1088 0 ) (-1824 1080 0 ) (-1920 1080 0 ) 
4 1438 1441 0 (-1920 1056 0 ) (-1824 1056 0 ) (-1824 1056 32 ) (-1920 1056 32 ) 
5 1439 1628 0 (-2048 1024 184 ) (-2048 1024 428.235229 ) (-2048 1056 428.235260 ) (-2048 1056 191 ) (-2048 1042 184 ) 
5 1439 1558 0 (-2048 1024 320 ) (-2048 1024 184 ) (-1630 1024 184 ) (-1600 1024 199 ) (-1600 1024 320 ) 
4 1439 1555 0 (-2048 1024 328 ) (-2048 1024 320 ) (-1600 1024 320 ) (-1600 1024 328 ) 
4 1439 1554 0 (-2048 1024 428.235260 ) (-2048 1024 328 ) (-1600 1024 328 ) (-1600 1024 625.882263 ) 
4 1439 1440 0 (-1630 1024 184 ) (-2048 1024 184 ) (-2048 1042 184 ) (-1630 1042 184 ) 
4 1440 1631 0 (-2048 1024 128 ) (-2048 1024 144 ) (-2048 1056 144 ) (-2048 1056 128 ) 
4 1440 1629 0 (-2048 1024 144 ) (-2048 1024 184 ) (-2048 1056 184 ) (-2048 1056 144 ) 
4 1440 1558 0 (-2048 1024 184 ) (-2048 1024 128 ) (-1742 1024 128 ) (-1630 1024 184 ) 
4 1440 1441 0 (-2048 1056 128 ) (-1742 1056 128 ) (-1742 1024 128 ) (-2048 1024 128 ) 
4 1441 1633 0 (-2048 1024 0 ) (-2048 1024 112 ) (-2048 1056 112 ) (-2048 1056 0 ) 
4 1441 1631 0 (-2048 1024 112 ) (-2048 1024 128 ) (-2048 1056 128 ) (-2048 1056 112 ) 
4 1441 1591 0 (-2048 1024 128 ) (-2048 1024 0 ) (-1728 1024 0 ) (-1728 1024 128 ) 
4 1441 1501 0 (-1728 1024 0 ) (-2048 1024 0 ) (-2048 1056 0 ) (-1728 1056 0 ) 
4 1442 1443 0 (-1040 1600 -128 ) (-1024 1600 -128 ) (-1024 1600 -16 ) (-1040 1600 -16 ) 
4 1443 1471 0 (-1024 1152 -128 ) (-1024 1152 0 ) (-1088 1152 0 ) (-1088 1152 -128 ) 
4 1443 1444 0 (-1088 1328 -128 ) (-1088 1264 -128 ) (-1088 1264 -16 ) (-1088 1328 -16 ) 
4 1444 1447 0 (-1120 1328 -128 ) (-1120 1264 -128 ) (-1120 1264 -16 ) (-1120 1328 -16 ) 
4 1445 1446 0 (-1392 1424 -128 ) (-1296 1424 -128 ) (-1296 1424 0 ) (-1392 1424 0 ) 
4 1446 1447 0 (-1392 1360 -128 ) (-1296 1360 -128 ) (-1296 1360 0 ) (-1392 1360 0 ) 
4 1447 1469 0 (-1568 1248 0 ) (-1568 1344 0 ) (-1568 1344 -128 ) (-1568 1248 -128 ) 
4 1447 1467 0 (-1568 1232 -128 ) (-1568 1360 -128 ) (-1536 1360 -128 ) (-1536 1232 -128 ) 
4 1448 1449 0 (-1216 1568 -224 ) (-1216 1568 -384 ) (-1024 1568 -384 ) (-1024 1568 -224 ) 
4 1449 1450 0 (-1344 1536 -224 ) (-1344 1536 -384 ) (-1024 1536 -384 ) (-1024 1536 -224 ) 
4 1450 1454 0 (-1184 1440 -192 ) (-1344 1440 -192 ) (-1344 1440 -384 ) (-1184 1440 -384 ) 
4 1450 1451 0 (-1024 1440 -192 ) (-1152 1440 -192 ) (-1152 1440 -224 ) (-1024 1440 -224 ) 
4 1450 1452 0 (-1152 1440 -224 ) (-1152 1440 -384 ) (-1024 1440 -384 ) (-1024 1440 -224 ) 
4 1451 1452 0 (-1152 1408 -224 ) (-1152 1440 -224 ) (-1024 1440 -224 ) (-1024 1408 -224 ) 
4 1452 1453 0 (-1152 1376 -224 ) (-1152 1376 -384 ) (-1024 1376 -384 ) (-1024 1376 -224 ) 
4 1453 1456 0 (-1024 1344 -192 ) (-1152 1344 -192 ) (-1152 1344 -224 ) (-1024 1344 -224 ) 
4 1453 1457 0 (-1152 1344 -224 ) (-1152 1344 -384 ) (-1024 1344 -384 ) (-1024 1344 -224 ) 
4 1454 1455 0 (-1184 1408 -384 ) (-1184 1408 -224 ) (-1344 1408 -224 ) (-1344 1408 -384 ) 
4 1456 1457 0 (-1280 1216 -224 ) (-1280 1344 -224 ) (-1024 1344 -224 ) (-1024 1216 -224 ) 
4 1457 1462 0 (-1120 1208 -384 ) (-1024 1208 -384 ) (-1024 1208 -382 ) (-1118 1208 -382 ) 
4 1457 1463 0 (-1280 1208 -382 ) (-1280 1208 -384 ) (-1120 1208 -384 ) (-1120 1208 -382 ) 
4 1457 1461 0 (-1280 1208 -290 ) (-1280 1208 -382 ) (-1120 1208 -382 ) (-1120 1208 -290 ) 
5 1457 1459 0 (-1118 1208 -290 ) (-1096 1208 -290 ) (-1096 1208 -224 ) (-1120 1208 -224 ) (-1120 1208 -288 ) 
4 1457 1458 0 (-1096 1208 -290 ) (-1024 1208 -290 ) (-1024 1208 -224 ) (-1096 1208 -224 ) 
4 1457 1460 0 (-1280 1208 -224 ) (-1280 1208 -290 ) (-1120 1208 -290 ) (-1120 1208 -224 ) 
4 1458 1464 0 (-1024 1184 -290 ) (-1120 1184 -290 ) (-1118 1186 -290 ) (-1024 1186 -290 ) 
5 1458 1459 0 (-1096 1208 -290 ) (-1118 1186 -290 ) (-1120 1184 -288 ) (-1120 1184 -224 ) (-1096 1208 -224 ) 
4 1459 1460 0 (-1120 1184 -288 ) (-1120 1184 -224 ) (-1120 1208 -224 ) (-1120 1208 -288 ) 
4 1460 1468 0 (-1232 1184 -290 ) (-1168 1184 -290 ) (-1168 1184 -272 ) (-1232 1184 -272 ) 
4 1460 1466 0 (-1120 1184 -290 ) (-1280 1184 -290 ) (-1280 1186 -290 ) (-1120 1186 -290 ) 
4 1460 1461 0 (-1280 1186 -290 ) (-1280 1208 -290 ) (-1120 1208 -290 ) (-1120 1186 -290 ) 
4 1461 1466 0 (-1120 1186 -290 ) (-1280 1186 -290 ) (-1280 1186 -382 ) (-1120 1186 -382 ) 
4 1461 1463 0 (-1120 1186 -382 ) (-1280 1186 -382 ) (-1280 1208 -382 ) (-1120 1208 -382 ) 
3 1462 1465 0 (-1120 1186 -384 ) (-1118 1186 -384 ) (-1118 1186 -382 ) 
4 1462 1464 0 (-1118 1186 -384 ) (-1024 1186 -384 ) (-1024 1186 -382 ) (-1118 1186 -382 ) 
4 1463 1466 0 (-1280 1186 -382 ) (-1280 1186 -384 ) (-1120 1186 -384 ) (-1120 1186 -382 ) 
3 1464 1465 0 (-1117.998779 1186 -381.998749 ) (-1117.998779 1186 -384 ) (-1120 1184 -384 ) 
4 1466 1468 0 (-1232 1184 -384 ) (-1168 1184 -384 ) (-1168 1184 -290 ) (-1232 1184 -290 ) 
4 1467 1469 0 (-1568 1248 -128 ) (-1568 1344 -128 ) (-1568 1344 -144 ) (-1568 1248 -144 ) 
4 1468 1470 0 (-1168 1152 -272 ) (-1232 1152 -272 ) (-1232 1152 -384 ) (-1168 1152 -384 ) 
4 1469 1482 0 (-1600 1248 -112 ) (-1600 1248 -40 ) (-1600 1344 -40 ) (-1600 1344 -112 ) 
4 1469 1483 0 (-1600 1248 -160 ) (-1600 1248 -112 ) (-1600 1344 -112 ) (-1600 1344 -160 ) 
4 1469 1481 0 (-1600 1248 -40 ) (-1600 1248 -24 ) (-1600 1344 -24 ) (-1600 1344 -40 ) 
4 1469 1480 0 (-1600 1248 -24 ) (-1600 1248 0 ) (-1600 1344 0 ) (-1600 1344 -24 ) 
5 1470 1596 0 (-1120 1024 -240 ) (-1184 1024 -208 ) (-1312 1024 -272 ) (-1312 1024 -384 ) (-1120 1024 -384 ) 
4 1471 1597 0 (-1312 1024 0 ) (-1440 1024 0 ) (-1440 1024 -128 ) (-1312 1024 -128 ) 
4 1471 1596 0 (-1088 1024 0 ) (-1312 1024 0 ) (-1312 1024 -128 ) (-1088 1024 -128 ) 
4 1471 1592 0 (-1024 1024 -128 ) (-1024 1024 0 ) (-1088 1024 0 ) (-1088 1024 -128 ) 
4 1471 1474 0 (-1312 1152 -128 ) (-1184 1152 -128 ) (-1184 1024 -128 ) (-1312 1024 -128 ) 
4 1471 1478 0 (-1440 1152 -128 ) (-1312 1152 -128 ) (-1312 1024 -128 ) (-1440 1024 -128 ) 
4 1471 1473 0 (-1184 1152 -128 ) (-1152 1152 -128 ) (-1152 1024 -128 ) (-1184 1024 -128 ) 
4 1471 1472 0 (-1152 1152 -128 ) (-1120 1152 -128 ) (-1120 1024 -128 ) (-1152 1024 -128 ) 
4 1472 1596 0 (-1120 1024 -128 ) (-1152 1024 -128 ) (-1152 1024 -144 ) (-1120 1024 -144 ) 
4 1472 1473 0 (-1152 1024 -144 ) (-1152 1024 -128 ) (-1152 1152 -128 ) (-1152 1152 -144 ) 
4 1473 1596 0 (-1152 1024 -128 ) (-1184 1024 -128 ) (-1184 1024 -160 ) (-1152 1024 -160 ) 
4 1473 1474 0 (-1184 1024 -160 ) (-1184 1024 -128 ) (-1184 1152 -128 ) (-1184 1152 -160 ) 
4 1474 1596 0 (-1184 1024 -128 ) (-1312 1024 -128 ) (-1312 1024 -176 ) (-1184 1024 -176 ) 
4 1474 1475 0 (-1280 1152 -176 ) (-1216 1152 -176 ) (-1216 1024 -176 ) (-1280 1024 -176 ) 
4 1474 1477 0 (-1312 1024 -176 ) (-1312 1152 -176 ) (-1280 1152 -176 ) (-1280 1024 -176 ) 
4 1474 1478 0 (-1312 1024 -176 ) (-1312 1024 -128 ) (-1312 1152 -128 ) (-1312 1152 -176 ) 
4 1475 1596 0 (-1216 1024 -192 ) (-1216 1024 -176 ) (-1280 1024 -176 ) (-1280 1024 -192 ) 
4 1475 1476 0 (-1280 1024 -192 ) (-1280 1152 -192 ) (-1248 1152 -192 ) (-1248 1024 -192 ) 
4 1475 1477 0 (-1280 1024 -192 ) (-1280 1024 -176 ) (-1280 1152 -176 ) (-1280 1152 -192 ) 
4 1476 1596 0 (-1248 1024 -192 ) (-1280 1024 -192 ) (-1280 1024 -208 ) (-1248 1024 -208 ) 
4 1476 1477 0 (-1280 1024 -208 ) (-1280 1024 -192 ) (-1280 1152 -192 ) (-1280 1152 -208 ) 
4 1477 1596 0 (-1312 1024 -176 ) (-1312 1024 -224 ) (-1280 1024 -224 ) (-1280 1024 -176 ) 
4 1477 1478 0 (-1312 1024 -224 ) (-1312 1024 -176 ) (-1312 1152 -176 ) (-1312 1152 -224 ) 
4 1478 1597 0 (-1312 1024 -128 ) (-1440 1024 -128 ) (-1440 1024 -240 ) (-1312 1024 -240 ) 
4 1479 1487 0 (-1900 1472 -150 ) (-1796 1472 -150 ) (-1796 1472 -64 ) (-1900 1472 -64 ) 
4 1480 1637 0 (-2048 1088 0 ) (-2048 1472 0 ) (-2048 1472 -24 ) (-2048 1088 -24 ) 
4 1480 1499 0 (-1824 1088 0 ) (-1920 1088 0 ) (-1920 1088 -24 ) (-1824 1088 -24 ) 
4 1480 1491 0 (-1602 1440 -24 ) (-1602 1432 -24 ) (-1776 1432 -24 ) (-1776 1440 -24 ) 
4 1480 1485 0 (-1776 1472 -24 ) (-1602 1472 -24 ) (-1602 1440 -24 ) (-1776 1440 -24 ) 
4 1480 1494 0 (-2048 1432 -24 ) (-2048 1472 -24 ) (-1920 1472 -24 ) (-1920 1432 -24 ) 
4 1480 1495 0 (-1602 1088 -24 ) (-2048 1088 -24 ) (-2048 1432 -24 ) (-1602 1432 -24 ) 
4 1480 1481 0 (-1600 1088 -24 ) (-1602 1088 -24 ) (-1602 1472 -24 ) (-1600 1472 -24 ) 
5 1481 1491 0 (-1602 1432 -24 ) (-1602 1440 -24 ) (-1602 1440 -40 ) (-1602 1436 -40 ) (-1602 1432 -32 ) 
3 1481 1490 0 (-1602 1436 -40 ) (-1602 1432 -40 ) (-1602 1432 -32 ) 
4 1481 1485 0 (-1602 1440 -24 ) (-1602 1472 -24 ) (-1602 1472 -40 ) (-1602 1440 -40 ) 
4 1481 1495 0 (-1602 1088 -24 ) (-1602 1432 -24 ) (-1602 1432 -40 ) (-1602 1088 -40 ) 
4 1481 1482 0 (-1602 1196 -40 ) (-1602 1472 -40 ) (-1600 1472 -40 ) (-1600 1196 -40 ) 
4 1481 1484 0 (-1600 1088 -40 ) (-1602 1088 -40 ) (-1602 1148 -40 ) (-1600 1148 -40 ) 
3 1482 1491 0 (-1602 1436 -40 ) (-1602 1440 -40 ) (-1602 1440 -48 ) 
5 1482 1490 0 (-1602 1440 -112 ) (-1602 1432 -112 ) (-1602 1432 -40 ) (-1602 1436 -40 ) (-1602 1440 -48 ) 
4 1482 1485 0 (-1602 1472 -40 ) (-1602 1472 -112 ) (-1602 1440 -112 ) (-1602 1440 -40 ) 
4 1482 1495 0 (-1602 1432 -112 ) (-1602 1196 -112 ) (-1602 1196 -40 ) (-1602 1432 -40 ) 
4 1482 1483 0 (-1602 1196 -112 ) (-1602 1472 -112 ) (-1600 1472 -112 ) (-1600 1196 -112 ) 
4 1483 1496 0 (-1602 1472 -152 ) (-1602 1472 -160 ) (-1602 1408 -160 ) (-1602 1408 -152 ) 
4 1483 1497 0 (-1602 1408 -160 ) (-1602 1148 -160 ) (-1602 1148 -152 ) (-1602 1408 -152 ) 
4 1483 1490 0 (-1602 1440 -152 ) (-1602 1432 -152 ) (-1602 1432 -112 ) (-1602 1440 -112 ) 
4 1483 1485 0 (-1602 1472 -112 ) (-1602 1472 -152 ) (-1602 1440 -152 ) (-1602 1440 -112 ) 
4 1483 1495 0 (-1602 1432 -152 ) (-1602 1148 -152 ) (-1602 1148 -112 ) (-1602 1432 -112 ) 
4 1483 1484 0 (-1602 1148 -112 ) (-1602 1148 -160 ) (-1600 1148 -160 ) (-1600 1148 -112 ) 
4 1484 1497 0 (-1602 1148 -160 ) (-1602 1088 -160 ) (-1602 1088 -152 ) (-1602 1148 -152 ) 
4 1484 1495 0 (-1602 1088 -152 ) (-1602 1088 -40 ) (-1602 1148 -40 ) (-1602 1148 -152 ) 
4 1485 1496 0 (-1760 1472 -152 ) (-1602 1472 -152 ) (-1602 1440 -152 ) (-1760 1440 -152 ) 
4 1485 1491 0 (-1602 1440 -48 ) (-1602 1440 -24 ) (-1776 1440 -24 ) (-1776 1440 -48 ) 
4 1485 1490 0 (-1776 1440 -152 ) (-1602 1440 -152 ) (-1602 1440 -48 ) (-1776 1440 -48 ) 
4 1485 1486 0 (-1776 1472 -152 ) (-1776 1440 -152 ) (-1776 1440 -32 ) (-1776 1472 -32 ) 
3 1486 1493 0 (-1776 1440 -48 ) (-1776 1440 -32 ) (-1784 1440 -48 ) 
4 1486 1490 0 (-1784 1440 -152 ) (-1776 1440 -152 ) (-1776 1440 -48 ) (-1784 1440 -48 ) 
4 1487 1488 0 (-1796 1448 -144 ) (-1796 1448 -64 ) (-1900 1448 -64 ) (-1900 1448 -144 ) 
4 1488 1490 0 (-1796 1440 -144 ) (-1796 1440 -64 ) (-1900 1440 -64 ) (-1900 1440 -144 ) 
3 1489 1492 0 (-1920 1440 -32 ) (-1920 1440 -48 ) (-1912 1440 -48 ) 
4 1489 1490 0 (-1920 1440 -48 ) (-1920 1440 -152 ) (-1912 1440 -152 ) (-1912 1440 -48 ) 
4 1489 1494 0 (-1920 1472 -152 ) (-1920 1440 -152 ) (-1920 1440 -32 ) (-1920 1472 -32 ) 
4 1490 1496 0 (-1602 1440 -152 ) (-1602 1432 -152 ) (-1760 1432 -152 ) (-1760 1440 -152 ) 
4 1490 1493 0 (-1776 1440 -48.003159 ) (-1784.001587 1440 -48.003159 ) (-1776.001587 1432 -32.003155 ) (-1776 1432 -32.003155 ) 
4 1490 1492 0 (-1911.998535 1440 -48.003159 ) (-1920 1440 -48.003159 ) (-1920 1432 -32.003159 ) (-1919.998535 1432 -32.003159 ) 
4 1490 1491 0 (-1602 1440 -48.003159 ) (-1776 1440 -48.003159 ) (-1776 1432 -32.003155 ) (-1602 1432 -32.003147 ) 
4 1490 1495 0 (-1920 1432 -152 ) (-1602 1432 -152 ) (-1602 1432 -32 ) (-1920 1432 -32 ) 
4 1490 1494 0 (-1920 1440 -152 ) (-1920 1432 -152 ) (-1920 1432 -32 ) (-1920 1440 -48 ) 
3 1491 1493 0 (-1776 1440 -32 ) (-1776 1440 -48 ) (-1776 1432 -32 ) 
4 1491 1495 0 (-1602 1432 -32 ) (-1602 1432 -24 ) (-1776 1432 -24 ) (-1776 1432 -32 ) 
3 1492 1494 0 (-1920 1432 -32 ) (-1920 1440 -32 ) (-1920 1440 -48 ) 
4 1494 1637 0 (-2048 1472 -24 ) (-2048 1472 -152 ) (-2048 1432 -152 ) (-2048 1432 -24 ) 
4 1494 1498 0 (-2048 1472 -152 ) (-1936 1472 -152 ) (-1936 1432 -152 ) (-2048 1432 -152 ) 
4 1494 1495 0 (-2048 1432 -152 ) (-1920 1432 -152 ) (-1920 1432 -24 ) (-2048 1432 -24 ) 
4 1495 1637 0 (-2048 1432 -152 ) (-2048 1088 -152 ) (-2048 1088 -24 ) (-2048 1432 -24 ) 
4 1495 1499 0 (-1824 1088 -24 ) (-1920 1088 -24 ) (-1920 1088 -144 ) (-1824 1088 -144 ) 
4 1495 1496 0 (-1602 1432 -152 ) (-1602 1408 -152 ) (-1760 1408 -152 ) (-1760 1432 -152 ) 
4 1495 1497 0 (-1602 1408 -152 ) (-1602 1088 -152 ) (-1936 1088 -152 ) (-1936 1408 -152 ) 
4 1495 1498 0 (-1936 1088 -152 ) (-2048 1088 -152 ) (-2048 1432 -152 ) (-1936 1432 -152 ) 
4 1496 1497 0 (-1760 1408 -160 ) (-1602 1408 -160 ) (-1602 1408 -152 ) (-1760 1408 -152 ) 
4 1497 1498 0 (-1936 1088 -152 ) (-1936 1408 -152 ) (-1936 1408 -160 ) (-1936 1088 -160 ) 
4 1498 1637 0 (-2048 1472 -152 ) (-2048 1472 -160 ) (-2048 1088 -160 ) (-2048 1088 -152 ) 
4 1499 1500 0 (-1920 1080 0 ) (-1920 1080 -128 ) (-1824 1080 -128 ) (-1824 1080 0 ) 
4 1500 1501 0 (-1824 1056 -128 ) (-1824 1056 0 ) (-1920 1056 0 ) (-1920 1056 -128 ) 
4 1501 1640 0 (-2048 1024 -512 ) (-2048 1024 0 ) (-2048 1056 0 ) (-2048 1056 -512 ) 
4 1501 1617 0 (-2048 1024 -272 ) (-2048 1024 -512 ) (-1728 1024 -512 ) (-1728 1024 -272 ) 
4 1501 1615 0 (-2048 1024 0 ) (-2048 1024 -64 ) (-1728 1024 -64 ) (-1728 1024 0 ) 
4 1501 1616 0 (-2048 1024 -64 ) (-2048 1024 -272 ) (-1728 1024 -272 ) (-1728 1024 -64 ) 
4 1502 1585 0 (-1424 1024 128 ) (-1104 1024 128 ) (-1104 848 128 ) (-1424 848 128 ) 
4 1502 1508 0 (-1424 1024 128 ) (-1424 848 128 ) (-1424 848 272 ) (-1424 1024 272 ) 
3 1502 1503 0 (-1424 848 280 ) (-1424 848 128 ) (-1120 848 128 ) 
3 1503 1504 0 (-1424 816 280 ) (-1424 816 128 ) (-1120 816 128 ) 
4 1504 1586 0 (-1104 816 128 ) (-1104 528 128 ) (-1424 528 128 ) (-1424 816 128 ) 
4 1504 1509 0 (-1424 816 128 ) (-1424 528 128 ) (-1424 528 272 ) (-1424 816 272 ) 
3 1504 1505 0 (-1424 528 280 ) (-1424 528 128 ) (-1120 528 128 ) 
4 1506 1549 0 (-1488 960 328 ) (-1488 1024 328 ) (-1488 1024 320 ) (-1488 960 320 ) 
4 1506 1512 0 (-1488 1024 328 ) (-1488 960 328 ) (-1472.001709 960 320 ) (-1472.001709 1024 320 ) 
4 1507 1550 0 (-1488 696 328 ) (-1488 792 328 ) (-1488 792 312 ) (-1488 696 312 ) 
4 1507 1543 0 (-1488 928 328 ) (-1488 544 328 ) (-1440.001709 544 304 ) (-1440.001709 928 304 ) 
4 1510 1516 0 (-1328 960 658.461609 ) (-1024 960 658.461609 ) (-1024 960 880 ) (-1328 960 880 ) 
4 1510 1513 0 (-1024 960 880 ) (-1024 960 960 ) (-1328 960 960 ) (-1328 960 880 ) 
5 1510 1511 2 (-1328 1024 640 ) (-1328 975.997375 640 ) (-1328 960 658.458496 ) (-1328 960 880 ) (-1328 1024 880 ) 
4 1510 1512 0 (-1328 1024 640 ) (-1024 1024 640 ) (-1024 976 640 ) (-1328 976 640 ) 
5 1511 1547 0 (-1488 1024 695.384583 ) (-1488 1024 640 ) (-1488 976 640 ) (-1488 960 658.461609 ) (-1488 960 695.384583 ) 
4 1511 1516 0 (-1488 960 695.384583 ) (-1488 960 658.461609 ) (-1328 960 658.461609 ) (-1328 960 880 ) 
4 1511 1512 0 (-1488 976 640 ) (-1488 1024 640 ) (-1328 1024 640 ) (-1328 976 640 ) 
4 1512 1549 0 (-1488 1024 640 ) (-1488 1024 328 ) (-1488 960 328 ) (-1488 960 640 ) 
4 1512 1517 0 (-1152 960 544 ) (-1200 960 544 ) (-1200 960 480 ) (-1152 960 480 ) 
4 1513 1578 0 (-1184 512 960 ) (-1258.533325 512 960 ) (-1327.866577 512 880 ) (-1184 512 880 ) 
4 1513 1576 0 (-1258.533325 512 960 ) (-1328 512 960 ) (-1328 512 880 ) (-1327.866577 512 880 ) 
4 1513 1560 0 (-1024 512 880 ) (-1024 512 960 ) (-1184 512 960 ) (-1184 512 880 ) 
4 1513 1516 0 (-1328 768 880 ) (-1328 960 880 ) (-1024 960 880 ) (-1024 768 880 ) 
4 1513 1514 0 (-1024 512 880 ) (-1328 512 880 ) (-1328 704 880 ) (-1024 704 880 ) 
5 1514 1578 0 (-1184 512 880 ) (-1328 512 880 ) (-1488 512 695.384583 ) (-1488 512 658.461548 ) (-1184 512 658.461548 ) 
4 1514 1560 0 (-1024 512 658.461548 ) (-1024 512 880 ) (-1184 512 880 ) (-1184 512 658.461548 ) 
3 1514 1548 0 (-1488 512 658.461548 ) (-1488 512 695.230835 ) (-1488 543.866699 695.230835 ) 
4 1514 1546 0 (-1488 512 695.230835 ) (-1488 512 695.384583 ) (-1488 544 695.384583 ) (-1488 543.866699 695.230835 ) 
4 1514 1515 0 (-1488 543.867859 695.230896 ) (-1488 544 695.383362 ) (-1327.998901 704.001099 880 ) (-1327.866821 704.001099 880 ) 
4 1515 1546 0 (-1488 543.866699 695.230835 ) (-1488 544 695.384583 ) (-1488 960 695.384583 ) (-1488 960 695.230835 ) 
3 1516 1547 0 (-1488 928.133362 695.230835 ) (-1488 960 695.230835 ) (-1488 960 658.461609 ) 
4 1517 1522 0 (-1200 928 512 ) (-1200 928 480 ) (-1152 928 480 ) (-1152 928 512 ) 
4 1517 1518 0 (-1152 928 544 ) (-1200 928 544 ) (-1200 928 512 ) (-1152 928 512 ) 
4 1518 1543 0 (-1408 928 544 ) (-1408 928 512 ) (-1408 544 512 ) (-1408 544 544 ) 
4 1518 1520 0 (-1144 928 512 ) (-1080 928 512 ) (-1080 546 512 ) (-1144 546 512 ) 
4 1518 1519 0 (-1080 928 512 ) (-1024 928 512 ) (-1024 544 512 ) (-1080 544 512 ) 
4 1518 1522 0 (-1408 544 512 ) (-1408 928 512 ) (-1144 928 512 ) (-1144 544 512 ) 
4 1519 1520 0 (-1080 928 400 ) (-1080 546 400 ) (-1080 546 512 ) (-1080 928 512 ) 
4 1519 1521 0 (-1080 928 400 ) (-1024 928 400 ) (-1024 544 400 ) (-1080 544 400 ) 
4 1520 1522 0 (-1144 546 512 ) (-1144 928 512 ) (-1144 928 400 ) (-1144 546 400 ) 
4 1520 1521 0 (-1144 546 400 ) (-1144 928 400 ) (-1080 928 400 ) (-1080 546 400 ) 
4 1521 1533 0 (-1144 664 346.399628 ) (-1144 808 346.399597 ) (-1088 808 352 ) (-1088 664 352 ) 
4 1521 1523 0 (-1024 544 358.399689 ) (-1088 544 352 ) (-1088 928 352 ) (-1024 928 358.399597 ) 
4 1521 1522 0 (-1144 928 346.397339 ) (-1144 544 346.397339 ) (-1144 544 400 ) (-1144 928 400 ) 
4 1522 1543 0 (-1408 928 512 ) (-1408 928 320 ) (-1408 544 320 ) (-1408 544 512 ) 
4 1522 1534 0 (-1408 664 320 ) (-1408 808 320 ) (-1280 808 332.799591 ) (-1280 664 332.799622 ) 
4 1522 1533 0 (-1280 808 332.799591 ) (-1144 808 346.399597 ) (-1144 664 346.399628 ) (-1280 664 332.799622 ) 
4 1523 1533 0 (-1088 664 352.003937 ) (-1088 808 352.003937 ) (-1088 808 336 ) (-1088 664 336 ) 
4 1524 1526 0 (-1084 548 296 ) (-1084 924 296 ) (-1024 924 296 ) (-1024 548 296 ) 
4 1524 1525 0 (-1084 812 296 ) (-1084 660 296 ) (-1084 660 320 ) (-1084 812 320 ) 
4 1525 1533 0 (-1088 664 320 ) (-1088 808 320 ) (-1088 808 296 ) (-1088 664 296 ) 
4 1525 1526 0 (-1088 664 296 ) (-1088 808 296 ) (-1084 812 296 ) (-1084 660 296 ) 
4 1526 1538 0 (-1088 808 240 ) (-1088 808 160 ) (-1088 664 160 ) (-1088 664 240 ) 
4 1526 1533 0 (-1088 664 296 ) (-1088 808 296 ) (-1088 808 240 ) (-1088 664 240 ) 
4 1526 1530 0 (-1080 544 160 ) (-1088 544 160 ) (-1088 664 160 ) (-1080 664 160 ) 
4 1526 1529 0 (-1088 808 160 ) (-1088 928 160 ) (-1080 928 160 ) (-1080 808 160 ) 
4 1526 1528 0 (-1048 544 160 ) (-1080 544 160 ) (-1080 928 160 ) (-1048 928 160 ) 
4 1526 1527 0 (-1024 544 160 ) (-1048 544 160 ) (-1048 928 160 ) (-1024 928 160 ) 
4 1527 1531 0 (-1048 816 144 ) (-1048 928 144 ) (-1048 928 128 ) (-1048 816 128 ) 
4 1527 1532 0 (-1048 544 128 ) (-1048 544 144 ) (-1048 656 144 ) (-1048 656 128 ) 
4 1527 1528 0 (-1048 544 144 ) (-1048 544 160 ) (-1048 928 160 ) (-1048 928 144 ) 
4 1528 1531 0 (-1080 928 144 ) (-1048 928 144 ) (-1048 816 144 ) (-1080 816 144 ) 
4 1528 1532 0 (-1048 656 144 ) (-1048 544 144 ) (-1080 544 144 ) (-1080 656 144 ) 
4 1528 1530 0 (-1080 664 144 ) (-1080 544 144 ) (-1080 544 160 ) (-1080 664 160 ) 
4 1528 1529 0 (-1080 928 144 ) (-1080 808 144 ) (-1080 808 160 ) (-1080 928 160 ) 
4 1529 1531 0 (-1088 816 144 ) (-1088 928 144 ) (-1080 928 144 ) (-1080 816 144 ) 
4 1530 1532 0 (-1088 544 144 ) (-1088 656 144 ) (-1080 656 144 ) (-1080 544 144 ) 
4 1533 1539 0 (-1120 664 240 ) (-1248 664 240 ) (-1248 808 240 ) (-1120 808 240 ) 
4 1533 1538 0 (-1088 664 240 ) (-1120 664 240 ) (-1120 808 240 ) (-1088 808 240 ) 
4 1533 1535 0 (-1280 808 304 ) (-1280 808 256 ) (-1280 664 256 ) (-1280 664 304 ) 
4 1533 1534 0 (-1280 808 332.798523 ) (-1280 808 304 ) (-1280 664 304 ) (-1280 664 332.799957 ) 
4 1534 1543 0 (-1408 664 304 ) (-1408 664 320 ) (-1408 808 320 ) (-1408 808 304 ) 
4 1534 1536 0 (-1376 808 304 ) (-1312 808 304 ) (-1312 664 304 ) (-1376 664 304 ) 
4 1534 1535 0 (-1312 808 304 ) (-1280 808 304 ) (-1280 664 304 ) (-1312 664 304 ) 
4 1535 1537 0 (-1312 664 272 ) (-1312 664 288 ) (-1312 808 288 ) (-1312 808 272 ) 
4 1535 1536 0 (-1312 664 288 ) (-1312 664 304 ) (-1312 808 304 ) (-1312 808 288 ) 
4 1536 1537 0 (-1344 808 288 ) (-1312 808 288 ) (-1312 664 288 ) (-1344 664 288 ) 
4 1538 1540 0 (-1120 808 224 ) (-1120 808 176 ) (-1120 664 176 ) (-1120 664 224 ) 
4 1538 1539 0 (-1120 664 240 ) (-1120 808 240 ) (-1120 808 224 ) (-1120 664 224 ) 
4 1539 1541 0 (-1216 808 224 ) (-1152 808 224 ) (-1152 664 224 ) (-1216 664 224 ) 
4 1539 1540 0 (-1152 808 224 ) (-1120 808 224 ) (-1120 664 224 ) (-1152 664 224 ) 
4 1540 1542 0 (-1152 664 192 ) (-1152 664 208 ) (-1152 808 208 ) (-1152 808 192 ) 
4 1540 1541 0 (-1152 664 208 ) (-1152 664 224 ) (-1152 808 224 ) (-1152 808 208 ) 
4 1541 1542 0 (-1184 808 208 ) (-1152 808 208 ) (-1152 664 208 ) (-1184 664 208 ) 
4 1543 1550 0 (-1488 792 328 ) (-1488 696 328 ) (-1488 696 488 ) (-1488 792 488 ) 
4 1544 1559 0 (-1520 664 239 ) (-1520 664 240 ) (-1520 824 240 ) (-1520 824 239 ) 
3 1544 1545 0 (-1520 664 240 ) (-1520 664 239 ) (-1518 664 240 ) 
4 1545 1559 0 (-1520 512 239 ) (-1520 512 240 ) (-1520 664 240 ) (-1520 664 239 ) 
3 1546 1548 0 (-1488 543.875244 695.240662 ) (-1488 512 695.240662 ) (-1519.874023 512 658.461548 ) 
4 1546 1547 0 (-1520 960.125977 658.316162 ) (-1520 1024 658.316162 ) (-1488 1024 695.240662 ) (-1488 928.124878 695.240662 ) 
4 1547 1553 0 (-1520 960.133423 658.307617 ) (-1520 1024 658.307617 ) (-1520 1024 640 ) (-1520 976 640 ) 
4 1547 1549 0 (-1520 976 640 ) (-1520 1024 640 ) (-1488 1024 640 ) (-1488 976 640 ) 
3 1548 1578 0 (-1488 512 658.461548 ) (-1488 512 695.230835 ) (-1519.866577 512 658.461548 ) 
4 1549 1556 0 (-1520 1024 328 ) (-1520 1024 320 ) (-1520 960 320 ) (-1520 960 328 ) 
4 1549 1554 0 (-1520 960 640 ) (-1520 1024 640 ) (-1520 1024 328 ) (-1520 960 328 ) 
4 1550 1551 0 (-1496 792 488 ) (-1496 792 328 ) (-1496 696 328 ) (-1496 696 488 ) 
4 1551 1554 0 (-1520 696 328 ) (-1520 696 488 ) (-1520 792 488 ) (-1520 792 328 ) 
4 1552 1553 0 (-1535.873413 976 640 ) (-1535.873413 1024 640 ) (-1520 1024 658.315491 ) (-1520 960.126587 658.315491 ) 
4 1553 1554 0 (-1535.866699 1024 640 ) (-1520 1024 640 ) (-1520 976 640 ) (-1535.866699 976 640 ) 
4 1554 1650 0 (-2048 1024 428.235229 ) (-2048 1024 328 ) (-2048 512 328 ) (-2048 512 428.235229 ) 
4 1554 1582 0 (-1520 512 328 ) (-1520 512 400 ) (-2048 512 400 ) (-2048 512 328 ) 
4 1554 1581 0 (-1568 512 640 ) (-2048 512 428.235229 ) (-2048 512 400 ) (-1568 512 400 ) 
4 1554 1579 0 (-1520 512 400 ) (-1520 512 640 ) (-1568 512 640 ) (-1568 512 400 ) 
3 1554 1556 2 (-1530.666748 1024 328 ) (-1520 1024 328 ) (-1520 960 328 ) 
4 1554 1555 2 (-2048 1024 328 ) (-1557.333252 1024 328 ) (-1536 960 328 ) (-2048 960 328 ) 
4 1554 1557 2 (-1520 960 328 ) (-1520 512 328 ) (-2048 512 328 ) (-2048 960 328 ) 
4 1555 1650 0 (-2048 1024 328 ) (-2048 1024 320 ) (-2048 960 320 ) (-2048 960 328 ) 
4 1555 1558 0 (-2048 1024 320 ) (-1557.333252 1024 320 ) (-1536 960 320 ) (-2048 960 320 ) 
4 1555 1557 2 (-2048 960 320 ) (-1536 960 320 ) (-1536 960 328 ) (-2048 960 328 ) 
4 1557 1650 0 (-2048 960 320 ) (-2048 512 320 ) (-2048 512 328 ) (-2048 960 328 ) 
4 1557 1582 0 (-1520 512 320 ) (-1520 512 328 ) (-2048 512 328 ) (-2048 512 320 ) 
4 1557 1559 0 (-1520 960 320 ) (-1520 512 320 ) (-2048 512 320 ) (-2048 960 320 ) 
4 1558 1651 0 (-2048 1024 256 ) (-2048 1024 128 ) (-2048 960 128 ) (-2048 960 256 ) 
4 1558 1650 0 (-2048 1024 320 ) (-2048 1024 256 ) (-2048 960 256 ) (-2048 960 320 ) 
4 1558 1591 0 (-2048 960 128 ) (-2048 1024 128 ) (-1742 1024 128 ) (-1742 960 128 ) 
5 1558 1559 2 (-2048 960 128 ) (-1742 960 128 ) (-1536 960 231 ) (-1536 960 320 ) (-2048 960 320 ) 
4 1559 1651 0 (-2048 960 128 ) (-2048 512 128 ) (-2048 512 256 ) (-2048 960 256 ) 
4 1559 1650 0 (-2048 512 256 ) (-2048 512 320 ) (-2048 960 320 ) (-2048 960 256 ) 
4 1559 1591 0 (-2048 512 128 ) (-2048 960 128 ) (-1742 960 128 ) (-1742 512 128 ) 
4 1559 1583 0 (-2048 512 128 ) (-1742 512 128 ) (-1726 512 136 ) (-2048 512 136 ) 
5 1559 1582 0 (-1726 512 136 ) (-1520 512 239 ) (-1520 512 320 ) (-2048 512 320 ) (-2048 512 136 ) 
5 1560 1578 2 (-1184 512 960 ) (-1184 512 658.461548 ) (-1184 496 640 ) (-1184 320 640 ) (-1184 320 960 ) 
4 1560 1561 0 (-1024 0 640 ) (-1184 0 640 ) (-1184 496 640 ) (-1024 496 640 ) 
4 1561 1579 2 (-1184 512 640 ) (-1184 512 528 ) (-1184 320 528 ) (-1184 320 640 ) 
4 1561 1563 0 (-1184 506 528 ) (-1184 512 528 ) (-1168 512 528 ) (-1168 506 528 ) 
4 1561 1562 0 (-1056 512 528 ) (-1024 512 528 ) (-1024 506 528 ) (-1056 506 528 ) 
4 1561 1564 0 (-1024 0 528 ) (-1184 0 528 ) (-1184 506 528 ) (-1024 506 528 ) 
4 1562 1567 0 (-1024 509 512 ) (-1024 506 512 ) (-1056 506 512 ) (-1056 509 512 ) 
4 1562 1565 0 (-1056 512 512 ) (-1024 512 512 ) (-1024 509 512 ) (-1056 509 512 ) 
4 1562 1564 0 (-1056 506 512 ) (-1024 506 512 ) (-1024 506 528 ) (-1056 506 528 ) 
4 1563 1579 2 (-1184 512 528 ) (-1184 512 512 ) (-1184 506 512 ) (-1184 506 528 ) 
4 1563 1570 0 (-1184 509 512 ) (-1184 512 512 ) (-1168 512 512 ) (-1168 509 512 ) 
4 1563 1571 0 (-1184 506 512 ) (-1184 509 512 ) (-1168 509 512 ) (-1168 506 512 ) 
4 1563 1564 0 (-1184 506 512 ) (-1168 506 512 ) (-1168 506 528 ) (-1184 506 528 ) 
4 1564 1579 2 (-1184 506 512 ) (-1184 320 512 ) (-1184 320 528 ) (-1184 506 528 ) 
4 1564 1571 0 (-1152 0 512 ) (-1184 0 512 ) (-1184 506 512 ) (-1152 506 512 ) 
4 1564 1567 0 (-1024 0 512 ) (-1152 0 512 ) (-1152 506 512 ) (-1024 506 512 ) 
4 1565 1569 0 (-1056 509 400 ) (-1040 509 400 ) (-1040 509 448 ) (-1056 509 448 ) 
4 1565 1568 0 (-1040 509 400 ) (-1024 509 400 ) (-1024 509 448 ) (-1040 509 448 ) 
4 1565 1567 0 (-1024 509 448 ) (-1024 509 512 ) (-1056 509 512 ) (-1056 509 448 ) 
4 1566 1569 0 (-1144 509 400 ) (-1080 509 400 ) (-1080 509 448 ) (-1144 509 448 ) 
4 1566 1567 0 (-1080 509 448 ) (-1080 509 512 ) (-1144 509 512 ) (-1144 509 448 ) 
4 1567 1571 0 (-1152 0 448 ) (-1152 0 512 ) (-1152 509 512 ) (-1152 509 448 ) 
4 1567 1569 0 (-1152 32 448 ) (-1152 509 448 ) (-1040 509 448 ) (-1040 32 448 ) 
4 1567 1568 0 (-1024 0 448 ) (-1040 0 448 ) (-1040 509 448 ) (-1024 509 448 ) 
4 1568 1569 0 (-1040 32 448 ) (-1040 509 448 ) (-1040 509 400 ) (-1040 32 400 ) 
4 1569 1574 0 (-1152 256 400 ) (-1152 240 400 ) (-1152 240 448 ) (-1152 256 448 ) 
4 1569 1573 0 (-1152 368 400 ) (-1152 352 400 ) (-1152 352 448 ) (-1152 368 448 ) 
4 1569 1575 0 (-1152 144 400 ) (-1152 128 400 ) (-1152 128 448 ) (-1152 144 448 ) 
4 1569 1572 0 (-1152 480 400 ) (-1152 464 400 ) (-1152 464 448 ) (-1152 480 448 ) 
4 1570 1579 2 (-1184 512 512 ) (-1184 512 448 ) (-1184 509 448 ) (-1184 509 512 ) 
4 1570 1571 0 (-1184 509 448 ) (-1168 509 448 ) (-1168 509 512 ) (-1184 509 512 ) 
4 1571 1579 2 (-1184 509 448 ) (-1184 320 448 ) (-1184 320 512 ) (-1184 509 512 ) 
4 1571 1574 0 (-1184 240 448 ) (-1184 256 448 ) (-1152 256 448 ) (-1152 240 448 ) 
4 1571 1573 0 (-1184 352 448 ) (-1184 368 448 ) (-1152 368 448 ) (-1152 352 448 ) 
4 1571 1575 0 (-1184 128 448 ) (-1184 144 448 ) (-1152 144 448 ) (-1152 128 448 ) 
4 1571 1572 0 (-1184 464 448 ) (-1184 480 448 ) (-1152 480 448 ) (-1152 464 448 ) 
4 1572 1579 2 (-1184 480 400 ) (-1184 464 400 ) (-1184 464 448 ) (-1184 480 448 ) 
4 1573 1579 2 (-1184 368 400 ) (-1184 352 400 ) (-1184 352 448 ) (-1184 368 448 ) 
4 1576 1578 0 (-1258.542480 357.270844 960 ) (-1328 392 879.856018 ) (-1328 512 879.856018 ) (-1258.542480 512 960 ) 
5 1577 1578 0 (-1328 392 879.856018 ) (-1535.873413 495.937500 640 ) (-1535.873413 496 640 ) (-1519.873535 512 658.461548 ) (-1328 512 879.856018 ) 
3 1578 1580 2 (-1535.866577 495.934174 640 ) (-1503.998413 480 640 ) (-1503.998413 480 676.770935 ) 
4 1578 1579 0 (-1184 320 640 ) (-1535.866577 495.933319 640 ) (-1535.866577 496 640 ) (-1184 496 640 ) 
3 1579 1582 2 (-1568 512 400 ) (-1520 512 400 ) (-1529.599976 492.800018 400 ) 
4 1579 1580 2 (-1567.998047 512 640 ) (-1567.998047 512 400 ) (-1503.998413 480 400 ) (-1503.998413 480 640 ) 
4 1580 1582 2 (-1568 512 400 ) (-1529.599976 492.800018 400 ) (-1536 480 400 ) (-1568 480 400 ) 
4 1580 1581 2 (-1568 512 640 ) (-1568 512 400 ) (-1568 480 400 ) (-1568 480 640 ) 
4 1581 1650 0 (-2048 512 428.235199 ) (-2048 512 400 ) (-2048 480 400 ) (-2048 480 428.235199 ) 
4 1581 1582 2 (-2048 480 400 ) (-2048 512 400 ) (-1568 512 400 ) (-1568 480 400 ) 
4 1582 1651 0 (-2048 512 256 ) (-2048 512 136 ) (-2048 480 136 ) (-2048 480 256 ) 
4 1582 1650 0 (-2048 480 400 ) (-2048 512 400 ) (-2048 512 256 ) (-2048 480 256 ) 
4 1582 1583 2 (-2048 480 136 ) (-2048 512 136 ) (-1726 512 136 ) (-1726 480 136 ) 
4 1583 1652 0 (-2048 480 128 ) (-2048 474.666687 128 ) (-2048 474.666687 136 ) (-2048 480 136 ) 
4 1583 1651 0 (-2048 512 136 ) (-2048 512 128 ) (-2048 480 128 ) (-2048 480 136 ) 
4 1583 1591 0 (-2048 474.666687 128 ) (-2048 512 128 ) (-1742 512 128 ) (-1742 449.166687 128 ) 
4 1584 1587 0 (-1072 896 96 ) (-1072 1024 96 ) (-1024 1024 96 ) (-1024 896 96 ) 
4 1585 1589 0 (-1424 848 96 ) (-1424 1024 96 ) (-1104 1024 96 ) (-1104 848 96 ) 
4 1586 1589 0 (-1424 528 96 ) (-1424 816 96 ) (-1104 816 96 ) (-1104 528 96 ) 
4 1587 1592 0 (-1088 880 0 ) (-1088 1024 0 ) (-1024 1024 0 ) (-1024 880 0 ) 
4 1587 1589 0 (-1088 880 64 ) (-1088 880 96 ) (-1088 1024 96 ) (-1088 1024 64 ) 
4 1587 1590 0 (-1088 1024 0 ) (-1088 880 0 ) (-1088 880 64 ) (-1088 1024 64 ) 
4 1588 1595 0 (-1088 32 0 ) (-1088 160 0 ) (-1024 160 0 ) (-1024 32 0 ) 
4 1589 1590 0 (-1088 512 64 ) (-1440 512 64 ) (-1440 1024 64 ) (-1088 1024 64 ) 
4 1590 1605 0 (-1696 512 0 ) (-1696 1024 0 ) (-1440 1024 0 ) (-1440 512 0 ) 
4 1590 1599 0 (-1312 960 0 ) (-1312 512 0 ) (-1440 512 0 ) (-1440 960 0 ) 
4 1590 1598 0 (-1312 992 0 ) (-1312 960 0 ) (-1440 960 0 ) (-1440 992 0 ) 
4 1590 1597 0 (-1440 1024 0 ) (-1312 1024 0 ) (-1312 992 0 ) (-1440 992 0 ) 
4 1590 1596 0 (-1312 1024 0 ) (-1088 1024 0 ) (-1088 512 0 ) (-1312 512 0 ) 
4 1591 1652 0 (-2048 474.666656 128 ) (-2048 480 128 ) (-2048 480 0 ) (-2048 474.666687 0 ) 
4 1591 1651 0 (-2048 480 128 ) (-2048 1024 128 ) (-2048 1024 0 ) (-2048 480 0 ) 
4 1591 1615 0 (-2048 474.666656 0 ) (-2048 1024 0 ) (-1728 1024 0 ) (-1728 448 0 ) 
4 1592 1596 0 (-1088 880 0 ) (-1088 1024 0 ) (-1088 1024 -128 ) (-1088 880 -128 ) 
4 1593 1596 0 (-1088 512 -128 ) (-1088 512 -64 ) (-1088 704 -64 ) (-1088 704 -128 ) 
4 1593 1594 0 (-1024 512 -128 ) (-1088 512 -128 ) (-1088 704 -128 ) (-1024 704 -128 ) 
4 1594 1596 0 (-1088 512 -384 ) (-1088 512 -128 ) (-1088 704 -128 ) (-1088 704 -384 ) 
4 1596 1602 0 (-1312 512 -368 ) (-1312 512 -352 ) (-1312 640 -352 ) (-1312 640 -368 ) 
4 1596 1601 0 (-1312 512 -352 ) (-1312 512 -304 ) (-1312 640 -304 ) (-1312 640 -352 ) 
4 1596 1600 0 (-1312 512 -304 ) (-1312 512 -288 ) (-1312 928 -288 ) (-1312 928 -304 ) 
4 1596 1599 0 (-1312 512 -288 ) (-1312 512 0 ) (-1312 960 0 ) (-1312 960 -288 ) 
4 1596 1598 0 (-1312 960 0 ) (-1312 992 0 ) (-1312 992 -272 ) (-1312 960 -272 ) 
4 1596 1597 0 (-1312 992 0 ) (-1312 1024 0 ) (-1312 1024 -256 ) (-1312 992 -256 ) 
4 1597 1605 0 (-1440 992 0 ) (-1440 1024 0 ) (-1440 1024 -256 ) (-1440 992 -256 ) 
4 1597 1598 0 (-1440 992 0 ) (-1440 992 -256 ) (-1312 992 -256 ) (-1312 992 0 ) 
4 1598 1605 0 (-1440 960 0 ) (-1440 992 0 ) (-1440 992 -272 ) (-1440 960 -272 ) 
4 1598 1599 0 (-1440 960 0 ) (-1440 960 -272 ) (-1312 960 -272 ) (-1312 960 0 ) 
4 1599 1605 0 (-1440 512 0 ) (-1440 960 0 ) (-1440 960 -288 ) (-1440 512 -288 ) 
4 1599 1600 0 (-1312 512 -288 ) (-1440 512 -288 ) (-1440 928 -288 ) (-1312 928 -288 ) 
4 1600 1605 0 (-1440 928 -304 ) (-1440 512 -304 ) (-1440 512 -288 ) (-1440 928 -288 ) 
4 1600 1604 0 (-1440 512 -304 ) (-1440 640 -304 ) (-1408 640 -304 ) (-1408 512 -304 ) 
4 1600 1603 0 (-1408 640 -304 ) (-1376 640 -304 ) (-1376 512 -304 ) (-1408 512 -304 ) 
4 1600 1601 0 (-1376 640 -304 ) (-1312 640 -304 ) (-1312 512 -304 ) (-1376 512 -304 ) 
4 1601 1603 0 (-1376 640 -304 ) (-1376 640 -336 ) (-1376 512 -336 ) (-1376 512 -304 ) 
4 1601 1602 0 (-1312 512 -352 ) (-1344 512 -352 ) (-1344 640 -352 ) (-1312 640 -352 ) 
4 1603 1604 0 (-1408 640 -304 ) (-1408 640 -320 ) (-1408 512 -320 ) (-1408 512 -304 ) 
4 1605 1612 0 (-1696 688 -272 ) (-1696 688 -288 ) (-1696 592 -288 ) (-1696 592 -272 ) 
4 1605 1611 0 (-1696 688 -112 ) (-1696 688 -272 ) (-1696 592 -272 ) (-1696 592 -112 ) 
4 1605 1610 0 (-1696 848 -288 ) (-1696 848 -272 ) (-1696 944 -272 ) (-1696 944 -288 ) 
4 1605 1609 0 (-1696 848 -272 ) (-1696 848 -112 ) (-1696 944 -112 ) (-1696 944 -272 ) 
4 1606 1613 0 (-1696 352 -64 ) (-1696 448 -64 ) (-1696 448 -320 ) (-1696 352 -320 ) 
4 1606 1607 0 (-1584 352 -272 ) (-1584 352 -64 ) (-1680 352 -64 ) (-1680 352 -272 ) 
4 1606 1608 0 (-1696 352 -320 ) (-1680 352 -320 ) (-1680 352 -64 ) (-1696 352 -64 ) 
4 1607 1608 0 (-1680 352 -64 ) (-1680 352 -272 ) (-1680 320 -272 ) (-1680 320 -64 ) 
4 1608 1614 0 (-1696 320 -64 ) (-1696 352 -64 ) (-1696 352 -272 ) (-1696 320 -272 ) 
4 1609 1616 0 (-1728 848 -272 ) (-1728 848 -112 ) (-1728 944 -112 ) (-1728 944 -272 ) 
4 1609 1610 0 (-1696 848 -272 ) (-1704 848 -272 ) (-1704 944 -272 ) (-1696 944 -272 ) 
4 1611 1616 0 (-1728 688 -112 ) (-1728 688 -272 ) (-1728 592 -272 ) (-1728 592 -112 ) 
4 1611 1612 0 (-1696 592 -272 ) (-1704 592 -272 ) (-1704 688 -272 ) (-1696 688 -272 ) 
4 1613 1618 0 (-1728 448 -272 ) (-1728 448 -320 ) (-1728 352 -320 ) (-1728 352 -272 ) 
4 1613 1616 0 (-1728 352 -64 ) (-1728 448 -64 ) (-1728 448 -272 ) (-1728 352 -272 ) 
4 1613 1614 0 (-1696 352 -272 ) (-1696 352 -64 ) (-1728 352 -64 ) (-1728 352 -272 ) 
4 1614 1616 0 (-1728 320 -64 ) (-1728 352 -64 ) (-1728 352 -272 ) (-1728 320 -272 ) 
4 1615 1654 0 (-2048 474.666687 0 ) (-2048 480 0 ) (-2048 480 -64 ) (-2048 474.666687 -64 ) 
4 1615 1653 0 (-2048 480 0 ) (-2048 1024 0 ) (-2048 1024 -64 ) (-2048 480 -64 ) 
4 1615 1616 2 (-2048 474.666687 -64 ) (-2048 1024 -64 ) (-1728 1024 -64 ) (-1728 448 -64 ) 
4 1616 1655 0 (-2048 480 -272 ) (-2048 320 -272 ) (-2048 320 -64 ) (-2048 480 -64 ) 
4 1616 1653 0 (-2048 1024 -64 ) (-2048 1024 -272 ) (-2048 480 -272 ) (-2048 480 -64 ) 
4 1616 1621 0 (-2016 320 -272 ) (-2032 320 -272 ) (-2032 352 -272 ) (-2016 352 -272 ) 
4 1616 1620 0 (-1904 320 -272 ) (-1920 320 -272 ) (-1920 352 -272 ) (-1904 352 -272 ) 
4 1616 1619 0 (-1792 320 -272 ) (-1808 320 -272 ) (-1808 352 -272 ) (-1792 352 -272 ) 
4 1616 1618 0 (-1728 448 -272 ) (-1728 352 -272 ) (-2048 352 -272 ) (-2048 448 -272 ) 
4 1616 1617 0 (-2048 1024 -272 ) (-1728 1024 -272 ) (-1728 448 -272 ) (-2048 448 -272 ) 
4 1617 1658 0 (-2048 1024 -320 ) (-2048 1024 -512 ) (-2048 448 -512 ) (-2048 448 -320 ) 
4 1617 1656 0 (-2048 448 -272 ) (-2048 1024 -272 ) (-2048 1024 -320 ) (-2048 448 -320 ) 
4 1617 1618 0 (-1728 448 -320 ) (-1728 448 -272 ) (-2048 448 -272 ) (-2048 448 -320 ) 
4 1618 1656 0 (-2048 352 -272 ) (-2048 448 -272 ) (-2048 448 -320 ) (-2048 352 -320 ) 
4 1618 1621 0 (-2016 352 -272 ) (-2032 352 -272 ) (-2032 352 -320 ) (-2016 352 -320 ) 
4 1618 1620 0 (-1904 352 -272 ) (-1920 352 -272 ) (-1920 352 -320 ) (-1904 352 -320 ) 
4 1618 1619 0 (-1792 352 -272 ) (-1808 352 -272 ) (-1808 352 -320 ) (-1792 352 -320 ) 
4 1622 1623 0 (-1024 -32 0 ) (-1024 -160 0 ) (-1088 -160 0 ) (-1088 -32 0 ) 
4 1625 1626 0 (-2048 1456 176 ) (-2048 1456 336 ) (-2064 1456 336 ) (-2064 1456 176 ) 
4 1626 1630 0 (-2064 1456 144 ) (-2048 1456 144 ) (-2048 1104 144 ) (-2064 1104 144 ) 
3 1626 1627 0 (-2064 1456 344 ) (-2064 1456 176 ) (-2064 1120 176 ) 
4 1628 1651 0 (-2048 1024 184 ) (-2048 1024 256 ) (-2112 1024 256 ) (-2112 1024 184 ) 
4 1628 1650 0 (-2048 1024 256 ) (-2048 1024 428.235229 ) (-2112 1024 400 ) (-2112 1024 256 ) 
5 1628 1636 2 (-2112 1024 184 ) (-2112 1024 256 ) (-2112 1056 256 ) (-2112 1056 191 ) (-2112 1042 184 ) 
4 1628 1629 0 (-2048 1024 184 ) (-2112 1024 184 ) (-2112 1042 184 ) (-2048 1042 184 ) 
4 1629 1651 0 (-2048 1024 144 ) (-2048 1024 184 ) (-2112 1024 184 ) (-2112 1024 144 ) 
4 1629 1636 2 (-2112 1056 144 ) (-2112 1024 144 ) (-2112 1024 184 ) (-2112 1056 184 ) 
4 1629 1635 0 (-2080 1024 144 ) (-2112 1024 144 ) (-2112 1056 144 ) (-2080 1056 144 ) 
4 1629 1631 0 (-2048 1024 144 ) (-2080 1024 144 ) (-2080 1056 144 ) (-2048 1056 144 ) 
4 1630 1632 0 (-2072 1464 112 ) (-2048 1464 112 ) (-2048 1096 112 ) (-2072 1096 112 ) 
4 1631 1651 0 (-2048 1024 112 ) (-2048 1024 144 ) (-2080 1024 144 ) (-2080 1024 112 ) 
4 1631 1635 0 (-2080 1024 112 ) (-2080 1024 144 ) (-2080 1056 144 ) (-2080 1056 112 ) 
4 1631 1633 0 (-2048 1024 112 ) (-2080 1024 112 ) (-2080 1056 112 ) (-2048 1056 112 ) 
4 1632 1637 0 (-2080 1088 0 ) (-2080 1472 0 ) (-2048 1472 0 ) (-2048 1088 0 ) 
4 1632 1634 0 (-2080 1328 0 ) (-2080 1232 0 ) (-2080 1232 32 ) (-2080 1328 32 ) 
4 1633 1651 0 (-2048 1024 0 ) (-2048 1024 112 ) (-2080 1024 112 ) (-2080 1024 0 ) 
4 1633 1640 0 (-2048 1024 0 ) (-2080 1024 0 ) (-2080 1056 0 ) (-2048 1056 0 ) 
4 1633 1635 0 (-2080 1056 0 ) (-2080 1024 0 ) (-2080 1024 112 ) (-2080 1056 112 ) 
4 1634 1638 0 (-2112 1232 0 ) (-2112 1328 0 ) (-2080 1328 0 ) (-2080 1232 0 ) 
4 1635 1651 0 (-2080 1024 144 ) (-2112 1024 144 ) (-2112 1024 0 ) (-2080 1024 0 ) 
4 1635 1640 0 (-2080 1024 0 ) (-2112 1024 0 ) (-2112 1056 0 ) (-2080 1056 0 ) 
4 1635 1636 2 (-2112 1056 0 ) (-2112 1024 0 ) (-2112 1024 144 ) (-2112 1056 144 ) 
4 1636 1651 0 (-2240 1024 256 ) (-2240 1024 0 ) (-2112 1024 0 ) (-2112 1024 256 ) 
4 1636 1641 0 (-2112 1024 0 ) (-2240 1024 0 ) (-2240 1056 0 ) (-2112 1056 0 ) 
4 1637 1639 0 (-2080 1328 -128 ) (-2080 1328 -144 ) (-2080 1232 -144 ) (-2080 1232 -128 ) 
4 1637 1638 0 (-2080 1232 0 ) (-2080 1328 0 ) (-2080 1328 -128 ) (-2080 1232 -128 ) 
4 1638 1639 0 (-2080 1232 -128 ) (-2088 1232 -128 ) (-2088 1328 -128 ) (-2080 1328 -128 ) 
4 1640 1658 0 (-2048 1024 -512 ) (-2048 1024 -320 ) (-2112 1024 -320 ) (-2112 1024 -512 ) 
4 1640 1656 0 (-2048 1024 -320 ) (-2048 1024 -272 ) (-2112 1024 -272 ) (-2112 1024 -320 ) 
4 1640 1653 0 (-2048 1024 -272 ) (-2048 1024 0 ) (-2112 1024 0 ) (-2112 1024 -272 ) 
4 1640 1646 0 (-2112 1024 -320 ) (-2112 1024 -272 ) (-2112 1056 -272 ) (-2112 1056 -320 ) 
4 1640 1644 0 (-2112 1024 -272 ) (-2112 1024 -112 ) (-2112 1056 -112 ) (-2112 1056 -272 ) 
4 1640 1641 0 (-2112 1024 -112 ) (-2112 1024 0 ) (-2112 1056 0 ) (-2112 1056 -112 ) 
4 1641 1653 0 (-2112 1024 0 ) (-2240 1024 0 ) (-2240 1024 -112 ) (-2112 1024 -112 ) 
4 1641 1645 2 (-2120 1024 -112 ) (-2240 1024 -112 ) (-2240 1056 -112 ) (-2120 1056 -112 ) 
4 1641 1644 2 (-2112 1056 -112 ) (-2112 1024 -112 ) (-2120 1024 -112 ) (-2120 1056 -112 ) 
4 1642 1645 0 (-2120 1424 -112 ) (-2120 1424 -128 ) (-2120 1328 -128 ) (-2120 1328 -112 ) 
4 1642 1643 0 (-2120 1328 -128 ) (-2120 1424 -128 ) (-2112 1424 -128 ) (-2112 1328 -128 ) 
4 1643 1646 0 (-2112 1424 -272 ) (-2112 1232 -272 ) (-2120 1232 -272 ) (-2120 1424 -272 ) 
4 1643 1645 0 (-2120 1424 -128 ) (-2120 1424 -272 ) (-2120 1232 -272 ) (-2120 1232 -128 ) 
4 1643 1644 0 (-2120 1232 -128 ) (-2120 1232 -272 ) (-2112 1232 -272 ) (-2112 1232 -128 ) 
4 1644 1653 0 (-2120 1024 -272 ) (-2112 1024 -272 ) (-2112 1024 -112 ) (-2120 1024 -112 ) 
4 1644 1646 0 (-2112 1232 -272 ) (-2112 1024 -272 ) (-2120 1024 -272 ) (-2120 1232 -272 ) 
4 1644 1645 0 (-2120 1232 -272 ) (-2120 1024 -272 ) (-2120 1024 -112 ) (-2120 1232 -112 ) 
4 1645 1653 0 (-2240 1024 -272 ) (-2120 1024 -272 ) (-2120 1024 -112 ) (-2240 1024 -112 ) 
4 1645 1648 0 (-2240 1200 -272 ) (-2240 1216 -272 ) (-2208 1216 -272 ) (-2208 1200 -272 ) 
4 1645 1649 0 (-2240 1088 -272 ) (-2240 1104 -272 ) (-2208 1104 -272 ) (-2208 1088 -272 ) 
4 1645 1647 0 (-2240 1312 -272 ) (-2240 1328 -272 ) (-2208 1328 -272 ) (-2208 1312 -272 ) 
4 1645 1646 0 (-2120 1024 -272 ) (-2208 1024 -272 ) (-2208 1424 -272 ) (-2120 1424 -272 ) 
4 1646 1656 0 (-2112 1024 -320 ) (-2112 1024 -272 ) (-2208 1024 -272 ) (-2208 1024 -320 ) 
4 1646 1648 0 (-2208 1200 -272 ) (-2208 1216 -272 ) (-2208 1216 -320 ) (-2208 1200 -320 ) 
4 1646 1649 0 (-2208 1088 -272 ) (-2208 1104 -272 ) (-2208 1104 -320 ) (-2208 1088 -320 ) 
4 1646 1647 0 (-2208 1312 -272 ) (-2208 1328 -272 ) (-2208 1328 -320 ) (-2208 1312 -320 ) 
4 1650 1651 2 (-2048 480 256 ) (-2112 480 256 ) (-2112 1024 256 ) (-2048 1024 256 ) 
4 1651 1653 0 (-2240 1024 0 ) (-2048 1024 0 ) (-2048 480 0 ) (-2240 480 0 ) 
4 1651 1652 2 (-2112 480 0 ) (-2048 480 0 ) (-2048 480 136 ) (-2112 480 136 ) 
3 1652 1654 0 (-2112 480 0 ) (-2048 480 0 ) (-2048 474.666687 0 ) 
4 1653 1663 0 (-2240 528 -272 ) (-2240 544 -272 ) (-2208 544 -272 ) (-2208 528 -272 ) 
4 1653 1661 0 (-2240 752 -272 ) (-2240 768 -272 ) (-2208 768 -272 ) (-2208 752 -272 ) 
4 1653 1662 0 (-2240 640 -272 ) (-2240 656 -272 ) (-2208 656 -272 ) (-2208 640 -272 ) 
4 1653 1660 0 (-2240 864 -272 ) (-2240 880 -272 ) (-2208 880 -272 ) (-2208 864 -272 ) 
4 1653 1659 0 (-2240 976 -272 ) (-2240 992 -272 ) (-2208 992 -272 ) (-2208 976 -272 ) 
4 1653 1656 0 (-2208 1024 -272 ) (-2048 1024 -272 ) (-2048 480 -272 ) (-2208 480 -272 ) 
4 1653 1654 2 (-2112 480 -64 ) (-2048 480 -64 ) (-2048 480 0 ) (-2112 480 0 ) 
4 1653 1655 2 (-2240 480 -64 ) (-2240 480 -272 ) (-2048 480 -272 ) (-2048 480 -64 ) 
3 1654 1655 2 (-2112 480 -64 ) (-2048 480 -64 ) (-2048 474.666687 -64 ) 
4 1655 1664 0 (-2240 416 -272 ) (-2240 432 -272 ) (-2208 432 -272 ) (-2208 416 -272 ) 
4 1655 1657 0 (-2128 320 -272 ) (-2144 320 -272 ) (-2144 352 -272 ) (-2128 352 -272 ) 
4 1655 1656 0 (-2208 480 -272 ) (-2048 480 -272 ) (-2048 352 -272 ) (-2208 352 -272 ) 
4 1656 1664 0 (-2208 416 -272 ) (-2208 432 -272 ) (-2208 432 -320 ) (-2208 416 -320 ) 
4 1656 1663 0 (-2208 528 -272 ) (-2208 544 -272 ) (-2208 544 -320 ) (-2208 528 -320 ) 
4 1656 1661 0 (-2208 752 -272 ) (-2208 768 -272 ) (-2208 768 -320 ) (-2208 752 -320 ) 
4 1656 1662 0 (-2208 640 -272 ) (-2208 656 -272 ) (-2208 656 -320 ) (-2208 640 -320 ) 
4 1656 1660 0 (-2208 864 -272 ) (-2208 880 -272 ) (-2208 880 -320 ) (-2208 864 -320 ) 
4 1656 1659 0 (-2208 976 -272 ) (-2208 992 -272 ) (-2208 992 -320 ) (-2208 976 -320 ) 
4 1656 1658 0 (-2112 1024 -320 ) (-2048 1024 -320 ) (-2048 448 -320 ) (-2112 448 -320 ) 
4 1656 1657 0 (-2144 352 -320 ) (-2128 352 -320 ) (-2128 352 -272 ) (-2144 352 -272 ) 
3 0 (2317 2177 80 ) (2317 2048 80 ) (2317 2048 144.500000 ) 
3 0 (2477 2048 144.500000 ) (2477 2048 80 ) (2477 2177 80 ) 
4 0 (2477 2176.998047 80 ) (2317 2176.998047 80 ) (2317 2048 144.499023 ) (2477 2048 144.501297 ) 
4 1 (2317 2433 0 ) (2317 2048 0 ) (2317 2048 80 ) (2317 2273 80 ) 
4 1 (2477 2273 80 ) (2477 2048 80 ) (2477 2048 0 ) (2477 2433 0 ) 
4 1 (2477 2177 80 ) (2477 2273 80 ) (2317 2273 80 ) (2317 2177 80 ) 
4 1 (2317 2433.002441 0 ) (2317 2273 80 ) (2477 2273 80 ) (2477 2433 0 ) 
4 2 (2071 2170 12 ) (2077 2170 12 ) (2077 2170 16 ) (2071 2170 16 ) 
4 2 (2136 2170 12 ) (2136 2336 12 ) (2136 2336 16 ) (2136 2170 16 ) 
4 2 (2068 2336 16 ) (2136 2336 16 ) (2136 2336 12 ) (2068 2336 12 ) 
4 2 (2068 2170 16 ) (2136 2170 16 ) (2136 2336 16 ) (2068 2336 16 ) 
4 3 (2080 2167 12 ) (2080 2161 12 ) (2080 2161 16 ) (2080 2167 16 ) 
4 3 (2080 2170 16 ) (2080 2048 16 ) (2136 2048 16 ) (2136 2170 16 ) 
4 3 (2136 2170 12 ) (2136 2170 16 ) (2136 2048 16 ) (2136 2048 12 ) 
4 4 (2071.001953 2158 16 ) (2071.001953 2158 12 ) (2068 2161.001953 12 ) (2068 2161.001953 16 ) 
3 4 (2071 2158 16 ) (2068 2161 16 ) (2068 2158 16 ) 
4 5 (2068 2167 16 ) (2068 2167 12 ) (2071 2170 12 ) (2071 2170 16 ) 
3 5 (2071 2170 16 ) (2068 2170 16 ) (2068 2167 16 ) 
4 6 (2080 2161 16 ) (2080 2161 12 ) (2077 2158 12 ) (2077 2158 16 ) 
3 6 (2077 2158 16 ) (2080 2158 16 ) (2080 2161 16 ) 
3 7 (2080 2167 16 ) (2080 2170 16 ) (2077 2170 16 ) 
4 7 (2077 2170 16 ) (2077 2170 12 ) (2080 2167 12 ) (2080 2167 16 ) 
4 8 (2074.998779 2158 16 ) (2074 2158 15 ) (2074 2048 15 ) (2074.998779 2048 16 ) 
4 8 (2080 2158 16 ) (2075 2158 16 ) (2075 2048 16 ) (2080 2048 16 ) 
4 8 (2075 2158 16 ) (2077 2158 16 ) (2077 2158 12 ) (2071 2158 12 ) 
4 9 (2071 2158 16 ) (2073 2158 16 ) (2074 2158 15 ) (2071 2158 12 ) 
4 9 (2073 2158 16 ) (2068 2158 16 ) (2068 2048 16 ) (2073 2048 16 ) 
4 9 (2074 2048 15 ) (2074 2158 15 ) (2073 2158 16 ) (2073 2048 16 ) 
4 10 (2068 2167 16 ) (2068 2161 16 ) (2068 2161 12 ) (2068 2167 12 ) 
4 10 (2048 2048 16 ) (2068 2048 16 ) (2068 2336 16 ) (2048 2336 16 ) 
4 10 (2068 2336 16 ) (2068 2336 12 ) (2048 2336 12 ) (2048 2336 16 ) 
8 11 (2071 2158 12 ) (2077 2158 12 ) (2080 2161 12 ) (2080 2167 12 ) (2077 2170 12 ) (2071 2170 12 ) (2068 2167 12 ) (2068 2161 12 ) 
4 11 (2136 2336 12 ) (2136 2336 0 ) (2048 2336 0 ) (2048 2336 12 ) 
4 11 (2136 2336 12 ) (2136 2048 12 ) (2136 2048 0 ) (2136 2336 0 ) 
5 12 (2718 2536 -32 ) (2718 2538 -32 ) (2725 2545 -32 ) (2733 2537 -32 ) (2725 2529 -32 ) 
3 12 (2718 2538 -32 ) (2718 2545 -32 ) (2725 2545 -32 ) 
5 12 (2725 2513 -32 ) (2718 2520 -32 ) (2718 2522 -32 ) (2733 2537 -32 ) (2733 2521 -32 ) 
3 12 (2725 2513 -32 ) (2718 2513 -32 ) (2718 2520 -32 ) 
3 12 (2718 2529 -1 ) (2718 2528 0 ) (2718 2530 0 ) 
4 12 (2813 2609 0 ) (2813 2513 0 ) (2813 2513 -32 ) (2813 2609 -32 ) 
4 12 (2718 2513 0 ) (2813 2513 0 ) (2813 2609 0 ) (2718 2609 0 ) 
4 12 (2718 2609 0 ) (2813 2609 0 ) (2813 2609 -32 ) (2718 2609 -32 ) 
3 13 (2718 2538 -32 ) (2718 2536 -32 ) (2717 2537 -32 ) 
5 13 (2701 2537 -32 ) (2709 2545 -32 ) (2718 2545 -32 ) (2718 2538 -32 ) (2709 2529 -32 ) 
3 13 (2718 2522 -32 ) (2718 2520 -32 ) (2717 2521 -32 ) 
5 13 (2718 2513 -32 ) (2709 2513 -32 ) (2701 2521 -32 ) (2701 2537 -32 ) (2718 2520 -32 ) 
4 13 (2718 2527.992432 0 ) (2718 2528.996338 -1.003738 ) (2076 2529 -1 ) (2076 2528 0 ) 
4 13 (2718 2513 0 ) (2718 2528 0 ) (2477 2528 0 ) (2477 2513 0 ) 
4 13 (2477 2513 0 ) (2477 2528 0 ) (2317 2528 0 ) (2317 2513 0 ) 
4 13 (2317 2513 0 ) (2317 2528 0 ) (2136 2528 0 ) (2136 2513 0 ) 
4 13 (2076 2528 0 ) (2076 2513 0 ) (2136 2513 0 ) (2136 2528 0 ) 
4 14 (2076 2530 0 ) (2136 2530 0 ) (2136 2609 0 ) (2076 2609 0 ) 
4 14 (2317 2530 0 ) (2317 2609 0 ) (2136 2609 0 ) (2136 2530 0 ) 
4 14 (2477 2530 0 ) (2477 2609 0 ) (2317 2609 0 ) (2317 2530 0 ) 
4 14 (2718 2530 0 ) (2718 2609 0 ) (2477 2609 0 ) (2477 2530 0 ) 
4 14 (2076 2609 0 ) (2718 2609 0 ) (2718 2609 -32 ) (2076 2609 -32 ) 
4 14 (2076 2530 0 ) (2076 2528.997559 -1.002349 ) (2718 2528.997559 -1.002349 ) (2718 2530 0 ) 
3 15 (2076 2530 0 ) (2076 2528 0 ) (2076 2529 -1 ) 
4 15 (2048 2609 0 ) (2076 2609 0 ) (2076 2609 -32 ) (2048 2609 -32 ) 
4 15 (2076 2513 0 ) (2076 2609 0 ) (2048 2609 0 ) (2048 2513 0 ) 
4 16 (2733 2537 -35 ) (2733 2521 -35 ) (2733 2521 -32 ) (2733 2537 -32 ) 
4 16 (2733 2609 -32 ) (2813 2609 -32 ) (2813 2609 -35 ) (2733 2609 -35 ) 
4 16 (2813 2513 -32 ) (2813 2513 -35 ) (2813 2609 -35 ) (2813 2609 -32 ) 
4 17 (2709 2545 -35 ) (2725 2545 -35 ) (2725 2545 -32 ) (2709 2545 -32 ) 
4 17 (2701 2609 -32 ) (2733 2609 -32 ) (2733 2609 -35 ) (2701 2609 -35 ) 
4 18 (2733 2521 -32 ) (2733 2521 -35 ) (2725 2513 -35 ) (2725 2513 -32 ) 
4 19 (2709 2513 -35 ) (2701 2521 -35 ) (2701 2521 -32 ) (2709 2513 -32 ) 
4 20 (2701.001953 2537.001953 -32 ) (2701.001953 2537.001953 -35 ) (2709 2545 -35 ) (2709 2545 -32 ) 
4 21 (2725.001465 2544.998535 -32 ) (2725.001465 2544.998535 -35 ) (2732.998535 2537.001465 -35 ) (2732.998535 2537.001465 -32 ) 
4 22 (2717 2537 -32 ) (2717 2537 -35 ) (2709.001953 2529.001953 -35 ) (2709.001953 2529.001953 -32 ) 
4 22 (2725 2529 -32 ) (2717.001953 2521.001953 -32 ) (2717.001953 2521.001953 -35 ) (2725 2529 -35 ) 
4 22 (2717 2521 -32 ) (2709 2529 -32 ) (2709 2529 -35 ) (2717 2521 -35 ) 
4 22 (2724.998535 2529.001465 -32 ) (2724.998535 2529.001465 -35 ) (2717.001465 2536.998535 -35 ) (2717.001465 2536.998535 -32 ) 
4 23 (2701 2537 -32 ) (2701 2521 -32 ) (2701 2521 -35 ) (2701 2537 -35 ) 
4 23 (2048 2609 -32 ) (2701 2609 -32 ) (2701 2609 -35 ) (2048 2609 -35 ) 
4 24 (2048 2609 -35 ) (2813 2609 -35 ) (2813 2609 -192 ) (2048 2609 -192 ) 
4 24 (2725 2529 -35 ) (2733 2537 -35 ) (2725 2545 -35 ) (2717 2537 -35 ) 
4 24 (2725 2545 -35 ) (2709 2545 -35 ) (2701 2537 -35 ) (2709 2529 -35 ) 
4 24 (2733 2521 -35 ) (2733 2537 -35 ) (2717 2521 -35 ) (2725 2513 -35 ) 
4 24 (2701 2537 -35 ) (2701 2521 -35 ) (2709 2513 -35 ) (2725 2513 -35 ) 
4 24 (2048 2513 -192 ) (2048 2609 -192 ) (2813 2609 -192 ) (2813 2513 -192 ) 
4 24 (2813 2513 -35 ) (2813 2513 -192 ) (2813 2609 -192 ) (2813 2609 -35 ) 
4 25 (2285 2433 -192 ) (2317 2433 -192 ) (2317 2433 0 ) (2285 2433 0 ) 
4 25 (2477 2433 -192 ) (2509 2433 -192 ) (2509 2433 0 ) (2477 2433 0 ) 
4 25 (2725 2513 -35 ) (2709 2513 -35 ) (2709 2513 -32 ) (2725 2513 -32 ) 
4 25 (2048 2433 -192 ) (2048 2513 -192 ) (2813 2513 -192 ) (2813 2433 -192 ) 
4 25 (2813 2433 0 ) (2813 2513 0 ) (2477 2513 0 ) (2477 2433 0 ) 
4 25 (2477 2433 0 ) (2477 2513 0 ) (2317 2513 0 ) (2317 2433 0 ) 
4 25 (2317 2433 0 ) (2317 2513 0 ) (2136 2513 0 ) (2136 2433 0 ) 
4 25 (2136 2433 0 ) (2136 2513 0 ) (2048 2513 0 ) (2048 2433 0 ) 
4 25 (2813 2433 0 ) (2813 2433 -192 ) (2813 2513 -192 ) (2813 2513 0 ) 
4 26 (2658 2368 0 ) (2509 2368 0 ) (2509 2368 -176 ) (2658 2368 -176 ) 
4 26 (2770 2368 0 ) (2658 2368 0 ) (2658 2368 -48 ) (2770 2368 -48 ) 
4 26 (2813 2368 0 ) (2770 2368 0 ) (2770 2368 -176 ) (2813 2368 -176 ) 
4 26 (2509 2368 -176 ) (2509 2368 -192 ) (2813 2368 -192 ) (2813 2368 -176 ) 
4 26 (2813 2368 0 ) (2813 2368 -192 ) (2813 2433 -192 ) (2813 2433 0 ) 
4 26 (2509 2368 0 ) (2813 2368 0 ) (2813 2433 0 ) (2509 2433 0 ) 
4 26 (2813 2368 -192 ) (2509 2368 -192 ) (2509 2433 -192 ) (2813 2433 -192 ) 
4 26 (2509 2433 0 ) (2509 2433 -192 ) (2509 2368 -192 ) (2509 2368 0 ) 
4 27 (2317 2433 0 ) (2317 2433 -160 ) (2317 2368 -160 ) (2317 2368 0 ) 
4 27 (2317 2368 -160 ) (2317 2369 -160 ) (2477 2369 -160 ) (2477 2368 -160 ) 
4 27 (2477 2368 0 ) (2477 2368 -160 ) (2477 2433 -160 ) (2477 2433 0 ) 
4 28 (2317 2433 -160 ) (2317 2433 -192 ) (2317 2401 -192 ) (2317 2401 -160 ) 
4 28 (2477 2401 -192 ) (2477 2401 -176 ) (2317 2401 -176 ) (2317 2401 -192 ) 
4 28 (2477 2401 -160 ) (2477 2401 -192 ) (2477 2433 -192 ) (2477 2433 -160 ) 
4 28 (2317 2401 -192 ) (2317 2433 -192 ) (2477 2433 -192 ) (2477 2401 -192 ) 
4 29 (2317 2369 -176 ) (2317 2369 -160 ) (2317 2401 -160 ) (2317 2401 -176 ) 
4 29 (2477 2369 -176 ) (2477 2369 -160 ) (2317 2369 -160 ) (2317 2369 -176 ) 
4 29 (2477 2401 -176 ) (2477 2401 -160 ) (2477 2369 -160 ) (2477 2369 -176 ) 
4 29 (2477 2369 -176 ) (2317 2369 -176 ) (2317 2401 -176 ) (2477 2401 -176 ) 
4 30 (2136 2368 0 ) (2048 2368 0 ) (2048 2368 -48 ) (2136 2368 -48 ) 
4 30 (2285 2368 0 ) (2136 2368 0 ) (2136 2368 -176 ) (2285 2368 -176 ) 
4 30 (2048 2368 -176 ) (2048 2368 -192 ) (2285 2368 -192 ) (2285 2368 -176 ) 
4 30 (2285 2368 -192 ) (2048 2368 -192 ) (2048 2433 -192 ) (2285 2433 -192 ) 
4 30 (2285 2368 0 ) (2285 2433 0 ) (2136 2433 0 ) (2136 2368 0 ) 
4 30 (2136 2368 0 ) (2136 2433 0 ) (2048 2433 0 ) (2048 2368 0 ) 
4 30 (2285 2368 0 ) (2285 2368 -192 ) (2285 2433 -192 ) (2285 2433 0 ) 
4 31 (2658 2352 -176 ) (2682 2352 -176 ) (2682 2352 -64 ) (2658 2352 -64 ) 
4 31 (2746 2352 -176 ) (2770 2352 -176 ) (2770 2352 -64 ) (2746 2352 -64 ) 
4 31 (2770 2352 -64 ) (2770 2352 -48 ) (2658 2352 -48 ) (2658 2352 -64 ) 
4 31 (2658 2368 -48 ) (2658 2368 -176 ) (2658 2352 -176 ) (2658 2352 -48 ) 
4 31 (2770 2352 -48 ) (2770 2352 -176 ) (2770 2368 -176 ) (2770 2368 -48 ) 
4 31 (2658 2368 -176 ) (2770 2368 -176 ) (2770 2352 -176 ) (2658 2352 -176 ) 
4 31 (2770 2352 -48 ) (2770 2368 -48 ) (2658 2368 -48 ) (2658 2352 -48 ) 
4 32 (2477 2352 0 ) (2477 2352 -160 ) (2477 2368 -160 ) (2477 2368 0 ) 
4 32 (2317 2368 0 ) (2317 2368 -160 ) (2317 2352 -160 ) (2317 2352 0 ) 
4 32 (2317 2352 -160 ) (2317 2368 -160 ) (2477 2368 -160 ) (2477 2352 -160 ) 
4 33 (2112 2352 -176 ) (2136 2352 -176 ) (2136 2352 -64 ) (2112 2352 -64 ) 
4 33 (2136 2352 -64 ) (2136 2352 -48 ) (2048 2352 -48 ) (2048 2352 -64 ) 
4 33 (2048 2352 -176 ) (2048 2368 -176 ) (2136 2368 -176 ) (2136 2352 -176 ) 
4 33 (2136 2352 -48 ) (2136 2352 -176 ) (2136 2368 -176 ) (2136 2368 -48 ) 
4 33 (2048 2352 -48 ) (2136 2352 -48 ) (2136 2368 -48 ) (2048 2368 -48 ) 
4 34 (2746 2337 -176 ) (2746 2337 -64 ) (2682 2337 -64 ) (2682 2337 -176 ) 
4 34 (2682 2337 -64 ) (2746 2337 -64 ) (2746 2352 -64 ) (2682 2352 -64 ) 
4 34 (2682 2352 -176 ) (2746 2352 -176 ) (2746 2337 -176 ) (2682 2337 -176 ) 
4 34 (2746 2337 -176 ) (2746 2352 -176 ) (2746 2352 -64 ) (2746 2337 -64 ) 
4 34 (2682 2337 -176 ) (2682 2337 -64 ) (2682 2352 -64 ) (2682 2352 -176 ) 
4 35 (2317 2335 -112 ) (2317 2145 -112 ) (2317 2145 0 ) (2317 2335 0 ) 
4 35 (2317 2352 -64 ) (2317 2352 -112 ) (2317 2335 -112 ) (2317 2335 -64 ) 
4 35 (2317 2336 -64 ) (2317 2335 -64 ) (2317 2335 0 ) (2317 2336 0 ) 
4 35 (2317 2352 0 ) (2317 2352 -64 ) (2317 2336 -64 ) (2317 2336 0 ) 
4 35 (2317 2145 -112 ) (2317 2273 -112 ) (2477 2273 -112 ) (2477 2145 -112 ) 
4 35 (2317 2145 -96 ) (2317 2145 -112 ) (2477 2145 -112 ) (2477 2145 -96 ) 
4 35 (2477 2145 0 ) (2477 2145 -64 ) (2477 2352 -64 ) (2477 2352 0 ) 
4 35 (2477 2145 -112 ) (2477 2337 -112 ) (2477 2337 -64 ) (2477 2145 -64 ) 
4 35 (2477 2337 -64 ) (2477 2337 -112 ) (2477 2352 -112 ) (2477 2352 -64 ) 
4 36 (2317 2048 -48 ) (2317 2048 0 ) (2317 2145 0 ) (2317 2145 -48 ) 
4 36 (2317 2048 -48 ) (2317 2049 -48 ) (2477 2049 -48 ) (2477 2048 -48 ) 
4 36 (2477 2145 -48 ) (2477 2145 0 ) (2477 2048 0 ) (2477 2048 -48 ) 
4 37 (2317 2113 -48 ) (2317 2145 -48 ) (2317 2145 -96 ) (2317 2113 -96 ) 
4 37 (2317 2113 -96 ) (2477 2113 -96 ) (2477 2113 -80 ) (2317 2113 -80 ) 
4 37 (2477 2145 -48 ) (2477 2113 -48 ) (2477 2113 -64 ) (2477 2145 -64 ) 
4 37 (2477 2113 -96 ) (2477 2145 -96 ) (2477 2145 -64 ) (2477 2113 -64 ) 
4 37 (2317 2113 -96 ) (2317 2145 -96 ) (2477 2145 -96 ) (2477 2113 -96 ) 
4 38 (2317 2049 -48 ) (2317 2113 -48 ) (2317 2113 -64 ) (2317 2049 -64 ) 
4 38 (2477 2049 -64 ) (2317 2049 -64 ) (2317 2081 -64 ) (2477 2081 -64 ) 
4 38 (2477 2113 -48 ) (2477 2049 -48 ) (2477 2049 -64 ) (2477 2113 -64 ) 
4 38 (2477 2049 -64 ) (2477 2049 -48 ) (2317 2049 -48 ) (2317 2049 -64 ) 
4 39 (2317 2113 -64 ) (2317 2113 -80 ) (2317 2081 -80 ) (2317 2081 -64 ) 
4 39 (2317 2081 -80 ) (2317 2113 -80 ) (2477 2113 -80 ) (2477 2081 -80 ) 
4 39 (2477 2081 -80 ) (2477 2113 -80 ) (2477 2113 -64 ) (2477 2081 -64 ) 
4 39 (2317 2081 -80 ) (2477 2081 -80 ) (2477 2081 -64 ) (2317 2081 -64 ) 
4 40 (2317 2352 -112 ) (2317 2352 -160 ) (2317 2337 -160 ) (2317 2337 -112 ) 
4 40 (2317 2337 -160 ) (2477 2337 -160 ) (2477 2337 -144 ) (2317 2337 -144 ) 
4 40 (2477 2337 -112 ) (2477 2337 -160 ) (2477 2352 -160 ) (2477 2352 -112 ) 
4 40 (2317 2337 -160 ) (2317 2352 -160 ) (2477 2352 -160 ) (2477 2337 -160 ) 
4 41 (2317 2273 -128 ) (2317 2273 -112 ) (2317 2335 -112 ) (2317 2335 -128 ) 
4 41 (2317 2335 -112 ) (2317 2337 -112 ) (2317 2337 -128 ) (2317 2335 -128 ) 
4 41 (2477 2273 -128 ) (2317 2273 -128 ) (2317 2305 -128 ) (2477 2305 -128 ) 
4 41 (2477 2273 -128 ) (2477 2337 -128 ) (2477 2337 -112 ) (2477 2273 -112 ) 
4 41 (2477 2273 -128 ) (2477 2273 -112 ) (2317 2273 -112 ) (2317 2273 -128 ) 
4 42 (2317 2305 -128 ) (2317 2335 -128 ) (2317 2335 -144 ) (2317 2305 -144 ) 
4 42 (2317 2335 -128 ) (2317 2337 -128 ) (2317 2337 -144 ) (2317 2335 -144 ) 
4 42 (2317 2305 -144 ) (2317 2337 -144 ) (2477 2337 -144 ) (2477 2305 -144 ) 
4 42 (2477 2305 -128 ) (2477 2305 -144 ) (2477 2337 -144 ) (2477 2337 -128 ) 
4 42 (2317 2305 -144 ) (2477 2305 -144 ) (2477 2305 -128 ) (2317 2305 -128 ) 
4 43 (2136 2335 -64 ) (2112 2335 -64 ) (2112 2336 -64 ) (2136 2336 -64 ) 
4 43 (2048 2336 0 ) (2136 2336 0 ) (2136 2336 -64 ) (2048 2336 -64 ) 
4 43 (2136 2335 0 ) (2136 2335 -64 ) (2136 2336 -64 ) (2136 2336 0 ) 
4 44 (2048 2336 -176 ) (2048 2335 -176 ) (2048 2335 -64 ) (2048 2336 -64 ) 
4 44 (2048 2352 -64 ) (2048 2352 -176 ) (2048 2336 -176 ) (2048 2336 -64 ) 
4 44 (2112 2352 -176 ) (2112 2352 -64 ) (2112 2335 -64 ) (2112 2335 -176 ) 
4 44 (2048 2335 -176 ) (2048 2352 -176 ) (2112 2352 -176 ) (2112 2335 -176 ) 
4 44 (2112 2336 -64 ) (2112 2352 -64 ) (2048 2352 -64 ) (2048 2336 -64 ) 
4 45 (2144 2048 -176 ) (2048 2048 -176 ) (2048 2335 -176 ) (2144 2335 -176 ) 
4 45 (2144 2335 0 ) (2136 2335 0 ) (2136 2048 0 ) (2144 2048 0 ) 
4 45 (2144 2335 -64 ) (2136 2335 -64 ) (2136 2335 0 ) (2144 2335 0 ) 
4 45 (2136 2335 -64 ) (2144 2335 -64 ) (2144 2335 -176 ) (2136 2335 -176 ) 
4 45 (2112 2335 -64 ) (2136 2335 -64 ) (2136 2335 -176 ) (2112 2335 -176 ) 
4 45 (2144 2048 0 ) (2144 2048 -176 ) (2144 2335 -176 ) (2144 2335 0 ) 
3 46 (2317 1648 240 ) (2317 1648 280.500000 ) (2317 1729 240 ) 
3 46 (2477 1729 240 ) (2477 1648 280.500000 ) (2477 1648 240 ) 
4 46 (2477 1729.003418 240 ) (2317 1729.003418 240 ) (2317 1648 280.501709 ) (2477 1648 280.500397 ) 
4 47 (2317 1857 192 ) (2317 1648 192 ) (2317 1648 240 ) (2317 1761 240 ) 
4 47 (2477 1761 240 ) (2477 1648 240 ) (2477 1648 192 ) (2477 1857 192 ) 
4 47 (2477 1729 240 ) (2477 1761 240 ) (2317 1761 240 ) (2317 1729 240 ) 
4 47 (2317 1857 192 ) (2317 1760.998657 240 ) (2477 1760.998657 240 ) (2477 1856.998657 192 ) 
4 48 (2224 1536 848 ) (2224 1536 836 ) (2272 1536 836 ) (2272 1536 848 ) 
4 48 (2224 1536 960 ) (2224 1536 848 ) (2400 1536 848 ) (2400 1536 960 ) 
4 48 (2400 1536 836 ) (2448 1536 836 ) (2448 1536 848 ) (2400 1536 848 ) 
4 48 (2448 1536 848 ) (2448 1536 960 ) (2400 1536 960 ) (2400 1536 848 ) 
4 48 (2448 1648 836 ) (2317 1648 836 ) (2317 1648 960 ) (2448 1648 960 ) 
4 48 (2224 1648 836 ) (2224 1648 960 ) (2317 1648 960 ) (2317 1648 836 ) 
4 48 (2448 1536 960 ) (2448 1648 960 ) (2224 1648 960 ) (2224 1536 960 ) 
4 48 (2448 1536 960 ) (2448 1536 836 ) (2448 1648 836 ) (2448 1648 960 ) 
4 49 (2400 1360 836 ) (2400 1488 836 ) (2432 1488 836 ) (2432 1360 836 ) 
4 49 (2432 1488 836 ) (2448 1488 836 ) (2448 1360 836 ) (2432 1360 836 ) 
4 49 (2448 1360 836 ) (2448 1360 848 ) (2400 1360 848 ) (2400 1360 836 ) 
4 49 (2448 1488 848 ) (2448 1360 848 ) (2448 1360 836 ) (2448 1488 836 ) 
4 49 (2448 1360 848 ) (2448 1488 848 ) (2400 1488 848 ) (2400 1360 848 ) 
4 49 (2400 1488 836 ) (2400 1488 848 ) (2448 1488 848 ) (2448 1488 836 ) 
4 50 (2288 1312 836 ) (2272 1312 836 ) (2272 1520 836 ) (2288 1520 836 ) 
4 50 (2400 1312 836 ) (2288 1312 836 ) (2288 1328 836 ) (2400 1328 836 ) 
4 50 (2288 1328 836 ) (2288 1520 836 ) (2400 1520 836 ) (2400 1328 836 ) 
4 50 (2272 1520 836 ) (2272 1536 836 ) (2400 1536 836 ) (2400 1520 836 ) 
4 50 (2272 1488 848 ) (2272 1536 848 ) (2272 1536 836 ) (2272 1488 836 ) 
4 50 (2272 1312 836 ) (2272 1312 848 ) (2272 1360 848 ) (2272 1360 836 ) 
4 50 (2272 1312 848 ) (2400 1312 848 ) (2400 1536 848 ) (2272 1536 848 ) 
4 50 (2400 1488 848 ) (2400 1488 836 ) (2400 1536 836 ) (2400 1536 848 ) 
4 50 (2400 1360 848 ) (2400 1312 848 ) (2400 1312 836 ) (2400 1360 836 ) 
4 51 (2224 1360 836 ) (2224 1488 836 ) (2240 1488 836 ) (2240 1360 836 ) 
4 51 (2240 1488 836 ) (2272 1488 836 ) (2272 1360 836 ) (2240 1360 836 ) 
4 51 (2272 1360 836 ) (2272 1360 848 ) (2224 1360 848 ) (2224 1360 836 ) 
4 51 (2224 1488 848 ) (2224 1360 848 ) (2272 1360 848 ) (2272 1488 848 ) 
4 51 (2224 1488 836 ) (2224 1488 848 ) (2272 1488 848 ) (2272 1488 836 ) 
4 52 (2448 1152 960 ) (2448 1312 960 ) (2288 1312 960 ) (2288 1152 960 ) 
4 52 (2400 1312 848 ) (2400 1312 960 ) (2448 1312 960 ) (2448 1312 848 ) 
4 52 (2400 1312 848 ) (2448 1312 848 ) (2448 1312 836 ) (2400 1312 836 ) 
4 52 (2288 1312 960 ) (2400 1312 960 ) (2400 1312 848 ) (2288 1312 848 ) 
4 52 (2448 1152 960 ) (2448 1152 836 ) (2448 1312 836 ) (2448 1312 960 ) 
4 52 (2288 1152 960 ) (2288 1152 836 ) (2448 1152 836 ) (2448 1152 960 ) 
4 53 (2288 1152 960 ) (2288 1024 960 ) (2288 1024 836 ) (2288 1152 836 ) 
4 53 (2272 1312 848 ) (2272 1312 836 ) (2224 1312 836 ) (2224 1312 848 ) 
4 53 (2288 1312 960 ) (2288 1312 848 ) (2224 1312 848 ) (2224 1312 960 ) 
4 53 (2288 1312 960 ) (2224 1312 960 ) (2224 1024 960 ) (2288 1024 960 ) 
4 54 (2224 1536 848 ) (2224 1488 848 ) (2224 1488 836 ) (2224 1536 836 ) 
4 54 (2224 1360 848 ) (2224 1312 848 ) (2224 1312 836 ) (2224 1360 836 ) 
4 54 (2224 1536 848 ) (2224 1536 960 ) (2224 1312 960 ) (2224 1312 848 ) 
4 54 (2224 1648 836 ) (2048 1648 836 ) (2048 1648 960 ) (2224 1648 960 ) 
4 54 (2224 1648 960 ) (2048 1648 960 ) (2048 1024 960 ) (2224 1024 960 ) 
4 55 (2285 1648 416 ) (2314 1648 416 ) (2314 1537 416 ) (2285 1537 416 ) 
4 55 (2314 1648 416 ) (2448 1648 416 ) (2448 1537 416 ) (2314 1537 416 ) 
4 55 (2432 1537 416 ) (2448 1537 416 ) (2448 1537 760 ) (2432 1537 720 ) 
4 55 (2448 1648 836 ) (2448 1537 836 ) (2448 1537 416 ) (2448 1648 416 ) 
4 55 (2448 1648 416 ) (2317 1648 416 ) (2317 1648 836 ) (2448 1648 836 ) 
4 55 (2048 1648 416 ) (2048 1648 836 ) (2317 1648 836 ) (2317 1648 416 ) 
4 56 (2448 1536 760 ) (2448 1536 836 ) (2432 1536 836 ) (2432 1536 760 ) 
4 56 (2448 1537 760 ) (2448 1537 836 ) (2448 1536 836 ) (2448 1536 760 ) 
4 56 (2448 1536 759.991699 ) (2432 1536 719.991699 ) (2432 1537 719.991699 ) (2448 1537 759.989807 ) 
4 57 (2314 1536 416 ) (2285 1536 416 ) (2285 1537 416 ) (2314 1537 416 ) 
4 57 (2432 1536 416 ) (2314 1536 416 ) (2314 1537 416 ) (2432 1537 416 ) 
4 57 (2432 1536 760 ) (2432 1536 836 ) (2224 1536 836 ) (2224 1536 760 ) 
4 57 (2432 1536 720 ) (2432 1536 416 ) (2432 1537 416 ) (2432 1537 720 ) 
5 58 (2448 1535.996094 759.989807 ) (2432.003174 1520 720 ) (2432 1520 719.991699 ) (2432 1536 719.991699 ) (2448 1536 759.989807 ) 
3 58 (2432 1536 760.001587 ) (2432 1520 719.998169 ) (2448 1536 759.996033 ) 
4 59 (2314 1520 416 ) (2285 1520 416 ) (2285 1536 416 ) (2314 1536 416 ) 
4 59 (2361.599854 1520 416 ) (2314 1520 416 ) (2314 1536 416 ) (2361.599854 1536 416 ) 
4 59 (2240 1520 416 ) (2288 1520 416 ) (2288 1520 448 ) (2240 1520 448 ) 
4 59 (2288 1520 448 ) (2288 1520 600 ) (2240 1520 720 ) (2240 1520 448 ) 
4 59 (2288 1520 416 ) (2361.599854 1520 416 ) (2348.799805 1520 448 ) (2288 1520 448 ) 
3 59 (2348.799805 1520 448 ) (2288 1520 600 ) (2288 1520 448 ) 
3 59 (2224 1536 760 ) (2224 1520 760 ) (2240 1520 720 ) 
4 60 (2432 1520 416 ) (2361.599854 1520 416 ) (2361.599854 1536 416 ) (2432 1536 416 ) 
3 60 (2288 1520 720 ) (2240 1520 720 ) (2288 1520 600 ) 
4 60 (2361.599854 1520 416 ) (2432 1520 416 ) (2432 1520 448 ) (2348.799805 1520 448 ) 
5 60 (2432 1520 448 ) (2432 1520 720 ) (2288 1520 720 ) (2288 1520 600 ) (2348.799805 1520 448 ) 
4 60 (2432 1520 720 ) (2432 1520 416 ) (2432 1536 416 ) (2432 1536 720 ) 
5 60 (2224 1536 759.998108 ) (2224 1535.991943 759.976013 ) (2239.991943 1520 719.996155 ) (2432 1520 719.996155 ) (2432 1536 759.996155 ) 
4 61 (2224 1520 836 ) (2224 1520 760 ) (2224 1536 760 ) (2224 1536 836 ) 
4 62 (2448 1312.003418 759.991699 ) (2448 1312 759.991699 ) (2432 1312 719.991699 ) (2432 1328.003418 719.991699 ) 
3 62 (2448 1312 759.993713 ) (2432 1328 719.994019 ) (2432 1312 759.996155 ) 
4 63 (2288 1328 448 ) (2288 1312 464 ) (2288 1312 480 ) (2288 1328 464 ) 
3 63 (2288 1328 448 ) (2288 1312 448 ) (2288 1312 464 ) 
4 63 (2432 1328 720 ) (2432 1328 448 ) (2288 1328 448 ) (2288 1328 720 ) 
4 63 (2432 1328 720 ) (2432 1312 720 ) (2432 1312 448 ) (2432 1328 448 ) 
4 63 (2432 1312 760.001465 ) (2432 1328 719.997559 ) (2288 1328 719.997559 ) (2288 1312 760.001465 ) 
4 64 (2314 1312 416 ) (2288 1312 416 ) (2288 1344 416 ) (2314 1344 416 ) 
4 64 (2288 1344 416 ) (2288 1472 416 ) (2314 1472 416 ) (2314 1344 416 ) 
4 64 (2432 1312 416 ) (2314 1312 416 ) (2314 1472 416 ) (2432 1472 416 ) 
4 64 (2288 1319 416 ) (2288 1312 416 ) (2288 1312 440 ) (2288 1319 440 ) 
4 64 (2288 1344 416 ) (2288 1319 416 ) (2288 1319 440 ) (2288 1344 440 ) 
4 64 (2288 1312 440 ) (2288 1312 448 ) (2288 1344 448 ) (2288 1344 440 ) 
3 64 (2288 1344 432 ) (2288 1344 448 ) (2288 1360 432 ) 
4 64 (2432 1472 416 ) (2432 1472 448 ) (2432 1312 448 ) (2432 1312 416 ) 
4 64 (2432 1328 448 ) (2432 1472 448 ) (2288 1472 448 ) (2288 1328 448 ) 
4 64 (2288 1472 416 ) (2288 1472 448 ) (2432 1472 448 ) (2432 1472 416 ) 
4 65 (2288 1312 440 ) (2288 1312 432 ) (2288 1152 432 ) (2288 1152 440 ) 
4 65 (2288 1312 448 ) (2288 1312 440 ) (2288 1152 440 ) (2288 1152 448 ) 
3 65 (2288 1152 624 ) (2288 1152 640 ) (2288 1160 632 ) 
5 65 (2288 1312 480 ) (2288 1312 448 ) (2288 1152 448 ) (2288 1152 624 ) (2288 1160 632 ) 
4 65 (2288 1152 432 ) (2288 1247 432 ) (2448 1247 432 ) (2448 1152 432 ) 
4 65 (2432 1312 432 ) (2432 1312 448 ) (2448 1312 448 ) (2448 1312 432 ) 
4 65 (2432 1312 836 ) (2432 1312 760 ) (2288 1312 760 ) (2288 1312 836 ) 
4 65 (2432 1312 760 ) (2432 1312 836 ) (2448 1312 836 ) (2448 1312 760 ) 
4 65 (2432 1312 720 ) (2448 1312 760 ) (2448 1312 448 ) (2432 1312 448 ) 
4 65 (2448 1152 432 ) (2448 1312 432 ) (2448 1312 836 ) (2448 1152 836 ) 
4 65 (2288 1152 836 ) (2288 1152 432 ) (2448 1152 432 ) (2448 1152 836 ) 
4 66 (2288 1277 416 ) (2288 1312 416 ) (2314 1312 416 ) (2314 1277 416 ) 
4 66 (2448 1281 416 ) (2448 1280 416 ) (2314 1280 416 ) (2314 1281 416 ) 
4 66 (2448 1280 416 ) (2448 1247 416 ) (2314 1247 416 ) (2314 1280 416 ) 
4 66 (2448 1312 416 ) (2448 1281 416 ) (2314 1281 416 ) (2314 1312 416 ) 
4 66 (2288 1312 416 ) (2288 1247 416 ) (2288 1247 432 ) (2288 1312 432 ) 
4 66 (2432 1312 432 ) (2448 1312 432 ) (2448 1312 416 ) (2432 1312 416 ) 
4 66 (2448 1312 432 ) (2448 1247 432 ) (2448 1247 416 ) (2448 1312 416 ) 
4 66 (2448 1247 416 ) (2448 1247 432 ) (2288 1247 432 ) (2288 1247 416 ) 
4 67 (2224 1328.001587 448 ) (2048 1328.001587 448 ) (2048 1312 464.001068 ) (2224 1312 464.001068 ) 
4 67 (2240 1328.001587 448 ) (2224 1328.001587 448 ) (2224 1312 464.001068 ) (2240 1312 464.001068 ) 
4 67 (2273 1328.001587 448 ) (2240 1328.001587 448 ) (2240 1312 464.001068 ) (2273 1312 464.001068 ) 
3 67 (2273 1312 448 ) (2273 1328.009399 448 ) (2273 1312 464.009369 ) 
4 68 (2240 1328 719.996216 ) (2240 1312 759.996216 ) (2288 1312 759.996216 ) (2288 1328 719.996216 ) 
4 68 (2288 1328 464 ) (2240 1328 464 ) (2240 1328 720 ) (2288 1328 720 ) 
4 68 (2240 1312 480 ) (2240 1328 464.001923 ) (2288 1328 464.001923 ) (2288 1312 480 ) 
3 69 (2240 1312 759.990356 ) (2240 1327.996582 720 ) (2224.001221 1312 759.996216 ) 
4 69 (2240 1328 720 ) (2240 1328 464 ) (2240 1344 448 ) (2240 1436.799927 448 ) 
4 69 (2224 1312 480.002747 ) (2224 1344.002319 448 ) (2240 1344 448 ) (2240 1312 480 ) 
4 70 (2240 1328 720 ) (2240 1436.799927 448 ) (2240 1520 448 ) (2240 1520 720 ) 
4 70 (2224 1312.006470 759.995544 ) (2240 1328.005859 719.993164 ) (2240 1520 719.993164 ) (2224 1520 759.995544 ) 
4 71 (2224 1312 836 ) (2224 1312 760 ) (2224 1520 760 ) (2224 1520 836 ) 
4 71 (2048 1344.001465 448 ) (2224 1344.001465 448 ) (2224 1312 480 ) (2048 1312 480 ) 
4 72 (2288 1160 632 ) (2288 1152 640 ) (2048 1152 640 ) (2048 1160 632 ) 
4 72 (2048 1312 480 ) (2273 1312 480 ) (2273 1160 632 ) (2048 1160 632 ) 
4 72 (2273 1312 480 ) (2288 1312 480 ) (2288 1160 632 ) (2273 1160 632 ) 
4 72 (2288 1152 640 ) (2288 1152 836 ) (2288 1024 836 ) (2288 1024 768 ) 
4 72 (2240 1312 760 ) (2240 1312 836 ) (2288 1312 836 ) (2288 1312 760 ) 
4 72 (2240 1312 760 ) (2224 1312 760 ) (2224 1312 836 ) (2240 1312 836 ) 
4 73 (2273 1160 600 ) (2273 1160 616 ) (2048 1160 616 ) (2048 1160 600 ) 
4 73 (2273 1160 616 ) (2273 1160 448 ) (2273 1312 448 ) (2273 1312 464 ) 
4 73 (2048 1160 615.998596 ) (2273 1160 615.998596 ) (2273 1312 463.998566 ) (2048 1312 463.998566 ) 
4 74 (2273 1160 600 ) (2048 1160 600 ) (2048 1144 600 ) (2273 1144 600 ) 
4 74 (2273 1144 600 ) (2273 1144 448 ) (2273 1160 448 ) (2273 1160 600 ) 
4 75 (2048 1024 496 ) (2273 1024 496 ) (2273 1144 616 ) (2048 1144 616 ) 
4 75 (2048 1144 600 ) (2048 1144 616 ) (2273 1144 616 ) (2273 1144 600 ) 
4 75 (2273 1024 448 ) (2273 1144 448 ) (2273 1144 615.991516 ) (2273 1024 495.986511 ) 
3 76 (2288 1152 640 ) (2288 1024 768 ) (2288 1024 512 ) 
4 76 (2048 1152 640 ) (2288 1152 640 ) (2288 1024 512 ) (2048 1024 512 ) 
4 77 (2240 1520 416 ) (2240 1520 448 ) (2240 1472 448 ) (2240 1472 416 ) 
4 78 (2272 1472 448 ) (2272 1472 432 ) (2272 1360 432 ) (2272 1344 448 ) 
4 78 (2272 1472 432 ) (2272 1472 448 ) (2288 1472 448 ) (2288 1472 432 ) 
4 78 (2272 1436.799927 448 ) (2272 1344 448 ) (2288 1344 448 ) (2288 1436.799927 448 ) 
4 78 (2272 1472 448 ) (2272 1436.799927 448 ) (2288 1436.799927 448 ) (2288 1472 448 ) 
4 78 (2272 1344 447.989563 ) (2272 1359.994629 432 ) (2288 1359.994629 432 ) (2288 1344 447.989563 ) 
4 79 (2240 1344 448 ) (2240 1360 432 ) (2240 1472 432 ) (2240 1472 448 ) 
4 79 (2048 1360 432 ) (2240 1360 432 ) (2240 1344 448 ) (2048 1344 448 ) 
4 80 (2285 1472 416 ) (2288 1472 416 ) (2288 1344 416 ) (2285 1344 416 ) 
4 80 (2272 1344 416 ) (2288 1344 416 ) (2288 1344 432 ) (2272 1344 432 ) 
4 80 (2288 1360 432 ) (2272 1360 432 ) (2272 1344 432 ) (2288 1344 432 ) 
4 80 (2272 1472 432 ) (2288 1472 432 ) (2288 1472 416 ) (2272 1472 416 ) 
4 80 (2272 1344 416 ) (2272 1344 432 ) (2272 1472 432 ) (2272 1472 416 ) 
4 81 (2048 1344 416 ) (2240 1344 416 ) (2240 1344 432 ) (2048 1344 432 ) 
4 81 (2240 1472 416 ) (2240 1472 432 ) (2240 1344 432 ) (2240 1344 416 ) 
4 81 (2240 1360 432 ) (2048 1360 432 ) (2048 1344 432 ) (2240 1344 432 ) 
4 82 (2273 1319 440 ) (2273 1024 440 ) (2263.157227 1024 440 ) (2264 1319 440 ) 
4 82 (2273 1336 440 ) (2273 1319 440 ) (2048 1319 440 ) (2048 1336 440 ) 
4 82 (2273 1328 448 ) (2273 1024 448 ) (2273 1024 440 ) (2273 1336 440 ) 
4 82 (2273 1328.001099 448 ) (2273 1335.996338 440 ) (2048 1335.996338 440 ) (2048 1328.001099 448 ) 
4 83 (2048 1319 440 ) (2264 1319 440 ) (2264 1319 416 ) (2048 1319 416 ) 
4 83 (2263.157227 1024 416 ) (2264 1319 416 ) (2264 1319 440 ) (2263.157227 1024 440 ) 
4 84 (2477 1473 192 ) (2477 1281 192 ) (2317 1281 192 ) (2317 1473 192 ) 
4 84 (2317 1281 192 ) (2364 1281 192 ) (2364 1281 320 ) (2317 1281 320 ) 
4 84 (2428 1281 304 ) (2428 1281 320 ) (2364 1281 320 ) (2364 1281 304 ) 
4 84 (2428 1281 192 ) (2477 1281 192 ) (2477 1281 320 ) (2428 1281 320 ) 
5 84 (2317 1281 192 ) (2317 1281 384 ) (2317 1441 384 ) (2317 1648 280.500000 ) (2317 1648 192 ) 
4 84 (2317 1441 384 ) (2317 1281 384 ) (2477 1281 384 ) (2477 1441 384 ) 
5 84 (2477 1648 192 ) (2477 1648 280.500000 ) (2477 1441 384 ) (2477 1281 384 ) (2477 1281 192 ) 
4 84 (2317 1648 280.500275 ) (2317 1440.997803 384 ) (2477 1440.997803 384 ) (2477 1648 280.498901 ) 
4 85 (2317 1281 320 ) (2364 1281 320 ) (2364 1280 320 ) (2317 1280 320 ) 
4 85 (2364 1281 320 ) (2428 1281 320 ) (2428 1280 320 ) (2364 1280 320 ) 
4 85 (2428 1281 320 ) (2477 1281 320 ) (2477 1280 320 ) (2428 1280 320 ) 
4 85 (2317 1281 320 ) (2317 1280 320 ) (2317 1280 384 ) (2317 1281 384 ) 
4 85 (2317 1280 320 ) (2477 1280 320 ) (2477 1280 384 ) (2317 1280 384 ) 
4 85 (2477 1281 384 ) (2317 1281 384 ) (2317 1280 384 ) (2477 1280 384 ) 
4 85 (2477 1281 384 ) (2477 1280 384 ) (2477 1280 320 ) (2477 1281 320 ) 
4 86 (2364 1281 192 ) (2428 1281 192 ) (2428 1256 192 ) (2364 1256 192 ) 
4 86 (2364 1256 192 ) (2364 1256 304 ) (2364 1281 304 ) (2364 1281 192 ) 
4 86 (2428 1281 192 ) (2428 1281 304 ) (2428 1256 304 ) (2428 1256 192 ) 
4 86 (2428 1256 304 ) (2428 1281 304 ) (2364 1281 304 ) (2364 1256 304 ) 
4 87 (2364 1256 192 ) (2428 1256 192 ) (2452 1247 192 ) (2340 1247 192 ) 
4 87 (2428.005127 1256 192 ) (2428.005127 1256 320 ) (2452.005127 1247 320 ) (2452.005127 1247 192 ) 
4 87 (2428 1256 304 ) (2364 1256 304 ) (2364 1256 320 ) (2428 1256 320 ) 
4 87 (2428 1256 320 ) (2364 1256 320 ) (2340 1247 320 ) (2452 1247 320 ) 
4 87 (2364.003906 1256 320 ) (2364.003906 1256 192 ) (2339.998291 1247 192 ) (2339.998291 1247 320 ) 
4 88 (2314 1247 384 ) (2314 1247 360 ) (2314 1140 360 ) (2314 1140 384 ) 
4 88 (2480 1140 360 ) (2472 1140 360 ) (2472 1164 360 ) (2480 1164 360 ) 
4 88 (2480 1247 384 ) (2480 1247 360 ) (2314 1247 360 ) (2314 1247 384 ) 
4 88 (2480 1247 360 ) (2480 1247 384 ) (2480 1140 384 ) (2480 1140 360 ) 
4 88 (2480 1140 384 ) (2480 1247 384 ) (2314 1247 384 ) (2314 1140 384 ) 
4 89 (2314 1164 192 ) (2314 1247 192 ) (2317 1247 192 ) (2317 1164 192 ) 
4 89 (2317 1247 192 ) (2477 1247 192 ) (2477 1164 192 ) (2317 1164 192 ) 
4 89 (2477 1247 192 ) (2480 1247 192 ) (2480 1164 192 ) (2477 1164 192 ) 
4 89 (2314 1247 304 ) (2314 1247 192 ) (2314 1207 192 ) (2314 1207 304 ) 
4 89 (2314 1247 320 ) (2314 1247 304 ) (2314 1207 304 ) (2314 1207 320 ) 
4 89 (2314 1247 360 ) (2314 1247 352 ) (2314 1164 352 ) (2314 1164 360 ) 
4 89 (2314 1247 352 ) (2314 1247 320 ) (2314 1164 320 ) (2314 1164 352 ) 
4 89 (2480 1164 336 ) (2480 1164 360 ) (2472 1164 360 ) (2476 1164 336 ) 
4 89 (2480 1247 360 ) (2480 1164 360 ) (2480 1164 192 ) (2480 1247 192 ) 
4 89 (2480 1247 360 ) (2480 1247 320 ) (2314 1247 320 ) (2314 1247 360 ) 
4 89 (2452 1247 320 ) (2480 1247 320 ) (2480 1247 192 ) (2452 1247 192 ) 
4 89 (2340 1247 320 ) (2340 1247 192 ) (2314 1247 192 ) (2314 1247 320 ) 
4 90 (2314 1140 352 ) (2314 1140 360 ) (2314 1164 360 ) (2314 1164 352 ) 
4 90 (2314 1140 336 ) (2314 1140 352 ) (2314 1164 352 ) (2314 1164 336 ) 
4 90 (2476 1140 336 ) (2476 1164 336 ) (2472 1164 360 ) (2472 1140 360 ) 
4 91 (2314 1140 192 ) (2314 1164 192 ) (2317 1164 192 ) (2317 1140 192 ) 
4 91 (2317 1164 192 ) (2477 1164 192 ) (2477 1140 192 ) (2317 1140 192 ) 
4 91 (2477 1164 192 ) (2480 1164 192 ) (2480 1140 192 ) (2477 1140 192 ) 
4 91 (2314 1140 320 ) (2314 1140 336 ) (2314 1164 336 ) (2314 1164 320 ) 
4 91 (2480 1164 336 ) (2476 1164 336 ) (2476 1140 336 ) (2480 1140 336 ) 
4 91 (2480 1164 336 ) (2480 1140 336 ) (2480 1140 192 ) (2480 1164 192 ) 
4 92 (2314 1055 192 ) (2314 1140 192 ) (2317 1140 192 ) (2317 1055 192 ) 
4 92 (2317 1140 192 ) (2477 1140 192 ) (2477 1055 192 ) (2317 1055 192 ) 
4 92 (2477 1140 192 ) (2480 1140 192 ) (2480 1055 192 ) (2477 1055 192 ) 
4 92 (2314 1095 192 ) (2314 1055 192 ) (2314 1055 304 ) (2314 1095 304 ) 
4 92 (2314 1055 304 ) (2314 1055 320 ) (2314 1095 320 ) (2314 1095 304 ) 
4 92 (2314 1055 352 ) (2314 1055 384 ) (2314 1140 384 ) (2314 1140 352 ) 
4 92 (2314 1055 320 ) (2314 1055 352 ) (2314 1140 352 ) (2314 1140 320 ) 
4 92 (2314 1055 296 ) (2314 1055 192 ) (2333 1055 192 ) (2333 1055 296 ) 
4 92 (2461 1055 192 ) (2480 1055 192 ) (2480 1055 296 ) (2461 1055 296 ) 
4 92 (2314 1055 384 ) (2314 1055 296 ) (2480 1055 296 ) (2480 1055 384 ) 
4 92 (2476 1140 336 ) (2472 1140 360 ) (2480 1140 360 ) (2480 1140 336 ) 
4 92 (2480 1140 384 ) (2314 1140 384 ) (2314 1055 384 ) (2480 1055 384 ) 
4 92 (2480 1140 384 ) (2480 1055 384 ) (2480 1055 192 ) (2480 1140 192 ) 
4 93 (2333 1055 192 ) (2461 1055 192 ) (2461 1047 192 ) (2333 1047 192 ) 
4 93 (2461 1055 192 ) (2461 1055 296 ) (2461 1047 296 ) (2461 1047 192 ) 
4 93 (2333 1047 192 ) (2461 1047 192 ) (2461 1047 296 ) (2333 1047 296 ) 
4 93 (2461 1055 296 ) (2333 1055 296 ) (2333 1047 296 ) (2461 1047 296 ) 
4 93 (2333 1047 192 ) (2333 1047 296 ) (2333 1055 296 ) (2333 1055 192 ) 
4 94 (2285 1648 377 ) (2280 1648 377 ) (2280 1648 416 ) (2285 1648 416 ) 
4 94 (2280 1520 377 ) (2280 1648 377 ) (2285 1648 377 ) (2285 1520 377 ) 
4 94 (2285 1648 416 ) (2285 1520 416 ) (2285 1520 377 ) (2285 1648 377 ) 
4 94 (2280 1520 416 ) (2280 1520 377 ) (2285 1520 377 ) (2285 1520 416 ) 
4 95 (2288 1277 384 ) (2288 1247 384 ) (2288 1247 416 ) (2288 1277 416 ) 
4 95 (2314 1247 384 ) (2314 1277 384 ) (2314 1277 416 ) (2314 1247 416 ) 
4 95 (2314 1277 384 ) (2314 1247 384 ) (2288 1247 384 ) (2288 1277 384 ) 
4 95 (2288 1247 384 ) (2314 1247 384 ) (2314 1247 416 ) (2288 1247 416 ) 
4 95 (2314 1277 416 ) (2314 1277 384 ) (2288 1277 384 ) (2288 1277 416 ) 
4 96 (2280 1399 384 ) (2280 1399 352 ) (2285 1399 352 ) (2285 1399 384 ) 
4 96 (2285 1472 416 ) (2285 1472 377 ) (2280 1472 377 ) (2280 1472 416 ) 
4 96 (2285 1472 377 ) (2285 1472 352 ) (2280 1472 352 ) (2280 1472 377 ) 
4 96 (2280 1399 352 ) (2280 1472 352 ) (2285 1472 352 ) (2285 1399 352 ) 
4 96 (2285 1399 384 ) (2285 1399 352 ) (2285 1472 352 ) (2285 1472 384 ) 
4 96 (2285 1399 416 ) (2285 1399 384 ) (2285 1472 384 ) (2285 1472 416 ) 
4 97 (2280 1344 416 ) (2280 1344 384 ) (2285 1344 384 ) (2285 1344 416 ) 
4 97 (2285 1399 416 ) (2285 1344 416 ) (2285 1344 384 ) (2285 1399 384 ) 
4 97 (2285 1344 384 ) (2280 1344 384 ) (2280 1399 384 ) (2285 1399 384 ) 
4 98 (2305 1118.992310 320 ) (2305 1118.992310 304 ) (2314 1094.992310 304 ) (2314 1094.991699 320 ) 
4 98 (2305 1183 320 ) (2305 1119 320 ) (2314 1095 320 ) (2314 1207 320 ) 
4 98 (2305 1183 304 ) (2305 1119 304 ) (2305 1119 320 ) (2305 1183 320 ) 
4 98 (2314 1206.995117 304 ) (2305 1182.993774 304 ) (2305 1182.993774 320 ) (2314 1206.993774 320 ) 
3 99 (2314 1207 192 ) (2314 1183 192 ) (2305 1183 192 ) 
4 99 (2305 1183 192 ) (2305 1183 304 ) (2314 1207 304 ) (2314 1207 192 ) 
4 100 (2280 1119 192 ) (2280 1183 192 ) (2314 1183 192 ) (2314 1119 192 ) 
4 100 (2305 1119 304 ) (2280 1119 304 ) (2280 1119 192 ) (2305 1119 192 ) 
4 100 (2305 1119 304 ) (2305 1183 304 ) (2280 1183 304 ) (2280 1119 304 ) 
4 100 (2305 1183 192 ) (2280 1183 192 ) (2280 1183 304 ) (2305 1183 304 ) 
3 101 (2305 1119 192 ) (2314 1119 192 ) (2314 1095 192 ) 
4 101 (2304.996582 1119 304 ) (2304.996582 1119 192 ) (2314 1094.992188 192 ) (2314 1094.992188 304 ) 
4 102 (2280 1520 377 ) (2280 1520 416 ) (2272 1520 416 ) (2272 1520 377 ) 
4 102 (2272 1648 377 ) (2272 1648 416 ) (2280 1648 416 ) (2280 1648 377 ) 
4 102 (2280 1520 377 ) (2272 1520 377 ) (2272 1648 377 ) (2280 1648 377 ) 
4 103 (2048 1520 192 ) (2048 1648 192 ) (2272 1648 192 ) (2272 1520 192 ) 
4 103 (2240 1520 192 ) (2272 1520 192 ) (2272 1520 416 ) (2240 1520 416 ) 
4 103 (2272 1648 192 ) (2272 1648 377 ) (2272 1520 377 ) (2272 1520 192 ) 
4 103 (2048 1648 416 ) (2272 1648 416 ) (2272 1648 192 ) (2048 1648 192 ) 
4 104 (2048 1472 192 ) (2048 1520 192 ) (2240 1520 192 ) (2240 1472 192 ) 
4 104 (2240 1472 416 ) (2240 1472 192 ) (2240 1520 192 ) (2240 1520 416 ) 
4 105 (2273 1344 392 ) (2272 1344 392 ) (2272 1344 384 ) (2273 1344 384 ) 
4 105 (2280 1344 384 ) (2280 1344 392 ) (2273 1344 392 ) (2273 1344 384 ) 
4 105 (2280 1344 392 ) (2280 1344 416 ) (2272 1344 416 ) (2272 1344 392 ) 
4 105 (2280 1344 384 ) (2273 1344 384 ) (2273 1399 384 ) (2280 1399 384 ) 
4 105 (2272 1472 416 ) (2272 1472 384 ) (2272 1344 384 ) (2272 1344 416 ) 
4 105 (2272 1472 384 ) (2272 1472 416 ) (2280 1472 416 ) (2280 1472 384 ) 
4 106 (2273 1472 352 ) (2273 1472 384 ) (2280 1472 384 ) (2280 1472 352 ) 
4 106 (2273 1399 352 ) (2273 1472 352 ) (2280 1472 352 ) (2280 1399 352 ) 
4 106 (2273 1399 384 ) (2273 1399 352 ) (2280 1399 352 ) (2280 1399 384 ) 
4 107 (2273 1344 384 ) (2272 1344 384 ) (2272 1344 352 ) (2273 1344 352 ) 
4 107 (2273 1399 384 ) (2273 1344 384 ) (2273 1344 352 ) (2273 1399 352 ) 
4 107 (2273 1344 352 ) (2272 1344 352 ) (2272 1472 352 ) (2273 1472 352 ) 
4 107 (2273 1472 352 ) (2272 1472 352 ) (2272 1472 384 ) (2273 1472 384 ) 
4 107 (2272 1472 384 ) (2272 1472 352 ) (2272 1344 352 ) (2272 1344 384 ) 
4 108 (2048 1344 192 ) (2048 1472 192 ) (2240 1472 192 ) (2240 1344 192 ) 
4 108 (2048 1344 192 ) (2240 1344 192 ) (2240 1344 352 ) (2048 1344 352 ) 
4 108 (2240 1344 352 ) (2240 1344 392 ) (2048 1344 392 ) (2048 1344 352 ) 
4 108 (2240 1344 392 ) (2240 1344 416 ) (2048 1344 416 ) (2048 1344 392 ) 
4 108 (2240 1344 416 ) (2240 1344 352 ) (2240 1472 352 ) (2240 1472 416 ) 
4 108 (2240 1344 352 ) (2240 1344 192 ) (2240 1472 192 ) (2240 1472 352 ) 
4 109 (2048 1324 416 ) (2269 1324 416 ) (2269 1324 392 ) (2048 1324 392 ) 
4 109 (2269 1319 416 ) (2264 1319 416 ) (2263.157227 1024 416 ) (2269 1024 416 ) 
4 109 (2269 1319 416 ) (2269 1324 416 ) (2048 1324 416 ) (2048 1319 416 ) 
4 109 (2269 1024 416 ) (2269 1024 392 ) (2269 1324 392 ) (2269 1324 416 ) 
4 110 (2273 1087 192 ) (2273 1215 192 ) (2280 1215 192 ) (2280 1087 192 ) 
4 110 (2280 1087 192 ) (2280 1087 352 ) (2273 1087 352 ) (2273 1087 192 ) 
4 110 (2280 1119 304 ) (2280 1087 304 ) (2280 1087 192 ) (2280 1119 192 ) 
4 110 (2280 1215 304 ) (2280 1183 304 ) (2280 1183 192 ) (2280 1215 192 ) 
4 110 (2280 1215 320 ) (2280 1087 320 ) (2280 1087 304 ) (2280 1215 304 ) 
4 110 (2280 1215 352 ) (2280 1087 352 ) (2280 1087 320 ) (2280 1215 320 ) 
4 110 (2280 1087 352 ) (2280 1215 352 ) (2273 1215 352 ) (2273 1087 352 ) 
4 110 (2273 1215 192 ) (2273 1215 352 ) (2280 1215 352 ) (2280 1215 192 ) 
4 111 (2273 1164 360 ) (2273 1164 384 ) (2265 1164 384 ) (2269 1164 360 ) 
4 111 (2271 1215 352 ) (2271 1328 352 ) (2273 1328 352 ) (2273 1215 352 ) 
4 111 (2048 1328 352 ) (2048 1328 392 ) (2273 1328 392 ) (2273 1328 352 ) 
4 111 (2273 1164 352 ) (2273 1328 352 ) (2273 1328 392 ) (2273 1164 392 ) 
4 111 (2048 1328 392 ) (2048 1324 392 ) (2273 1324 392 ) (2273 1328 392 ) 
4 111 (2273 1164 392 ) (2273 1324 392 ) (2269 1324 392 ) (2269 1164 392 ) 
4 112 (2273 1215 192 ) (2273 1164 192 ) (2271 1164 192 ) (2271 1215 192 ) 
4 112 (2273 1215 352 ) (2273 1215 192 ) (2271 1215 192 ) (2271 1215 352 ) 
4 113 (2048 1164 192 ) (2048 1328 192 ) (2271 1328 192 ) (2271 1164 192 ) 
4 113 (2271 1215 192 ) (2271 1328 192 ) (2271 1328 352 ) (2271 1215 352 ) 
4 113 (2048 1328 352 ) (2271 1328 352 ) (2271 1328 192 ) (2048 1328 192 ) 
4 114 (2273 1140 384 ) (2265 1140 384 ) (2265 1164 384 ) (2273 1164 384 ) 
4 114 (2273 1140 384 ) (2273 1164 384 ) (2273 1164 392 ) (2273 1140 392 ) 
4 114 (2273 1140 392 ) (2273 1164 392 ) (2269 1164 392 ) (2269 1140 392 ) 
4 115 (2269 1140 360 ) (2269 1164 360 ) (2265 1164 384 ) (2265 1140 384 ) 
4 116 (2048 1140 192 ) (2048 1164 192 ) (2273 1164 192 ) (2273 1140 192 ) 
4 116 (2273 1164 360 ) (2269 1164 360 ) (2269 1140 360 ) (2273 1140 360 ) 
4 116 (2273 1140 360 ) (2273 1140 352 ) (2273 1164 352 ) (2273 1164 360 ) 
4 117 (2273 1024 192 ) (2048 1024 192 ) (2048 1140 192 ) (2273 1140 192 ) 
4 117 (2269 1140 360 ) (2265 1140 384 ) (2273 1140 384 ) (2273 1140 360 ) 
4 117 (2273 1140 392 ) (2269 1140 392 ) (2269 1024 392 ) (2273 1024 392 ) 
4 117 (2273 1024 352 ) (2273 1140 352 ) (2273 1140 392 ) (2273 1024 392 ) 
4 117 (2273 1087 352 ) (2273 1024 352 ) (2273 1024 192 ) (2273 1087 192 ) 
4 118 (2317 1505 192 ) (2317 1857 192 ) (2317 1921 160 ) (2317 1505 160 ) 
4 118 (2317 1505 160 ) (2317 1537 160 ) (2477 1537 160 ) (2477 1505 160 ) 
4 118 (2317 1505 176 ) (2317 1505 160 ) (2477 1505 160 ) (2477 1505 176 ) 
4 118 (2477 1505 160 ) (2477 1921 160 ) (2477 1857 192 ) (2477 1505 192 ) 
4 118 (2477 1921.003052 160 ) (2317 1921.003052 160 ) (2317 1857.003052 192 ) (2477 1857.003052 192 ) 
4 119 (2317 1473 192 ) (2317 1505 192 ) (2317 1505 176 ) (2317 1473 176 ) 
4 119 (2317 1473 192 ) (2317 1473 176 ) (2477 1473 176 ) (2477 1473 192 ) 
4 119 (2477 1473 176 ) (2477 1505 176 ) (2477 1505 192 ) (2477 1473 192 ) 
4 119 (2477 1473 176 ) (2317 1473 176 ) (2317 1505 176 ) (2477 1505 176 ) 
4 120 (2317 1793 16 ) (2317 1793 32 ) (2317 2048 32 ) (2317 2048 16 ) 
5 120 (2317 1793 32 ) (2317 1793 160 ) (2317 2017 160 ) (2317 2048 144.499969 ) (2317 2048 32 ) 
4 120 (2477 1793 16 ) (2477 1793 32 ) (2317 1793 32 ) (2317 1793 16 ) 
4 120 (2477 1793 16 ) (2317 1793 16 ) (2317 1825 16 ) (2477 1825 16 ) 
4 120 (2477 1921 160 ) (2477 2017 160 ) (2317 2017 160 ) (2317 1921 160 ) 
5 120 (2477 2048 16 ) (2477 2048 144.499969 ) (2477 2017 160 ) (2477 1793 160 ) (2477 1793 16 ) 
4 120 (2317 2048 144.499893 ) (2317 2017 160 ) (2477 2017 160 ) (2477 2048 144.499893 ) 
4 121 (2317 1825 0 ) (2317 1857 0 ) (2477 1857 0 ) (2477 1825 0 ) 
4 121 (2317 2048 0 ) (2317 1825 0 ) (2317 1825 16 ) (2317 2048 16 ) 
4 121 (2477 2048 16 ) (2477 1825 16 ) (2477 1825 0 ) (2477 2048 0 ) 
4 121 (2477 1825 0 ) (2477 1825 16 ) (2317 1825 16 ) (2317 1825 0 ) 
4 122 (2317 1537 144 ) (2317 1537 160 ) (2317 1793 160 ) (2317 1793 144 ) 
4 122 (2477 1537 144 ) (2317 1537 144 ) (2317 1569 144 ) (2477 1569 144 ) 
4 122 (2477 1793 144 ) (2477 1793 160 ) (2477 1537 160 ) (2477 1537 144 ) 
4 122 (2477 1537 144 ) (2477 1537 160 ) (2317 1537 160 ) (2317 1537 144 ) 
4 123 (2317 1761 144 ) (2317 1793 144 ) (2317 1793 32 ) (2317 1761 32 ) 
4 123 (2317 1761 32 ) (2477 1761 32 ) (2477 1761 48 ) (2317 1761 48 ) 
4 123 (2477 1761 32 ) (2477 1793 32 ) (2477 1793 144 ) (2477 1761 144 ) 
4 123 (2317 1761 32 ) (2317 1793 32 ) (2477 1793 32 ) (2477 1761 32 ) 
4 124 (2317 1569 144 ) (2317 1761 144 ) (2317 1761 128 ) (2317 1569 128 ) 
4 124 (2477 1569 128 ) (2317 1569 128 ) (2317 1601 128 ) (2477 1601 128 ) 
4 124 (2477 1569 128 ) (2477 1761 128 ) (2477 1761 144 ) (2477 1569 144 ) 
4 124 (2477 1569 128 ) (2477 1569 144 ) (2317 1569 144 ) (2317 1569 128 ) 
4 125 (2317 1761 128 ) (2317 1761 48 ) (2317 1729 48 ) (2317 1729 128 ) 
4 125 (2317 1729 48 ) (2477 1729 48 ) (2477 1729 64 ) (2317 1729 64 ) 
4 125 (2477 1729 128 ) (2477 1729 48 ) (2477 1761 48 ) (2477 1761 128 ) 
4 125 (2317 1729 48 ) (2317 1761 48 ) (2477 1761 48 ) (2477 1729 48 ) 
4 126 (2317 1601 112 ) (2317 1601 128 ) (2317 1729 128 ) (2317 1729 112 ) 
4 126 (2477 1601 112 ) (2317 1601 112 ) (2317 1633 112 ) (2477 1633 112 ) 
4 126 (2477 1729 112 ) (2477 1729 128 ) (2477 1601 128 ) (2477 1601 112 ) 
4 126 (2477 1601 112 ) (2477 1601 128 ) (2317 1601 128 ) (2317 1601 112 ) 
4 127 (2317 1697 112 ) (2317 1729 112 ) (2317 1729 64 ) (2317 1697 64 ) 
4 127 (2317 1697 64 ) (2477 1697 64 ) (2477 1697 80 ) (2317 1697 80 ) 
4 127 (2477 1697 64 ) (2477 1729 64 ) (2477 1729 112 ) (2477 1697 112 ) 
4 127 (2317 1697 64 ) (2317 1729 64 ) (2477 1729 64 ) (2477 1697 64 ) 
4 128 (2317 1633 112 ) (2317 1697 112 ) (2317 1697 96 ) (2317 1633 96 ) 
4 128 (2477 1633 96 ) (2317 1633 96 ) (2317 1665 96 ) (2477 1665 96 ) 
4 128 (2477 1633 96 ) (2477 1697 96 ) (2477 1697 112 ) (2477 1633 112 ) 
4 128 (2477 1633 96 ) (2477 1633 112 ) (2317 1633 112 ) (2317 1633 96 ) 
4 129 (2317 1697 96 ) (2317 1697 80 ) (2317 1665 80 ) (2317 1665 96 ) 
4 129 (2317 1665 80 ) (2317 1697 80 ) (2477 1697 80 ) (2477 1665 80 ) 
4 129 (2477 1665 96 ) (2477 1665 80 ) (2477 1697 80 ) (2477 1697 96 ) 
4 129 (2317 1665 80 ) (2477 1665 80 ) (2477 1665 96 ) (2317 1665 96 ) 
4 130 (2048 1512 16 ) (2144 1512 16 ) (2144 1512 32 ) (2048 1512 32 ) 
4 130 (2048 1784 32 ) (2048 1512 32 ) (2144 1512 32 ) (2144 1784 32 ) 
4 130 (2144 1784 32 ) (2144 1512 32 ) (2144 1512 16 ) (2144 1784 16 ) 
4 130 (2048 1784 32 ) (2144 1784 32 ) (2144 1784 16 ) (2048 1784 16 ) 
4 131 (2080 2017 16 ) (2080 2023 16 ) (2080 2023 12 ) (2080 2017 12 ) 
4 131 (2136 2048 16 ) (2136 1824 16 ) (2136 1824 0 ) (2136 2048 0 ) 
4 131 (2080 1824 0 ) (2136 1824 0 ) (2136 1824 16 ) (2080 1824 16 ) 
4 131 (2080 1824 16 ) (2136 1824 16 ) (2136 2048 16 ) (2080 2048 16 ) 
4 132 (2071 2026 12 ) (2077 2026 12 ) (2077 2026 16 ) (2075 2026 16 ) 
4 132 (2074 2026 15 ) (2075.001953 2026 16 ) (2075.001953 2048 16 ) (2074 2048 15 ) 
4 132 (2075 2026 16 ) (2080 2026 16 ) (2080 2048 16 ) (2075 2048 16 ) 
4 133 (2071 2026 12 ) (2074 2026 15 ) (2073 2026 16 ) (2071 2026 16 ) 
4 133 (2068 2026 16 ) (2073 2026 16 ) (2073 2048 16 ) (2068 2048 16 ) 
4 133 (2073 2026 16 ) (2074 2026 15 ) (2074 2048 15 ) (2073 2048 16 ) 
4 134 (2070.998779 2014 16 ) (2070.998779 2014 12 ) (2068 2016.998657 12 ) (2068 2016.998657 16 ) 
3 134 (2068 2017 16 ) (2068 2014 16 ) (2071 2014 16 ) 
4 135 (2068 2023 16 ) (2068 2023 12 ) (2071 2026 12 ) (2071 2026 16 ) 
3 135 (2071 2026 16 ) (2068 2026 16 ) (2068 2023 16 ) 
4 136 (2080 2017 16 ) (2080 2017 12 ) (2077 2014 12 ) (2077 2014 16 ) 
3 136 (2077 2014 16 ) (2080 2014 16 ) (2080 2017 16 ) 
3 137 (2077 2026 16 ) (2080 2023 16 ) (2080 2026 16 ) 
4 137 (2077 2026 16 ) (2077 2026 12 ) (2080 2023 12 ) (2080 2023 16 ) 
4 138 (2071 2014 16 ) (2077 2014 16 ) (2077 2014 12 ) (2071 2014 12 ) 
4 138 (2080 1824 12 ) (2080 1824 16 ) (2068 1824 16 ) (2068 1824 12 ) 
4 138 (2068 2014 16 ) (2068 1824 16 ) (2080 1824 16 ) (2080 2014 16 ) 
8 139 (2071 2014 12 ) (2077 2014 12 ) (2080 2017 12 ) (2080 2023 12 ) (2077 2026 12 ) (2071 2026 12 ) (2068 2023 12 ) (2068 2017 12 ) 
4 139 (2068 1824 0 ) (2080 1824 0 ) (2080 1824 12 ) (2068 1824 12 ) 
4 140 (2068 2017 12 ) (2068 2023 12 ) (2068 2023 16 ) (2068 2017 16 ) 
4 140 (2048 1824 0 ) (2068 1824 0 ) (2068 1824 16 ) (2048 1824 16 ) 
4 140 (2048 1824 16 ) (2068 1824 16 ) (2068 2048 16 ) (2048 2048 16 ) 
4 141 (2048 1504 0 ) (2152 1504 0 ) (2152 1504 16 ) (2048 1504 16 ) 
4 141 (2048 1792 16 ) (2152 1792 16 ) (2152 1792 0 ) (2048 1792 0 ) 
4 141 (2152 1792 16 ) (2144 1792 16 ) (2144 1504 16 ) (2152 1504 16 ) 
4 141 (2048 1512 16 ) (2048 1504 16 ) (2144 1504 16 ) (2144 1512 16 ) 
4 141 (2048 1792 16 ) (2048 1784 16 ) (2144 1784 16 ) (2144 1792 16 ) 
4 141 (2152 1504 16 ) (2152 1504 0 ) (2152 1792 0 ) (2152 1792 16 ) 
4 142 (2317 1889 0 ) (2317 2048 0 ) (2317 2048 -32 ) (2317 1889 -32 ) 
4 142 (2317 1889 -32 ) (2317 2017 -32 ) (2477 2017 -32 ) (2477 1889 -32 ) 
4 142 (2317 1889 -16 ) (2317 1889 -32 ) (2477 1889 -32 ) (2477 1889 -16 ) 
4 142 (2477 1889 -32 ) (2477 2048 -32 ) (2477 2048 0 ) (2477 1889 0 ) 
4 143 (2317 1857 0 ) (2317 1889 0 ) (2317 1889 -16 ) (2317 1857 -16 ) 
4 143 (2477 1857 -16 ) (2477 1889 -16 ) (2477 1889 0 ) (2477 1857 0 ) 
4 143 (2317 1857 0 ) (2317 1857 -16 ) (2477 1857 -16 ) (2477 1857 0 ) 
4 143 (2477 1857 -16 ) (2317 1857 -16 ) (2317 1889 -16 ) (2477 1889 -16 ) 
4 144 (2317 2017 -48 ) (2317 2017 -32 ) (2317 2048 -32 ) (2317 2048 -48 ) 
4 144 (2477 2017 -48 ) (2477 2017 -32 ) (2317 2017 -32 ) (2317 2017 -48 ) 
4 144 (2477 2048 -48 ) (2477 2048 -32 ) (2477 2017 -32 ) (2477 2017 -48 ) 
4 144 (2477 2017 -48 ) (2317 2017 -48 ) (2317 2048 -48 ) (2477 2048 -48 ) 
4 145 (2112 1824 0 ) (2048 1824 0 ) (2048 1824 -64 ) (2112 1824 -64 ) 
4 145 (2144 1824 0 ) (2112 1824 0 ) (2112 1824 -176 ) (2144 1824 -176 ) 
4 145 (2048 2048 -176 ) (2144 2048 -176 ) (2144 1824 -176 ) (2048 1824 -176 ) 
4 145 (2136 1824 0 ) (2144 1824 0 ) (2144 2048 0 ) (2136 2048 0 ) 
4 145 (2144 2048 0 ) (2144 1824 0 ) (2144 1824 -176 ) (2144 2048 -176 ) 
4 146 (2048 1824 -64 ) (2048 1824 -176 ) (2048 1792 -176 ) (2048 1792 -64 ) 
4 146 (2048 1824 -176 ) (2112 1824 -176 ) (2112 1792 -176 ) (2048 1792 -176 ) 
4 146 (2112 1792 -64 ) (2112 1792 -176 ) (2112 1824 -176 ) (2112 1824 -64 ) 
4 146 (2048 1792 -64 ) (2112 1792 -64 ) (2112 1824 -64 ) (2048 1824 -64 ) 
4 147 (2152 1504 0 ) (2152 1504 -176 ) (2152 1792 -176 ) (2152 1792 0 ) 
4 147 (2152 1792 -176 ) (2112 1792 -176 ) (2112 1792 0 ) (2152 1792 0 ) 
4 147 (2048 1792 -64 ) (2048 1792 0 ) (2112 1792 0 ) (2112 1792 -64 ) 
4 147 (2048 1504 -176 ) (2048 1792 -176 ) (2152 1792 -176 ) (2152 1504 -176 ) 
4 147 (2048 1504 -176 ) (2152 1504 -176 ) (2152 1504 0 ) (2048 1504 0 ) 
4 148 (2288 680 768 ) (2288 680 960 ) (2048 680 960 ) (2048 680 768 ) 
3 148 (2056 680 768 ) (2048 680 768 ) (2056 688 768 ) 
4 148 (2288 680 960 ) (2288 1024 960 ) (2048 1024 960 ) (2048 680 960 ) 
4 148 (2288 680 768 ) (2288 1024 768 ) (2288 1024 960 ) (2288 680 960 ) 
4 149 (2056 680 736 ) (2288 680 736 ) (2288 680 768 ) (2056 680 768 ) 
4 149 (2056 688 736 ) (2056 680 736 ) (2056 680 768 ) (2056 688 768 ) 
4 149 (2288 680 768 ) (2288 680 736 ) (2288 1024 736 ) (2288 1024 768 ) 
3 150 (2056 688 736 ) (2048 680 736 ) (2048 688 736 ) 
4 150 (2056 688 736 ) (2056 688 768 ) (2048 680 768 ) (2048 680 736 ) 
4 151 (2273 969 440 ) (2273 968 440 ) (2120 968 440 ) (2120 969 440 ) 
4 151 (2120 968 440 ) (2103 968 440 ) (2103 969 440 ) (2120 969 440 ) 
4 151 (2263.157227 1024 440 ) (2273 1024 440 ) (2273 969 440 ) (2263 969 440 ) 
4 151 (2104 968 440 ) (2120 968 440 ) (2064 1024 496 ) (2048 1024 496 ) 
4 151 (2120 968 440 ) (2273 968 440 ) (2273 1024 496 ) (2064 1024 496 ) 
3 151 (2273 1024 495.987549 ) (2273 968.012451 440 ) (2273 1024 440 ) 
4 152 (2120 952 440 ) (2120 696 440 ) (2048 696 512 ) (2048 1024 512 ) 
5 152 (2288 696 440 ) (2288 952 440 ) (2288 1024 512 ) (2288 1024 736 ) (2288 696 736 ) 
4 152 (2288 952.002686 440 ) (2120 952.002686 440 ) (2048.002686 1024 511.997314 ) (2288 1024 511.997314 ) 
4 153 (2103 696 440 ) (2048 696 440 ) (2048 705 440 ) (2103 705 440 ) 
4 153 (2104 696 440 ) (2103 696 440 ) (2103 968 440 ) (2104 968 440 ) 
3 153 (2048 696 440 ) (2104 696 440 ) (2048 696 496 ) 
4 153 (2048 696 495.998840 ) (2104 696 440 ) (2104 967.998169 440 ) (2048 1023.998169 496 ) 
4 154 (2056 688 720 ) (2056 688 736 ) (2048 688 736 ) (2048 688 720 ) 
4 154 (2048 696 511.997070 ) (2119.997070 696 440 ) (2119.998291 688 440 ) (2048 688 511.998688 ) 
4 154 (2288 688 440 ) (2288 696 440 ) (2288 696 736 ) (2288 688 736 ) 
3 155 (2048 680 512 ) (2048 688 511.998688 ) (2056 688 503.998566 ) 
3 155 (2048 680.001709 696.014343 ) (2055.998047 688 720.009460 ) (2048 688 720.009460 ) 
5 156 (2120 680 440 ) (2288 680 440 ) (2288 680 736 ) (2048 680 736 ) (2048 680 512 ) 
4 156 (2056 688 736 ) (2056 688 720 ) (2048 680 696 ) (2048 680 736 ) 
4 156 (2288 680 440 ) (2288 688 440 ) (2288 688 736 ) (2288 680 736 ) 
3 156 (2048 680 736 ) (2056 680 736 ) (2056 688 736 ) 
4 156 (2119.998291 688 440 ) (2120 680 440 ) (2048 680 512 ) (2056 688 503.998566 ) 
4 157 (2263 969 432 ) (2263 969 440 ) (2120 969 440 ) (2128 969 432 ) 
4 157 (2120 969 440 ) (2103 969 440 ) (2103 969 432 ) (2128 969 432 ) 
4 157 (2103 969 416 ) (2263 969 416 ) (2263 969 432 ) (2103 969 432 ) 
4 157 (2263 969 440 ) (2263 969 416 ) (2263.157227 1024 416 ) (2263.157227 1024 440 ) 
4 158 (2119.990967 680 440 ) (2127.988770 680 432 ) (2288 680 432 ) (2288 680 440 ) 
4 158 (2288 944 432 ) (2288 680 432 ) (2128 680 432 ) (2128 944 432 ) 
4 158 (2288 680 432 ) (2288 944 432 ) (2288 952 440 ) (2288 680 440 ) 
4 158 (2127.997803 944 432 ) (2127.997803 680 432 ) (2119.997803 680 440 ) (2119.997803 952 440 ) 
4 158 (2288 944.001038 432 ) (2128 944.001038 432 ) (2120 952.001038 440 ) (2288 952.001038 440 ) 
4 159 (2103 705 432 ) (2103 705 416 ) (2103 969 416 ) (2103 969 432 ) 
4 159 (2103 705 440 ) (2103 705 432 ) (2103 969 432 ) (2103 969 440 ) 
4 159 (2048 705 416 ) (2103 705 416 ) (2103 705 440 ) (2048 705 440 ) 
4 160 (2109 963 392 ) (2269 963 392 ) (2269 963 416 ) (2109 963 416 ) 
4 160 (2269 963 416 ) (2269 969 416 ) (2103 969 416 ) (2103 963 416 ) 
4 160 (2263 969 416 ) (2269 969 416 ) (2269 1024 416 ) (2263.157227 1024 416 ) 
4 160 (2269 1024 416 ) (2269 963 416 ) (2269 963 392 ) (2269 1024 392 ) 
4 161 (2108 700 416 ) (2109 963 416 ) (2103 963 416 ) (2103 700 416 ) 
4 161 (2103 700 416 ) (2103 705 416 ) (2048 705 416 ) (2048 700 416 ) 
4 161 (2048 700 392 ) (2108 700 392 ) (2108 700 416 ) (2048 700 416 ) 
4 161 (2108 700 416 ) (2108 700 392 ) (2109 963 392 ) (2109 963 416 ) 
4 162 (2048 996 192 ) (2048 1024 192 ) (2273 1024 192 ) (2273 996 192 ) 
4 162 (2244 996 208 ) (2244 996 212 ) (2132 996 212 ) (2132 996 208 ) 
4 162 (2128 996 192 ) (2132 996 192 ) (2132 996 216 ) (2128 996 216 ) 
4 162 (2244 996 192 ) (2248 996 192 ) (2248 996 216 ) (2244 996 216 ) 
4 162 (2273 996 392 ) (2273 1024 392 ) (2269 1024 392 ) (2269 996 392 ) 
4 162 (2273 1024 392 ) (2273 996 392 ) (2273 996 192 ) (2273 1024 192 ) 
4 163 (2248 996 192 ) (2273 996 192 ) (2273 960 192 ) (2248 960 192 ) 
4 163 (2273 960 202 ) (2273 960 288 ) (2248 960 288 ) (2248 960 202 ) 
4 163 (2248 960 192 ) (2273 960 192 ) (2273 960 202 ) (2248 960 202 ) 
4 163 (2273 960 288 ) (2273 960 392 ) (2248 960 392 ) (2248 960 288 ) 
4 163 (2248 996 216 ) (2248 996 192 ) (2248 960 192 ) (2248 960 226.285736 ) 
4 163 (2248 968 224 ) (2248 960 226.285736 ) (2248 960 244 ) (2248 964 244 ) 
4 163 (2273 960 392 ) (2273 996 392 ) (2269 996 392 ) (2269 960 392 ) 
4 163 (2248 960 392 ) (2269 960 392 ) (2269 963 392 ) (2248 963 392 ) 
4 163 (2273 996 392 ) (2273 960 392 ) (2273 960 192 ) (2273 996 192 ) 
4 164 (2248 960 244 ) (2248 960 288 ) (2128 960 288 ) (2128 960 244 ) 
4 164 (2248 960 288 ) (2248 960 392 ) (2128 960 392 ) (2128 960 288 ) 
4 164 (2128 960 244 ) (2128 964 244 ) (2248 964 244 ) (2248 960 244 ) 
4 164 (2128 960 392 ) (2248 960 392 ) (2248 963 392 ) (2128 963 392 ) 
4 165 (2128 968 224 ) (2128 996 215.998978 ) (2132 996 216 ) (2132 968 224 ) 
4 165 (2244 996 216.001038 ) (2248 996 216.001114 ) (2248 968 224.001389 ) (2244 968 224.001358 ) 
4 165 (2128 968 223.998856 ) (2248 968 223.998856 ) (2248 964 244 ) (2128 964 244 ) 
4 166 (2132 992 214 ) (2132 995.996765 212 ) (2244 995.996765 212 ) (2244 992 214 ) 
3 166 (2132 977.351257 221.327423 ) (2132 996 215.998962 ) (2132 996 212 ) 
3 166 (2244 996 212 ) (2244 996 215.998962 ) (2244 977.351257 221.327423 ) 
4 167 (2132 968 212 ) (2132 984.001892 212 ) (2244 984.001892 212 ) (2244 968 212 ) 
5 167 (2244 968 212 ) (2244 984.001892 212 ) (2244 992.001831 214 ) (2244 977.351257 221.327423 ) (2244 968 224 ) 
5 167 (2132 968 224 ) (2132 977.351257 221.327423 ) (2132 992.001831 214 ) (2132 984.001892 212 ) (2132 968 212 ) 
4 167 (2132 968 224.003998 ) (2132 968 212 ) (2244 968 212 ) (2244 968 224 ) 
4 167 (2244 984.002258 212 ) (2132 984.002258 212 ) (2132 992 214 ) (2244 992 214 ) 
4 168 (2132 996 192 ) (2244 996 192 ) (2244 968 192 ) (2132 968 192 ) 
4 168 (2244 984 208 ) (2244 996 208 ) (2132 996 208 ) (2132 984 208 ) 
4 168 (2132 984 208 ) (2132 996 208 ) (2132 996 192 ) (2132 968 192 ) 
4 168 (2244 968 192 ) (2244 996 192 ) (2244 996 208 ) (2244 984 208 ) 
4 168 (2244 968.001953 192 ) (2244 984.002625 208 ) (2132 984.002625 208 ) (2132 968.002625 192 ) 
4 169 (2048 960 192 ) (2048 996 192 ) (2128 996 192 ) (2128 960 192 ) 
4 169 (2128 960 202 ) (2128 960 288 ) (2112 960 288 ) (2112 960 202 ) 
4 169 (2112 960 192 ) (2128 960 192 ) (2128 960 202 ) (2112 960 202 ) 
4 169 (2128 960 288 ) (2128 960 392 ) (2112 960 392 ) (2112 960 288 ) 
4 169 (2128 960 226.285736 ) (2128 960 192 ) (2128 996 192 ) (2128 996 216 ) 
4 169 (2128 964 244 ) (2128 960 244 ) (2128 960 226.285736 ) (2128 968 224 ) 
4 169 (2108.988525 960 392 ) (2128 960 392 ) (2128 963 392 ) (2109 963 392 ) 
4 170 (2112 884 288 ) (2136 884 288 ) (2136 884 202 ) (2112 884 202 ) 
4 170 (2136 780 288 ) (2112 780 288 ) (2112 780 202 ) (2136 780 202 ) 
4 170 (2136 780 288 ) (2136 884 288 ) (2112 884 288 ) (2112 780 288 ) 
4 170 (2136 780 202 ) (2112 780 202 ) (2112 884 202 ) (2136 884 202 ) 
4 170 (2136 780 288 ) (2136 780 202 ) (2136 884 202 ) (2136 884 288 ) 
4 171 (2072 760 328 ) (2072 904 328 ) (2080 904 328 ) (2080 760 328 ) 
4 171 (2112 768 328 ) (2112 760 328 ) (2080 760 328 ) (2080 768 328 ) 
4 171 (2112 896 328 ) (2112 780 328 ) (2080 780 328 ) (2080 896 328 ) 
4 171 (2112 780 328 ) (2112 768 328 ) (2080 768 328 ) (2080 780 328 ) 
4 171 (2112 904 328 ) (2112 896 328 ) (2080 896 328 ) (2080 904 328 ) 
4 171 (2112 696 392 ) (2112 700 392 ) (2048 700 392 ) (2048 696 392 ) 
4 171 (2112 960 392 ) (2108.988525 960 392 ) (2108 700 392 ) (2112 700 392 ) 
4 171 (2112 696 328 ) (2112 696 392 ) (2048 696 392 ) (2048 696 328 ) 
4 171 (2112 696 392 ) (2112 696 328 ) (2112 960 328 ) (2112 960 392 ) 
4 172 (2072 904 200 ) (2072 920 200 ) (2112 920 200 ) (2112 904 200 ) 
4 172 (2072 904 328 ) (2072 904 320 ) (2080 904 320 ) (2080 904 328 ) 
4 172 (2112 904 320 ) (2112 904 328 ) (2080 904 328 ) (2080 904 320 ) 
4 172 (2112 904 328 ) (2112 904 288 ) (2112 960 288 ) (2112 960 328 ) 
4 172 (2112 904 202 ) (2112 904 200 ) (2112 960 200 ) (2112 960 202 ) 
4 172 (2112 904 288 ) (2112 904 202 ) (2112 960 202 ) (2112 960 288 ) 
4 173 (2080 896 200 ) (2080 904 200 ) (2112 904 200 ) (2112 896 200 ) 
4 173 (2080 896 288 ) (2080 896 200 ) (2112 896 200 ) (2112 896 288 ) 
4 173 (2080 896 304 ) (2080 896 288 ) (2112 896 288 ) (2112 896 304 ) 
4 173 (2112 904 288 ) (2112 896 288 ) (2112 896 202 ) (2112 904 202 ) 
4 173 (2112 904 202 ) (2112 896 202 ) (2112 896 200 ) (2112 904 200 ) 
4 173 (2112 904 320 ) (2112 896 304 ) (2112 896 288 ) (2112 904 288 ) 
4 173 (2080 904 320.003174 ) (2080 896 303.998535 ) (2112 896 303.998535 ) (2112 904 320.003174 ) 
4 174 (2088 780 208 ) (2080 780 208 ) (2080 884 208 ) (2088 884 208 ) 
4 174 (2112 884 208 ) (2080 884 208 ) (2080 884 288 ) (2112 884 288 ) 
4 174 (2080 780 288 ) (2080 780 208 ) (2112 780 208 ) (2112 780 288 ) 
4 174 (2112 884 288 ) (2080 884 288 ) (2080 780 288 ) (2112 780 288 ) 
4 175 (2112 780 202 ) (2088 780 202 ) (2088 884 202 ) (2112 884 202 ) 
4 175 (2088 884 208 ) (2112 884 208 ) (2112 884 202 ) (2088 884 202 ) 
4 175 (2088 780 202 ) (2112 780 202 ) (2112 780 208 ) (2088 780 208 ) 
4 175 (2088 884 202 ) (2088 780 202 ) (2088 780 208 ) (2088 884 208 ) 
4 176 (2080 760 200 ) (2080 768 200 ) (2112 768 200 ) (2112 760 200 ) 
4 176 (2112 768 304 ) (2112 760 320 ) (2112 760 288 ) (2112 768 288 ) 
4 176 (2112 760 200 ) (2112 768 200 ) (2112 768 288 ) (2112 760 288 ) 
4 176 (2112 768 304 ) (2112 768 200 ) (2080 768 200 ) (2080 768 304 ) 
4 176 (2112 768 304.003082 ) (2080 768 304.003082 ) (2080 760 320.002014 ) (2112 760 320.002014 ) 
4 177 (2112 744 200 ) (2080 744 200 ) (2080 760 200 ) (2112 760 200 ) 
4 177 (2112 760 328 ) (2112 760 320 ) (2080 760 320 ) (2080 760 328 ) 
4 177 (2112 760 328 ) (2112 744 328 ) (2112 744 288 ) (2112 760 288 ) 
4 177 (2112 760 200 ) (2112 760 288 ) (2112 744 288 ) (2112 744 200 ) 
4 178 (2080 744 200 ) (2072 744 200 ) (2072 904 200 ) (2080 904 200 ) 
4 178 (2080 768 303.998260 ) (2080 896 303.998260 ) (2072 904 319.998260 ) (2072 760 319.998260 ) 
4 178 (2080 780 304 ) (2080 768 304 ) (2080 768 200 ) (2080 780 200 ) 
4 178 (2080 896 288 ) (2080 896 304 ) (2080 780 304 ) (2080 780 288 ) 
4 178 (2080 896 288 ) (2080 884 288 ) (2080 884 200 ) (2080 896 200 ) 
4 178 (2080 884 202 ) (2080 780 202 ) (2080 780 200 ) (2080 884 200 ) 
4 178 (2080 884 202 ) (2080 884 208 ) (2080 780 208 ) (2080 780 202 ) 
4 179 (2072 903.998535 320 ) (2080 896 303.998474 ) (2080 904 320 ) (2072 904 320.003174 ) 
3 180 (2080 768 304 ) (2072 760 320 ) (2080 760 320 ) 
4 181 (2080 760 328 ) (2080 760 320 ) (2072 760 320.001862 ) (2072 760 328 ) 
4 182 (2072 744 200 ) (2048 744 200 ) (2048 920 200 ) (2072 920 200 ) 
4 182 (2072 760 320 ) (2072 904 320 ) (2072 904 328 ) (2072 760 328 ) 
4 183 (2048 920 192 ) (2048 960 192 ) (2112 960 192 ) (2112 920 192 ) 
4 183 (2112 920 200 ) (2112 920 192 ) (2112 960 192 ) (2112 960 200 ) 
4 183 (2048 920 192 ) (2112 920 192 ) (2112 920 200 ) (2048 920 200 ) 
4 184 (2048 696 192 ) (2048 744 192 ) (2112 744 192 ) (2112 696 192 ) 
4 184 (2048 744 200 ) (2112 744 200 ) (2112 744 192 ) (2048 744 192 ) 
4 184 (2112 744 288 ) (2112 696 288 ) (2112 696 192 ) (2112 744 192 ) 
4 184 (2112 744 328 ) (2112 696 328 ) (2112 696 288 ) (2112 744 288 ) 
4 184 (2048 696 192 ) (2112 696 192 ) (2112 696 328 ) (2048 696 328 ) 
4 185 (2104 32 0 ) (2288 32 0 ) (2194 32 47 ) (2104 32 47 ) 
4 185 (2048 32 47 ) (2048 32 0 ) (2056 32 0 ) (2056 32 47 ) 
4 185 (2048 32 80 ) (2048 32 47 ) (2194 32 47 ) (2128 32 80 ) 
4 185 (2128 192 80 ) (2048 192 80 ) (2048 32 80 ) (2128 32 80 ) 
4 185 (2048 192 80 ) (2128 192 80 ) (2288 192 0 ) (2048 192 0 ) 
4 185 (2287.997803 192 0 ) (2128 192 80 ) (2128 32 80 ) (2288 32 0 ) 
4 186 (2072 8 0 ) (2076 8 0 ) (2076 8 15 ) (2072 8 15 ) 
4 186 (2076 8 25 ) (2076 8 47 ) (2072 8 47 ) (2072 8 25 ) 
4 186 (2084 8 43 ) (2084 8 47 ) (2076 8 47 ) (2076 8 43 ) 
4 186 (2084 8 0 ) (2088 8 0 ) (2088 8 15 ) (2084 8 15 ) 
4 186 (2088 8 25 ) (2088 8 47 ) (2084 8 47 ) (2084 8 25 ) 
4 186 (2072.001221 8 0 ) (2072.001221 8 47 ) (2056.001221 32 47 ) (2056.001221 32 0 ) 
4 186 (2104 32 47 ) (2056 32 47 ) (2072 8 47 ) (2088 8 47 ) 
4 186 (2104 32 0 ) (2104 32 47 ) (2088 8 47 ) (2088 8 0 ) 
4 187 (2088 8 15 ) (2088 8 25 ) (2088 5 25 ) (2088 5 15 ) 
4 187 (2088 5 15 ) (2088 5 25 ) (2084 5 25 ) (2084 5 15 ) 
4 187 (2088 8 25 ) (2084 8 25 ) (2084 5 25 ) (2088 5 25 ) 
4 187 (2084 5 15 ) (2084 8 15 ) (2088 8 15 ) (2088 5 15 ) 
4 188 (2076 8 15 ) (2076 8 0 ) (2076 5 0 ) (2076 5 15 ) 
4 188 (2076 8 43 ) (2076 8 25 ) (2076 5 25 ) (2076 5 43 ) 
4 188 (2076 5 0 ) (2084 5 0 ) (2084 5 43 ) (2076 5 43 ) 
4 188 (2084 5 43 ) (2084 5 25 ) (2084 8 25 ) (2084 8 43 ) 
4 188 (2084 5 15 ) (2084 5 0 ) (2084 8 0 ) (2084 8 15 ) 
4 188 (2084 5 43 ) (2084 8 43 ) (2076 8 43 ) (2076 5 43 ) 
4 189 (2076 5 25 ) (2076 8 25 ) (2072 8 25 ) (2072 5 25 ) 
4 189 (2076 5 15 ) (2076 5 25 ) (2072 5 25 ) (2072 5 15 ) 
4 189 (2072 8 25 ) (2072 8 15 ) (2072 5 15 ) (2072 5 25 ) 
4 189 (2072 5 15 ) (2072 8 15 ) (2076 8 15 ) (2076 5 15 ) 
4 190 (2510 144 -80 ) (2510 80 -80 ) (2510 80 -192 ) (2510 144 -192 ) 
4 190 (2510 80 -192 ) (2496 80 -192 ) (2496 144 -192 ) (2510 144 -192 ) 
4 190 (2496 80 -80 ) (2496 80 -192 ) (2510 80 -192 ) (2510 80 -80 ) 
4 190 (2510 144 -80 ) (2496 144 -80 ) (2496 80 -80 ) (2510 80 -80 ) 
4 190 (2496 144 -80 ) (2510 144 -80 ) (2510 144 -192 ) (2496 144 -192 ) 
4 191 (2056 32 0 ) (2048 32 0 ) (2048 32 -80 ) (2056 32 -80 ) 
4 191 (2496 32 -80 ) (2496 32 0 ) (2104 32 0 ) (2104 32 -80 ) 
4 191 (2496 32 -112 ) (2496 32 -80 ) (2048 32 -80 ) (2048 32 -112 ) 
4 191 (2128 32 -112 ) (2048 32 -112 ) (2048 192 -112 ) (2128 192 -112 ) 
4 191 (2048 192 -112 ) (2048 192 0 ) (2496 192 0 ) (2496 192 -112 ) 
4 191 (2288 32 0 ) (2496 32 0 ) (2496 192 0 ) (2288 192 0 ) 
4 191 (2496 80 -112 ) (2496 80 0 ) (2496 32 0 ) (2496 32 -112 ) 
4 191 (2496 192 -80 ) (2496 192 0 ) (2496 80 0 ) (2496 80 -80 ) 
4 191 (2496 144 -112 ) (2496 192 -112 ) (2496 192 -80 ) (2496 144 -80 ) 
4 192 (2496 32 -192 ) (2496 32 -112 ) (2256 32 -112 ) (2256 32 -192 ) 
4 192 (2256 192 -192 ) (2256 32 -192 ) (2256 32 -176 ) (2256 192 -176 ) 
4 192 (2496 144 -112 ) (2496 144 -192 ) (2496 192 -192 ) (2496 192 -112 ) 
4 192 (2496 80 -192 ) (2496 80 -112 ) (2496 32 -112 ) (2496 32 -192 ) 
4 192 (2256 192 -192 ) (2256 192 -112 ) (2496 192 -112 ) (2496 192 -192 ) 
4 192 (2496 32 -192 ) (2256 32 -192 ) (2256 192 -192 ) (2496 192 -192 ) 
4 193 (2256 32 -112 ) (2128 32 -112 ) (2128 32 -128 ) (2256 32 -128 ) 
4 193 (2128 32 -128 ) (2128 192 -128 ) (2160 192 -128 ) (2160 32 -128 ) 
4 193 (2256 192 -128 ) (2128 192 -128 ) (2128 192 -112 ) (2256 192 -112 ) 
4 193 (2128 32 -128 ) (2128 32 -112 ) (2128 192 -112 ) (2128 192 -128 ) 
4 194 (2224 32 -176 ) (2256 32 -176 ) (2256 32 -128 ) (2224 32 -128 ) 
4 194 (2224 192 -176 ) (2224 32 -176 ) (2224 32 -160 ) (2224 192 -160 ) 
4 194 (2224 192 -128 ) (2256 192 -128 ) (2256 192 -176 ) (2224 192 -176 ) 
4 194 (2224 192 -176 ) (2256 192 -176 ) (2256 32 -176 ) (2224 32 -176 ) 
4 195 (2224 32 -144 ) (2224 32 -128 ) (2160 32 -128 ) (2160 32 -144 ) 
4 195 (2160 32 -144 ) (2160 192 -144 ) (2192 192 -144 ) (2192 32 -144 ) 
4 195 (2160 192 -144 ) (2160 192 -128 ) (2224 192 -128 ) (2224 192 -144 ) 
4 195 (2160 32 -144 ) (2160 32 -128 ) (2160 192 -128 ) (2160 192 -144 ) 
4 196 (2224 32 -160 ) (2224 32 -144 ) (2192 32 -144 ) (2192 32 -160 ) 
4 196 (2192 192 -160 ) (2224 192 -160 ) (2224 32 -160 ) (2192 32 -160 ) 
4 196 (2192 192 -160 ) (2192 192 -144 ) (2224 192 -144 ) (2224 192 -160 ) 
4 196 (2192 192 -160 ) (2192 32 -160 ) (2192 32 -144 ) (2192 192 -144 ) 
4 197 (2076 8 0 ) (2072 8 0 ) (2072 8 -47 ) (2076 8 -47 ) 
4 197 (2072 8 -57 ) (2072 8 -80 ) (2076 8 -80 ) (2076 8 -57 ) 
4 197 (2076 8 -76 ) (2076 8 -80 ) (2084 8 -80 ) (2084 8 -76 ) 
4 197 (2084 8 -57 ) (2084 8 -80 ) (2088 8 -80 ) (2088 8 -57 ) 
4 197 (2088 8 0 ) (2084 8 0 ) (2084 8 -47 ) (2088 8 -47 ) 
4 197 (2088 8 0 ) (2088 8 -80 ) (2104 32 -80 ) (2104 32 0 ) 
4 197 (2088 8 -80 ) (2072 8 -80 ) (2056 32 -80 ) (2104 32 -80 ) 
4 197 (2056 32 0 ) (2056 32 -80 ) (2072 8 -80 ) (2072 8 0 ) 
4 198 (2088 5 -47 ) (2088 8 -47 ) (2084 8 -47 ) (2084 5 -47 ) 
4 198 (2088 5 -57 ) (2088 5 -47 ) (2084 5 -47 ) (2084 5 -57 ) 
4 198 (2088 5 -47 ) (2088 5 -57 ) (2088 8 -57 ) (2088 8 -47 ) 
4 198 (2084 5 -57 ) (2084 8 -57 ) (2088 8 -57 ) (2088 5 -57 ) 
4 199 (2076 8 0 ) (2076 8 -47 ) (2076 5 -47 ) (2076 5 0 ) 
4 199 (2076 8 -57 ) (2076 8 -76 ) (2076 5 -76 ) (2076 5 -57 ) 
4 199 (2084 5 -57 ) (2084 5 -76 ) (2084 8 -76 ) (2084 8 -57 ) 
4 199 (2084 5 0 ) (2084 5 -47 ) (2084 8 -47 ) (2084 8 0 ) 
4 199 (2084 5 -76 ) (2084 5 0 ) (2076 5 0 ) (2076 5 -76 ) 
4 199 (2076 5 -76 ) (2076 8 -76 ) (2084 8 -76 ) (2084 5 -76 ) 
4 200 (2072 8 -47 ) (2072 8 -57 ) (2072 5 -57 ) (2072 5 -47 ) 
4 200 (2076 5 -57 ) (2076 5 -47 ) (2072 5 -47 ) (2072 5 -57 ) 
4 200 (2072 8 -57 ) (2076 8 -57 ) (2076 5 -57 ) (2072 5 -57 ) 
4 200 (2076 5 -47 ) (2076 8 -47 ) (2072 8 -47 ) (2072 5 -47 ) 
4 201 (1024 2112 592 ) (1024 2112 672 ) (1792 2112 672 ) (1792 2112 592 ) 
4 201 (1792 2112 672 ) (1024 2112 672 ) (1024 2048 672 ) (1792 2048 672 ) 
4 201 (1792 2112 592 ) (1792 2112 672 ) (1792 2048 672 ) (1792 2048 518.153870 ) 
4 201 (1024 2112 592 ) (1792 2112 592 ) (1792 2048 518.153137 ) (1024 2048 518.153137 ) 
4 202 (2024 2152 16 ) (2048 2152 16 ) (2048 2336 16 ) (2024 2336 16 ) 
4 202 (2024 2336 16 ) (2048 2336 16 ) (2048 2336 0 ) (2024 2336 0 ) 
4 202 (2024 2336 16 ) (2024 2336 0 ) (2024 2152 0 ) (2024 2152 16 ) 
4 203 (1857 2102 12 ) (1863 2102 12 ) (1863 2102 16 ) (1857 2102 16 ) 
4 203 (2001 2102 12 ) (2007 2102 12 ) (2007 2102 16 ) (2001 2102 16 ) 
4 203 (2024 2152 16 ) (2024 2152 0 ) (1744 2152 0 ) (1744 2152 16 ) 
4 203 (2048 2102 16 ) (2048 2152 16 ) (1792 2152 16 ) (1792 2102 16 ) 
4 203 (1744 2152 16 ) (1744 2112 16 ) (1792 2112 16 ) (1792 2152 16 ) 
4 203 (1792 2102 16 ) (1792 2112 16 ) (1744 2112 16 ) (1744 2102 16 ) 
4 203 (1744 2152 0 ) (1744 2102 0 ) (1744 2102 16 ) (1744 2152 16 ) 
4 204 (2010 2099 12 ) (2010 2093 12 ) (2010 2093 16 ) (2010 2099 16 ) 
4 204 (2010 2090 16 ) (2048 2090 16 ) (2048 2102 16 ) (2010 2102 16 ) 
4 205 (2010 2092.997070 16 ) (2010 2092.997070 12 ) (2007.002808 2090 12 ) (2007.002808 2090 16 ) 
3 205 (2007 2090 16 ) (2010 2090 16 ) (2010 2093 16 ) 
4 206 (2001 2090 16 ) (2001 2090 12 ) (1998 2093 12 ) (1998 2093 16 ) 
3 206 (1998 2093 16 ) (1998 2090 16 ) (2001 2090 16 ) 
4 207 (2007 2102 16 ) (2007 2102 12 ) (2010 2099 12 ) (2010 2099 16 ) 
3 207 (2010 2099 16 ) (2010 2102 16 ) (2007 2102 16 ) 
3 208 (1998 2099 16 ) (2001 2102 16 ) (1998 2102 16 ) 
4 208 (1998 2099 16 ) (1998 2099 12 ) (2001 2102 12 ) (2001 2102 16 ) 
4 209 (1866 2099 12 ) (1866 2093 12 ) (1866 2097 16 ) (1866 2099 16 ) 
4 209 (1866 2097 16 ) (1866 2096 15 ) (1998 2095.997803 15.002352 ) (1998 2096.995361 16 ) 
4 209 (1998 2099 16 ) (1998 2097 16 ) (1998 2093 12 ) (1998 2099 12 ) 
4 209 (1866 2097 16 ) (1998 2097 16 ) (1998 2102 16 ) (1866 2102 16 ) 
4 210 (1866 2093 12 ) (1866 2093 16 ) (1866 2095 16 ) (1866 2096 15 ) 
4 210 (1866 2095 16 ) (1866 2090 16 ) (1998 2090 16 ) (1998 2095 16 ) 
4 210 (1998 2096 15 ) (1998 2095 16 ) (1998 2093 16 ) (1998 2093 12 ) 
4 210 (1998 2095 16 ) (1998 2096 15 ) (1866 2096 15 ) (1866 2095 16 ) 
4 211 (1857.002075 2090 16 ) (1857.002075 2090 12 ) (1854 2093.001953 12 ) (1854 2093.001953 16 ) 
3 211 (1854 2093 16 ) (1854 2090 16 ) (1857 2090 16 ) 
4 212 (1866 2093 16 ) (1866 2093 12 ) (1863 2090 12 ) (1863 2090 16 ) 
3 212 (1863 2090 16 ) (1866 2090 16 ) (1866 2093 16 ) 
4 213 (1854 2099 16 ) (1854 2099 12 ) (1857 2102 12 ) (1857 2102 16 ) 
3 213 (1854 2099 16 ) (1857 2102 16 ) (1854 2102 16 ) 
3 214 (1866 2099 16 ) (1866 2102 16 ) (1863 2102 16 ) 
4 214 (1863 2102 16 ) (1863 2102 12 ) (1866 2099 12 ) (1866 2099 16 ) 
4 215 (1854 2099 16 ) (1854 2093 16 ) (1854 2093 12 ) (1854 2099 12 ) 
4 215 (1744 2090 12 ) (1744 2090 16 ) (1744 2102 16 ) (1744 2102 12 ) 
4 215 (1792 2090 16 ) (1792 2102 16 ) (1744 2102 16 ) (1744 2090 16 ) 
4 215 (1854 2090 16 ) (1854 2102 16 ) (1792 2102 16 ) (1792 2090 16 ) 
8 216 (1866 2093 12 ) (1866 2099 12 ) (1863 2102 12 ) (1857 2102 12 ) (1854 2099 12 ) (1854 2093 12 ) (1857 2090 12 ) (1863 2090 12 ) 
8 216 (2010 2093 12 ) (2010 2099 12 ) (2007 2102 12 ) (2001 2102 12 ) (1998 2099 12 ) (1998 2093 12 ) (2001 2090 12 ) (2007 2090 12 ) 
4 216 (1744 2102 0 ) (1744 2090 0 ) (1744 2090 12 ) (1744 2102 12 ) 
4 217 (1857 2090 16 ) (1863 2090 16 ) (1863 2090 12 ) (1857 2090 12 ) 
4 217 (2001 2090 16 ) (2007 2090 16 ) (2007 2090 12 ) (2001 2090 12 ) 
4 217 (1744 2090 0 ) (1744 2048 0 ) (1744 2048 16 ) (1744 2090 16 ) 
4 217 (1792 2090 16 ) (1744 2090 16 ) (1744 2048 16 ) (1792 2048 16 ) 
4 217 (2048 2090 16 ) (1792 2090 16 ) (1792 2048 16 ) (2048 2048 16 ) 
4 218 (2048 2368 -48 ) (2048 2368 0 ) (2024 2368 0 ) (2024 2368 -48 ) 
4 218 (2024 2368 0 ) (1981 2368 0 ) (1981 2368 -176 ) (2024 2368 -176 ) 
4 218 (1981 2368 -192 ) (2048 2368 -192 ) (2048 2368 -176 ) (1981 2368 -176 ) 
4 218 (1981 2609 -192 ) (1981 2368 -192 ) (1981 2368 0 ) (1981 2609 0 ) 
4 218 (1981 2609 0 ) (1981 2368 0 ) (2048 2368 0 ) (2048 2609 0 ) 
4 218 (2048 2368 -192 ) (1981 2368 -192 ) (1981 2609 -192 ) (2048 2609 -192 ) 
4 218 (2048 2609 0 ) (2048 2609 -192 ) (1981 2609 -192 ) (1981 2609 0 ) 
4 219 (2024 2352 -176 ) (2048 2352 -176 ) (2048 2352 -48 ) (2024 2352 -48 ) 
4 219 (2024 2368 -48 ) (2024 2368 -176 ) (2024 2352 -176 ) (2024 2352 -48 ) 
4 219 (2048 2352 -176 ) (2024 2352 -176 ) (2024 2368 -176 ) (2048 2368 -176 ) 
4 219 (2048 2368 -48 ) (2024 2368 -48 ) (2024 2352 -48 ) (2048 2352 -48 ) 
4 220 (2024 2335 -64 ) (2024 2336 -64 ) (2048 2336 -64 ) (2048 2335 -64 ) 
4 220 (2016 2336 -64 ) (2016 2336 0 ) (2048 2336 0 ) (2048 2336 -64 ) 
4 220 (2016 2160 0 ) (2024 2160 0 ) (2024 2336 0 ) (2016 2336 0 ) 
4 220 (2016 2336 0 ) (2016 2336 -64 ) (2016 2160 -64 ) (2016 2160 0 ) 
4 221 (2048 2160 -176 ) (2024 2160 -176 ) (2024 2335 -176 ) (2048 2335 -176 ) 
4 221 (2048 2335 -64 ) (2048 2335 -176 ) (2024 2335 -176 ) (2024 2335 -64 ) 
4 222 (2024 2336 -64 ) (2024 2335 -64 ) (2024 2335 -176 ) (2024 2336 -176 ) 
4 222 (2016 2336 -64 ) (2016 2336 -176 ) (2016 2160 -176 ) (2016 2160 -64 ) 
4 222 (2016 2336 -64 ) (2024 2336 -64 ) (2024 2336 -176 ) (2016 2336 -176 ) 
4 222 (2024 2160 -176 ) (2016 2160 -176 ) (2016 2336 -176 ) (2024 2336 -176 ) 
4 223 (1744 2048 -176 ) (1744 2048 -112 ) (1744 2060 -112 ) (1744 2060 -176 ) 
4 223 (1744 2048 -112 ) (1744 2048 0 ) (1744 2124 0 ) (1744 2124 -112 ) 
4 223 (1744 2124 0 ) (1744 2160 0 ) (1744 2160 -176 ) (1744 2124 -176 ) 
4 223 (2048 2048 -176 ) (1858 2048 -176 ) (1858 2160 -176 ) (2048 2160 -176 ) 
4 223 (2024 2152 0 ) (2024 2160 0 ) (1744 2160 0 ) (1744 2152 0 ) 
4 223 (2016 2160 0 ) (2016 2160 -176 ) (1744 2160 -176 ) (1744 2160 0 ) 
4 224 (1826 2160 -194 ) (1858 2160 -194 ) (1858 2048 -194 ) (1826 2048 -194 ) 
4 224 (1794 2160 -194 ) (1794 2160 -176 ) (1858 2160 -176 ) (1858 2160 -194 ) 
4 224 (1858 2160 -194 ) (1858 2160 -176 ) (1858 2048 -176 ) (1858 2048 -194 ) 
4 225 (1794 2048 -210 ) (1794 2160 -210 ) (1826 2160 -210 ) (1826 2048 -210 ) 
4 225 (1826 2160 -210 ) (1794 2160 -210 ) (1794 2160 -194 ) (1826 2160 -194 ) 
4 225 (1826 2160 -194 ) (1826 2048 -194 ) (1826 2048 -210 ) (1826 2160 -210 ) 
4 226 (1744 2048 -224 ) (1744 2048 -176 ) (1744 2060 -176 ) (1744 2060 -224 ) 
4 226 (1744 2124 -176 ) (1744 2160 -176 ) (1744 2160 -224 ) (1744 2124 -224 ) 
4 226 (1744 2048 -226 ) (1744 2048 -224 ) (1744 2160 -224 ) (1744 2160 -226 ) 
4 226 (1794 2160 -210 ) (1794 2048 -210 ) (1794 2048 -226 ) (1794 2160 -226 ) 
4 226 (1794 2160 -176 ) (1794 2160 -226 ) (1744 2160 -226 ) (1744 2160 -176 ) 
4 226 (1794 2048 -226 ) (1744 2048 -226 ) (1744 2160 -226 ) (1794 2160 -226 ) 
4 227 (1744 2060 -112 ) (1744 2124 -112 ) (1728 2124 -112 ) (1728 2060 -112 ) 
4 227 (1728 2060 -224 ) (1728 2124 -224 ) (1744 2124 -224 ) (1744 2060 -224 ) 
4 227 (1744 2124 -112 ) (1744 2124 -224 ) (1728 2124 -224 ) (1728 2124 -112 ) 
4 227 (1728 2060 -224 ) (1744 2060 -224 ) (1744 2060 -112 ) (1728 2060 -112 ) 
4 228 (1604 2232 -16 ) (1720 2232 -16 ) (1720 2232 -32 ) (1604 2232 -32 ) 
4 228 (1604 2232 -16 ) (1604 2048 -16 ) (1720 2048 -16 ) (1720 2232 -16 ) 
4 228 (1720 2232 -16 ) (1720 2048 -16 ) (1720 2048 -32 ) (1720 2232 -32 ) 
4 228 (1604 2232 -16 ) (1604 2232 -32 ) (1604 2048 -32 ) (1604 2048 -16 ) 
4 229 (1412 2232 -16 ) (1412 2232 -32 ) (1412 2048 -32 ) (1412 2048 -16 ) 
4 229 (1596 2048 -16 ) (1596 2048 -32 ) (1596 2232 -32 ) (1596 2232 -16 ) 
4 229 (1596 2232 -16 ) (1412 2232 -16 ) (1412 2048 -16 ) (1596 2048 -16 ) 
4 229 (1412 2232 -16 ) (1596 2232 -16 ) (1596 2232 -32 ) (1412 2232 -32 ) 
4 230 (1288 2232 -32 ) (1288 2048 -32 ) (1288 2048 -16 ) (1288 2232 -16 ) 
4 230 (1404 2232 -16 ) (1288 2232 -16 ) (1288 2048 -16 ) (1404 2048 -16 ) 
4 230 (1404 2232 -16 ) (1404 2232 -32 ) (1288 2232 -32 ) (1288 2232 -16 ) 
4 230 (1404 2048 -16 ) (1404 2048 -32 ) (1404 2232 -32 ) (1404 2232 -16 ) 
4 231 (1280 2240 -224 ) (1280 2048 -224 ) (1280 2048 -32 ) (1280 2240 -32 ) 
4 231 (1728 2060 -224 ) (1728 2060 -112 ) (1728 2048 -112 ) (1728 2048 -224 ) 
4 231 (1728 2124 -112 ) (1728 2124 -32 ) (1728 2048 -32 ) (1728 2048 -112 ) 
4 231 (1728 2240 -32 ) (1728 2124 -32 ) (1728 2124 -224 ) (1728 2240 -224 ) 
4 231 (1720 2240 -32 ) (1720 2048 -32 ) (1728 2048 -32 ) (1728 2240 -32 ) 
4 231 (1280 2240 -32 ) (1280 2048 -32 ) (1288 2048 -32 ) (1288 2240 -32 ) 
4 231 (1288 2240 -32 ) (1288 2232 -32 ) (1720 2232 -32 ) (1720 2240 -32 ) 
4 231 (1604 2232 -32 ) (1596 2232 -32 ) (1596 2048 -32 ) (1604 2048 -32 ) 
4 231 (1412 2232 -32 ) (1404 2232 -32 ) (1404 2048 -32 ) (1412 2048 -32 ) 
4 231 (1728 2240 -224 ) (1728 2048 -224 ) (1280 2048 -224 ) (1280 2240 -224 ) 
4 231 (1728 2240 -32 ) (1728 2240 -224 ) (1280 2240 -224 ) (1280 2240 -32 ) 
4 232 (1824 1712 960 ) (1824 1728 960 ) (1024 1728 960 ) (1024 1712 960 ) 
4 232 (1824 1728 672 ) (1824 1728 960 ) (1824 1712 960 ) (1824 1712 672 ) 
4 232 (1024 1728 960 ) (1824 1728 960 ) (1824 1728 672 ) (1024 1728 672 ) 
4 233 (1824 1728 192 ) (1824 1712 192 ) (1792 1712 192 ) (1792 1760 192 ) 
4 233 (1792 1760 192 ) (1792 1712 192 ) (1792 1712 240 ) (1792 1760 240 ) 
3 233 (1792 1760 672 ) (1792 1728 672 ) (1824 1728 672 ) 
4 233 (1824 1728 672 ) (1824 1712 672 ) (1824 1712 192 ) (1824 1728 192 ) 
4 233 (1792 1760.001709 192 ) (1792 1760.001709 672 ) (1824 1728.001709 672 ) (1824 1728.001709 192 ) 
5 234 (1792 1904 352 ) (1792 2048 518.153809 ) (1792 2048 672 ) (1792 1760 672 ) (1792 1760 352 ) 
4 234 (1024 1728 672 ) (1792 1728 672 ) (1792 2048 672 ) (1024 2048 672 ) 
4 234 (1024 2048 518.158447 ) (1792 2048 518.158447 ) (1792 1903.995972 352 ) (1024 1903.995972 352 ) 
4 235 (1760 1712 240 ) (1760 1808 240 ) (1792 1808 240 ) (1792 1712 240 ) 
4 235 (1760 1824 240 ) (1760 1920 240 ) (1792 1920 240 ) (1792 1824 240 ) 
4 235 (1792 1920 240 ) (1792 1920 352 ) (1792 1760 352 ) (1792 1760 240 ) 
4 235 (1760 1920 352 ) (1760 1904 352 ) (1792 1904 352 ) (1792 1920 352 ) 
4 235 (1760 1920 240 ) (1760 1920 352 ) (1792 1920 352 ) (1792 1920 240 ) 
4 236 (1792 1824 192 ) (1792 1808 192 ) (1760 1808 192 ) (1760 1824 192 ) 
4 236 (1760 1824 192 ) (1760 1824 240 ) (1792 1824 240 ) (1792 1824 192 ) 
4 236 (1792 1824 240 ) (1792 1808 240 ) (1792 1808 192 ) (1792 1824 192 ) 
4 236 (1792 1808 192 ) (1792 1808 240 ) (1760 1808 240 ) (1760 1808 192 ) 
4 237 (1472 1920 192 ) (1712 1920 192 ) (1712 1712 192 ) (1472 1712 192 ) 
4 237 (1760 1784 192 ) (1760 1712 192 ) (1712 1712 192 ) (1712 1784 192 ) 
4 237 (1712 1920 192 ) (1760 1920 192 ) (1760 1784 192 ) (1712 1784 192 ) 
4 237 (1472 1808 192 ) (1472 1712 192 ) (1472 1712 240 ) (1472 1808 240 ) 
4 237 (1472 1920 240 ) (1472 1920 192 ) (1472 1824 192 ) (1472 1824 240 ) 
4 237 (1760 1920 352 ) (1472 1920 352 ) (1472 1904 352 ) (1760 1904 352 ) 
4 237 (1472 1920 352 ) (1760 1920 352 ) (1760 1920 192 ) (1472 1920 192 ) 
4 237 (1760 1824 240 ) (1760 1824 192 ) (1760 1920 192 ) (1760 1920 240 ) 
4 237 (1760 1808 240 ) (1760 1712 240 ) (1760 1712 192 ) (1760 1808 192 ) 
4 238 (1440 1712 240 ) (1440 1808 240 ) (1472 1808 240 ) (1472 1712 240 ) 
4 238 (1440 1824 240 ) (1440 1920 240 ) (1472 1920 240 ) (1472 1824 240 ) 
4 238 (1472 1920 352 ) (1440 1920 352 ) (1440 1904 352 ) (1472 1904 352 ) 
4 238 (1440 1920 240 ) (1440 1920 352 ) (1472 1920 352 ) (1472 1920 240 ) 
4 239 (1472 1824 192 ) (1472 1808 192 ) (1440 1808 192 ) (1440 1824 192 ) 
4 239 (1440 1824 192 ) (1440 1824 240 ) (1472 1824 240 ) (1472 1824 192 ) 
4 239 (1472 1808 192 ) (1472 1808 240 ) (1440 1808 240 ) (1440 1808 192 ) 
4 240 (1024 1920 295.389679 ) (1055.993530 1920 295.389679 ) (1190.400146 1785.593384 192 ) (1024 1785.593384 192 ) 
4 240 (1440 1920 352 ) (1024 1920 352 ) (1024 1904 352 ) (1440 1904 352 ) 
4 240 (1024 1920 295.384552 ) (1024 1920 352 ) (1440 1920 352 ) (1440 1920 295.384552 ) 
3 240 (1440 1848 240 ) (1440 1824 240 ) (1440 1824 221.538437 ) 
5 240 (1440 1808 209.230728 ) (1440 1808 240 ) (1440 1712 240 ) (1440 1712 192 ) (1440 1785.600098 192 ) 
3 241 (1440 1808 209.230728 ) (1440 1785.600098 192 ) (1440 1808 192 ) 
5 241 (1440 1848 240 ) (1440 1824 221.538437 ) (1440 1824 192 ) (1440 1920 192 ) (1440 1920 240 ) 
4 241 (1056 1920 295.384552 ) (1440 1920 295.384552 ) (1440 1920 192 ) (1190.400146 1920 192 ) 
3 241 (1190.400879 1785.607056 192 ) (1056.007935 1920 295.379242 ) (1190.400879 1920 192 ) 
4 242 (1440 1712 192 ) (1712 1712 192 ) (1712 1696 192 ) (1440 1696 192 ) 
4 242 (1712 1712 192 ) (1824 1712 192 ) (1824 1696 192 ) (1712 1696 192 ) 
4 242 (1440 1696 192 ) (1472 1696 192 ) (1472 1696 240 ) (1440 1696 240 ) 
4 242 (1760 1696 192 ) (1792 1696 192 ) (1792 1696 240 ) (1760 1696 240 ) 
4 242 (1824 1696 960 ) (1824 1712 960 ) (1024 1712 960 ) (1024 1696 960 ) 
4 242 (1760 1712 240 ) (1792 1712 240 ) (1792 1712 192 ) (1760 1712 192 ) 
4 242 (1440 1712 240 ) (1472 1712 240 ) (1472 1712 192 ) (1440 1712 192 ) 
4 242 (1824 1696 960 ) (1824 1696 192 ) (1824 1712 192 ) (1824 1712 960 ) 
4 243 (1440 1696 240 ) (1472 1696 240 ) (1472 1648 240 ) (1440 1648 240 ) 
4 243 (1760 1696 240 ) (1792 1696 240 ) (1792 1648 240 ) (1760 1648 240 ) 
4 243 (1824 1648 960 ) (1824 1696 960 ) (1024 1696 960 ) (1024 1648 960 ) 
4 243 (1824 1648 960 ) (1824 1648 240 ) (1824 1696 240 ) (1824 1696 960 ) 
4 244 (1472 1600 240 ) (1440 1600 240 ) (1440 1648 240 ) (1472 1648 240 ) 
4 244 (1840 1600 240 ) (1792 1600 240 ) (1792 1632 240 ) (1840 1632 240 ) 
4 244 (1792 1600 240 ) (1760 1600 240 ) (1760 1648 240 ) (1792 1648 240 ) 
4 244 (1824 1648 960 ) (2048 1648 960 ) (2048 1648 240 ) (1824 1648 240 ) 
4 244 (2048 1600 960 ) (2048 1648 960 ) (1024 1648 960 ) (1024 1600 960 ) 
4 245 (1792 1696 192 ) (1824 1696 192 ) (1824 1648 192 ) (1792 1648 192 ) 
4 245 (1792 1648 240 ) (1792 1696 240 ) (1792 1696 192 ) (1792 1648 192 ) 
4 245 (1824 1696 192 ) (1824 1696 240 ) (1824 1648 240 ) (1824 1648 192 ) 
4 246 (2048 1648 192 ) (2048 1632 192 ) (1792 1632 192 ) (1792 1648 192 ) 
4 246 (1792 1632 240 ) (1792 1632 192 ) (1840 1632 192 ) (1840 1632 240 ) 
4 246 (1824 1648 240 ) (2048 1648 240 ) (2048 1648 192 ) (1824 1648 192 ) 
4 246 (1792 1632 240 ) (1792 1648 240 ) (1792 1648 192 ) (1792 1632 192 ) 
4 247 (2048 1632 192 ) (2048 1600 192 ) (1840 1600 192 ) (1840 1632 192 ) 
4 247 (1840 1632 240 ) (1840 1632 192 ) (1840 1600 192 ) (1840 1600 240 ) 
4 248 (1472 1696 192 ) (1712 1696 192 ) (1712 1600 192 ) (1472 1600 192 ) 
4 248 (1712 1696 192 ) (1760 1696 192 ) (1760 1600 192 ) (1712 1600 192 ) 
4 248 (1472 1600 192 ) (1472 1600 240 ) (1472 1696 240 ) (1472 1696 192 ) 
4 248 (1760 1696 192 ) (1760 1696 240 ) (1760 1600 240 ) (1760 1600 192 ) 
4 249 (1440 1696 192 ) (1440 1696 240 ) (1440 1600 240 ) (1440 1600 192 ) 
4 250 (1456 1552 832 ) (1168 1552 832 ) (1168 1552 752 ) (1456 1552 752 ) 
4 250 (1224 1552 848 ) (1168 1552 848 ) (1168 1552 832 ) (1224 1552 832 ) 
4 250 (1456 1552 848 ) (1400 1552 848 ) (1400 1552 832 ) (1456 1552 832 ) 
4 250 (1456 1552 960 ) (1168 1552 960 ) (1168 1552 848 ) (1456 1552 848 ) 
4 250 (1472 1552 240 ) (1440 1552 240 ) (1440 1584 240 ) (1472 1584 240 ) 
4 250 (2048 1552 960 ) (2048 1600 960 ) (1024 1600 960 ) (1024 1552 960 ) 
4 251 (1440 1600 192 ) (1712 1600 192 ) (1712 1584 192 ) (1440 1584 192 ) 
4 251 (1712 1600 192 ) (2048 1600 192 ) (2048 1584 192 ) (1712 1584 192 ) 
4 251 (1440 1584 240 ) (1440 1584 192 ) (1472 1584 192 ) (1472 1584 240 ) 
4 251 (1760 1600 240 ) (1792 1600 240 ) (1792 1600 192 ) (1760 1600 192 ) 
4 251 (1792 1600 240 ) (1840 1600 240 ) (1840 1600 192 ) (1792 1600 192 ) 
4 251 (1440 1600 240 ) (1472 1600 240 ) (1472 1600 192 ) (1440 1600 192 ) 
4 252 (1712 1552 192 ) (1472 1552 192 ) (1472 1584 192 ) (1712 1584 192 ) 
4 252 (2048 1584 192 ) (2048 1552 192 ) (1712 1552 192 ) (1712 1584 192 ) 
4 252 (1472 1584 240 ) (1472 1584 192 ) (1472 1552 192 ) (1472 1552 240 ) 
4 253 (1440 1584 192 ) (1440 1584 240 ) (1440 1552 240 ) (1440 1552 192 ) 
4 254 (1456 1552 960 ) (1456 1552 848 ) (1456 1264 848 ) (1456 1264 960 ) 
4 254 (2048 1552 960 ) (1456 1552 960 ) (1456 1024 960 ) (2048 1024 960 ) 
4 255 (1456 1264 960 ) (1168 1264 960 ) (1168 1024 960 ) (1456 1024 960 ) 
4 255 (1456 1264 960 ) (1456 1264 848 ) (1168 1264 848 ) (1168 1264 960 ) 
4 256 (1456 1552 832 ) (1456 1496 832 ) (1456 1496 848 ) (1456 1552 848 ) 
4 257 (1248 1496 832 ) (1224 1496 832 ) (1224 1536 832 ) (1248 1536 832 ) 
4 257 (1400 1536 832 ) (1400 1496 832 ) (1248 1496 832 ) (1248 1536 832 ) 
4 257 (1224 1552 832 ) (1400 1552 832 ) (1400 1536 832 ) (1224 1536 832 ) 
4 257 (1224 1496 832 ) (1400 1496 832 ) (1400 1496 848 ) (1224 1496 848 ) 
4 257 (1224 1496 848 ) (1400 1496 848 ) (1400 1552 848 ) (1224 1552 848 ) 
4 257 (1400 1552 848 ) (1400 1496 848 ) (1400 1496 832 ) (1400 1552 832 ) 
4 257 (1224 1552 832 ) (1224 1496 832 ) (1224 1496 848 ) (1224 1552 848 ) 
4 258 (1400 1496 832 ) (1408 1496 832 ) (1408 1344 832 ) (1400 1344 832 ) 
4 258 (1408 1496 832 ) (1432 1496 832 ) (1432 1344 832 ) (1408 1344 832 ) 
4 258 (1432 1496 832 ) (1440 1496 832 ) (1440 1344 832 ) (1432 1344 832 ) 
4 258 (1440 1496 832 ) (1456 1496 832 ) (1456 1344 832 ) (1440 1344 832 ) 
4 258 (1456 1344 832 ) (1456 1320 832 ) (1400 1320 832 ) (1400 1344 832 ) 
4 258 (1400 1320 832 ) (1456 1320 832 ) (1456 1320 848 ) (1400 1320 848 ) 
4 258 (1400 1496 848 ) (1400 1496 832 ) (1400 1320 832 ) (1400 1320 848 ) 
4 258 (1400 1496 848 ) (1456 1496 848 ) (1456 1496 832 ) (1400 1496 832 ) 
4 258 (1400 1320 848 ) (1456 1320 848 ) (1456 1496 848 ) (1400 1496 848 ) 
4 259 (1168 1344 832 ) (1168 1496 832 ) (1184 1496 832 ) (1184 1344 832 ) 
4 259 (1184 1496 832 ) (1224 1496 832 ) (1224 1344 832 ) (1184 1344 832 ) 
4 259 (1168 1320 832 ) (1168 1344 832 ) (1224 1344 832 ) (1224 1320 832 ) 
4 259 (1168 1320 832 ) (1224 1320 832 ) (1224 1320 848 ) (1168 1320 848 ) 
4 259 (1224 1320 848 ) (1224 1496 848 ) (1168 1496 848 ) (1168 1320 848 ) 
4 259 (1168 1496 848 ) (1224 1496 848 ) (1224 1496 832 ) (1168 1496 832 ) 
4 259 (1224 1320 848 ) (1224 1320 832 ) (1224 1496 832 ) (1224 1496 848 ) 
4 260 (1456 1320 848 ) (1456 1320 832 ) (1456 1264 832 ) (1456 1264 848 ) 
4 261 (1224 1320 832 ) (1400 1320 832 ) (1400 1264 832 ) (1224 1264 832 ) 
4 261 (1224 1264 848 ) (1400 1264 848 ) (1400 1320 848 ) (1224 1320 848 ) 
4 261 (1224 1320 848 ) (1400 1320 848 ) (1400 1320 832 ) (1224 1320 832 ) 
4 261 (1400 1264 848 ) (1400 1264 832 ) (1400 1320 832 ) (1400 1320 848 ) 
4 261 (1224 1320 848 ) (1224 1320 832 ) (1224 1264 832 ) (1224 1264 848 ) 
4 262 (1168 1264 848 ) (1224 1264 848 ) (1224 1264 832 ) (1168 1264 832 ) 
4 262 (1400 1264 848 ) (1456 1264 848 ) (1456 1264 832 ) (1400 1264 832 ) 
4 263 (1456 1536 752 ) (1456 1536 832 ) (1456 1552 832 ) (1456 1552 752 ) 
4 263 (1472 1536 240 ) (1456 1536 240 ) (1456 1552 240 ) (1472 1552 240 ) 
4 264 (1472 1552 192 ) (1712 1552 192 ) (1712 1536 192 ) (1472 1536 192 ) 
4 264 (1712 1552 192 ) (2048 1552 192 ) (2048 1536 192 ) (1712 1536 192 ) 
4 264 (1472 1536 192 ) (1472 1536 240 ) (1472 1552 240 ) (1472 1552 192 ) 
4 265 (1184 1536 240 ) (1248 1536 240 ) (1248 1536 704 ) (1184 1536 704 ) 
4 265 (1248 1536 240 ) (1408 1536 240 ) (1408 1536 704 ) (1248 1536 704 ) 
4 265 (1408 1536 240 ) (1432 1536 240 ) (1432 1536 704 ) (1408 1536 704 ) 
4 265 (1432 1536 240 ) (1440 1536 240 ) (1440 1536 704 ) (1432 1536 704 ) 
4 265 (1456 1552 240 ) (1456 1536 240 ) (1440 1536 240 ) (1440 1552 240 ) 
4 265 (1184 1536 704.002014 ) (1440 1536 704.002014 ) (1456 1552 752.002014 ) (1168 1552 752.002014 ) 
3 266 (1168 1536 752.003113 ) (1183.996094 1536 704.014832 ) (1168 1551.996094 752.003113 ) 
4 267 (1455.993042 1552 751.968689 ) (1439.992920 1536 703.968872 ) (1456 1536 751.989563 ) (1456 1552 751.989563 ) 
4 268 (1184 1536 192 ) (1248 1536 192 ) (1248 1536 240 ) (1184 1536 240 ) 
4 268 (1248 1536 192 ) (1408 1536 192 ) (1408 1536 240 ) (1248 1536 240 ) 
4 268 (1408 1536 192 ) (1432 1536 192 ) (1432 1536 240 ) (1408 1536 240 ) 
4 268 (1432 1536 192 ) (1440 1536 192 ) (1440 1536 240 ) (1432 1536 240 ) 
4 268 (1440 1552 192 ) (1440 1552 240 ) (1440 1536 240 ) (1440 1536 192 ) 
4 269 (1456 1536 832 ) (1456 1536 752 ) (1456 1264 752 ) (1456 1344 832 ) 
3 269 (1456 1264 832 ) (1456 1344 832 ) (1456 1264 752 ) 
4 269 (1456 1152 640 ) (1456 1160 632 ) (1912 1160 632 ) (1920 1152 640 ) 
3 269 (1912 1160 632 ) (1928 1160 632 ) (1920 1152 640 ) 
4 269 (1928 1160 632 ) (2048 1160 632 ) (2048 1152 640 ) (1920 1152 640 ) 
4 269 (1456 1160 632 ) (1456 1351.998291 440 ) (2048 1351.998291 440 ) (2048 1160 632 ) 
3 270 (1456 1336 440 ) (1456 1160 440 ) (1456 1160 616 ) 
4 270 (1727 1319 440 ) (1753 1319 440 ) (1753 1160 440 ) (1727 1160 440 ) 
4 270 (1456 1160 440 ) (1456 1319 440 ) (1465 1319 440 ) (1465 1160 440 ) 
4 270 (1456 1319 440 ) (1456 1336 440 ) (2048 1336 440 ) (2048 1319 440 ) 
4 270 (2048 1160 600 ) (2048 1160 616 ) (1456 1160 616 ) (1456 1160 600 ) 
4 270 (2048 1335.997437 440 ) (1456 1335.997437 440 ) (1456 1160 615.998657 ) (2048 1160 615.998657 ) 
4 271 (1944 1128 600 ) (1960 1128 600 ) (1944 1144 616 ) (1928 1144 616 ) 
4 271 (1960 1128 600 ) (2048 1128 600 ) (2048 1144 616 ) (1944 1144 616 ) 
3 271 (1928 1144 615.996765 ) (1928 1144 600 ) (1928 1128 600 ) 
4 271 (1928 1144 615.998352 ) (2048 1144 615.998352 ) (2048 1144 600 ) (1928 1144 600 ) 
3 272 (1456 1128 600 ) (1456 1144 616 ) (1456 1144 600 ) 
4 272 (1456 1144 616 ) (1456 1128 600 ) (1880 1128 600 ) (1896 1144 616 ) 
4 272 (1880 1128 600 ) (1896 1128 600 ) (1912 1144 616 ) (1896 1144 616 ) 
4 272 (1456 1144 615.998352 ) (1912 1144 615.998352 ) (1912 1144 600 ) (1456 1144 600 ) 
3 272 (1912 1128 600 ) (1912 1144 600 ) (1912 1144 615.996765 ) 
5 273 (1456 1160 440 ) (1456 1024 440 ) (1456 1024 496 ) (1456 1128 600 ) (1456 1160 600 ) 
4 273 (1753 1024 440 ) (1727 1024 440 ) (1727 1160 440 ) (1753 1160 440 ) 
4 273 (1465 1024 440 ) (1456 1024 440 ) (1456 1160 440 ) (1465 1160 440 ) 
4 273 (1456 1128 600 ) (1456 1024 496 ) (1776 1024 496 ) (1880 1128 600 ) 
4 273 (1776 1024 496 ) (1792 1024 496 ) (1896 1128 600 ) (1880 1128 600 ) 
4 273 (2048 1024 496 ) (2048 1040 512 ) (1960 1128 600 ) (1944 1128 600 ) 
3 273 (2048 1040 512 ) (2048 1128 600 ) (1960 1128 600 ) 
4 273 (1928 1144 600 ) (1912 1144 600 ) (1912 1128 600 ) (1928 1128 600 ) 
4 273 (2048 1144 600 ) (2048 1160 600 ) (1456 1160 600 ) (1456 1144 600 ) 
4 274 (1920 1152 640 ) (1928 1144 632 ) (1928 1024 632 ) (1920 1024 640 ) 
3 274 (1928 1144 632 ) (2048 1024 512 ) (1928 1024 632 ) 
3 274 (2048 1024 512 ) (1920 1152 640 ) (2048 1152 640 ) 
4 275 (1928 1144 616 ) (1928 1128 600 ) (1928 1024 600 ) (1928 1024 616 ) 
3 275 (2048 1024 496.002136 ) (1928 1144 616 ) (1928 1024 616 ) 
4 276 (1928 1024 600 ) (1928 1128 600 ) (1912 1128 600 ) (1912 1024 600 ) 
3 277 (1912 1144 615.998718 ) (1792 1024 495.998718 ) (1912 1024 615.998718 ) 
4 277 (1912 1024 600 ) (1912 1127.996094 600 ) (1912 1143.984375 615.988342 ) (1912 1024 615.988342 ) 
3 278 (1920 1151.997070 639.997070 ) (1920 1024 639.997070 ) (1792 1024 512 ) 
5 278 (1920 1152 640 ) (1920.001343 1151.998657 639.998718 ) (1792.002686 1024 512 ) (1456 1024 512 ) (1456 1152 640 ) 
4 279 (1456 1359.997437 432 ) (2048 1359.997437 432 ) (2048 1351.996094 440 ) (1456 1351.996094 440 ) 
4 280 (1456 1344 416 ) (2048 1344 416 ) (2048 1344 432 ) (1456 1344 432 ) 
4 280 (2048 1360 432 ) (1456 1360 432 ) (1456 1344 432 ) (2048 1344 432 ) 
4 281 (1753 1319 440 ) (2048 1319 440 ) (2048 1319 416 ) (1753 1319 416 ) 
4 281 (1753 1319 440 ) (1753 1319 416 ) (1753 1024 416 ) (1753 1024 440 ) 
4 282 (1727 1024 440 ) (1727 1024 416 ) (1727 1319 416 ) (1727 1319 440 ) 
4 282 (1465 1319 440 ) (1465 1319 416 ) (1465 1024 416 ) (1465 1024 440 ) 
4 282 (1465 1319 440 ) (1727 1319 440 ) (1727 1319 416 ) (1465 1319 416 ) 
4 283 (1456 1344 192 ) (1456 1536 192 ) (1712 1536 192 ) (1712 1344 192 ) 
4 283 (1712 1536 192 ) (2048 1536 192 ) (2048 1344 192 ) (1712 1344 192 ) 
4 283 (1456 1344 392 ) (1456 1344 192 ) (2048 1344 192 ) (2048 1344 392 ) 
4 283 (2048 1344 416 ) (1460 1344 416 ) (1460 1344 392 ) (2048 1344 392 ) 
4 283 (1460 1344 416 ) (1456 1344 416 ) (1456 1344 392 ) (1460 1344 392 ) 
4 283 (1472 1536 240 ) (1472 1536 192 ) (1456 1536 192 ) (1456 1536 240 ) 
4 284 (1460 1324 392 ) (1460 1024 392 ) (1460 1024 416 ) (1460 1324 416 ) 
4 284 (1753 1319 416 ) (1727 1319 416 ) (1727 1024 416 ) (1753 1024 416 ) 
4 284 (1465 1319 416 ) (1460 1319 416 ) (1460 1024 416 ) (1465 1024 416 ) 
4 284 (1460 1324 416 ) (1460 1319 416 ) (2048 1319 416 ) (2048 1324 416 ) 
4 284 (2048 1324 416 ) (2048 1324 392 ) (1460 1324 392 ) (1460 1324 416 ) 
4 285 (2048 1024 192 ) (1456 1024 192 ) (1456 1280 192 ) (2048 1280 192 ) 
4 285 (1456 1280 192 ) (1456 1328 192 ) (1712 1328 192 ) (1712 1280 192 ) 
4 285 (1712 1328 192 ) (2048 1328 192 ) (2048 1280 192 ) (1712 1280 192 ) 
4 285 (1456 1328 192 ) (1456 1024 192 ) (1456 1024 392 ) (1456 1328 392 ) 
4 285 (1460 1328 392 ) (1456 1328 392 ) (1456 1024 392 ) (1460 1024 392 ) 
4 285 (2048 1324 392 ) (2048 1328 392 ) (1460 1328 392 ) (1460 1324 392 ) 
4 285 (2048 1328 192 ) (1456 1328 192 ) (1456 1328 392 ) (2048 1328 392 ) 
4 286 (1440 1024 512.001343 ) (1432 1024 512.001343 ) (1432 1152 640 ) (1440 1152 640 ) 
4 286 (1456 1152 640 ) (1456 1144 632 ) (1440 1144 632 ) (1440 1152 640 ) 
4 286 (1456 1144 632 ) (1456 1024 512.001404 ) (1440 1024 512.001343 ) (1440 1144 632 ) 
4 286 (1168 1264 832 ) (1456 1264 832 ) (1456 1264 752 ) (1168 1264 752 ) 
4 287 (1440 1280 704 ) (1440 1370.666626 432 ) (1440 1360 432 ) (1440 1280 512 ) 
4 287 (1440 1280 704 ) (1440 1536 704 ) (1440 1536 432 ) (1440 1370.666626 432 ) 
4 287 (1440 1536 703.994385 ) (1440 1280.001831 703.994385 ) (1456 1264.001831 751.994385 ) (1456 1536 751.994385 ) 
4 287 (1440 1151.996338 639.996338 ) (1440 1359.994629 432 ) (1456 1359.994629 432 ) (1456 1151.996338 639.996338 ) 
3 288 (1456 1263.996948 751.997253 ) (1440 1279.996582 704.002380 ) (1440 1263.998047 751.998047 ) 
4 289 (1440 1344 192 ) (1440 1536 192 ) (1456 1536 192 ) (1456 1344 192 ) 
4 289 (1440 1344 432 ) (1440 1360 432 ) (1440 1376 416 ) (1440 1384 392 ) 
4 289 (1440 1450.666626 192 ) (1440 1344 192 ) (1440 1344 432 ) (1440 1384 392 ) 
3 289 (1440 1360 432 ) (1440 1370.666626 432 ) (1440 1376 416 ) 
4 289 (1440 1536 432 ) (1440 1536 192 ) (1440 1450.666626 192 ) (1440 1370.666626 432 ) 
4 289 (1440 1536 240 ) (1456 1536 240 ) (1456 1536 192 ) (1440 1536 192 ) 
4 289 (1456 1344 432 ) (1456 1360 432 ) (1440 1360 432 ) (1440 1344 432 ) 
4 289 (1456 1344 192 ) (1456 1344 432 ) (1440 1344 432 ) (1440 1344 192 ) 
4 290 (1432 1160 632 ) (1432 1280 512 ) (1440 1280 512 ) (1440 1160 632 ) 
4 290 (1432 1152.004883 639.995178 ) (1432 1160 632 ) (1440 1160 632 ) (1440 1152 640 ) 
4 290 (1440 1264 751.995972 ) (1440 1280 703.995972 ) (1432 1280 703.995422 ) (1432 1263.997559 752.003357 ) 
4 290 (1432 1280 512 ) (1432 1280 703.988220 ) (1440 1280 703.988220 ) (1440 1280 512 ) 
4 291 (1440 1024 192 ) (1432 1024 192 ) (1432 1280 192 ) (1440 1280 192 ) 
4 291 (1440 1024 496 ) (1440 1152 624 ) (1432 1152 624 ) (1432 1024 496 ) 
5 291 (1440 1024 496 ) (1440 1024 432 ) (1440 1280 432 ) (1440 1280 496 ) (1440 1152 624 ) 
4 291 (1440 1280 432 ) (1440 1024 432 ) (1440 1024 192 ) (1440 1280 192 ) 
4 291 (1432 1280 192 ) (1432 1280 496 ) (1440 1280 496 ) (1440 1280 192 ) 
4 291 (1440 1280 496 ) (1432 1280 496 ) (1432 1152.002197 623.997803 ) (1440 1152.002197 623.997803 ) 
4 292 (1432 1024 192 ) (1408 1024 192 ) (1408 1280 192 ) (1432 1280 192 ) 
4 292 (1408 1280 512 ) (1408 1280 192 ) (1408 1024 192 ) (1408 1024 512 ) 
4 292 (1432 1280 704 ) (1432 1280 192 ) (1408 1280 192 ) (1408 1280 704 ) 
4 292 (1432 1152 624 ) (1432 1280 496 ) (1432 1280 512 ) (1432 1160 632 ) 
4 292 (1432 1024 496 ) (1432 1160 632 ) (1432 1151.993774 640.006226 ) (1432 1024 512.012695 ) 
4 292 (1432 1263.998413 751.996826 ) (1432 1280 703.994812 ) (1408 1280 703.994812 ) (1408 1263.998657 751.998718 ) 
4 293 (1248 1024.008667 512 ) (1248 1280 512 ) (1408 1280 512 ) (1408 1024 512 ) 
4 293 (1408 1280 704 ) (1408 1280 512 ) (1248 1280 512 ) (1248 1280 704 ) 
4 293 (1408 1263.998413 751.996826 ) (1408 1280 703.996033 ) (1248 1280 703.996033 ) (1248 1264 752 ) 
4 294 (1184 1536 192 ) (1184 1536 704 ) (1184 1280 704 ) (1184 1280 192 ) 
4 294 (1168 1280 752.007446 ) (1184 1280 704.006836 ) (1184 1536 704.006836 ) (1168 1536 752.007629 ) 
4 295 (1184.001953 1280 704 ) (1168 1280 752.005676 ) (1168 1264.005859 752.005676 ) (1168.001953 1264 752 ) 
4 295 (1248 1024 512 ) (1248 1024 192 ) (1248 1280 192 ) (1248 1280 512 ) 
4 295 (1184 1280 192 ) (1184 1280 704 ) (1248 1280 512 ) (1248 1280 192 ) 
3 296 (1184 1280 704 ) (1248 1280 704 ) (1248 1280 512 ) 
4 296 (1248 1263.998413 751.996826 ) (1248 1280 703.991089 ) (1184.001709 1280 703.991089 ) (1168 1263.997803 751.997803 ) 
3 297 (1168 1280 752 ) (1168 1280 768 ) (1168 1264 752 ) 
5 297 (1168 1536 752 ) (1168 1536 832 ) (1168 1344 832 ) (1168 1280 768 ) (1168 1280 752 ) 
3 297 (1168 1264 752 ) (1168 1344 832 ) (1168 1264 832 ) 
4 297 (1168 1536 832 ) (1168 1536 752 ) (1168 1552 752 ) (1168 1552 832 ) 
4 297 (1168 1320 848 ) (1168 1264 848 ) (1168 1264 832 ) (1168 1320 832 ) 
4 297 (1168 1496 848 ) (1168 1496 832 ) (1168 1552 832 ) (1168 1552 848 ) 
4 297 (1168 1264 960 ) (1168 1264 848 ) (1168 1552 848 ) (1168 1552 960 ) 
4 297 (1168 1552 960 ) (1024 1552 960 ) (1024 1024 960 ) (1168 1024 960 ) 
4 298 (2028 1512 16 ) (2028 1512 32 ) (2028 1784 32 ) (2028 1784 16 ) 
4 298 (2028 1512 32 ) (2048 1512 32 ) (2048 1784 32 ) (2028 1784 32 ) 
4 298 (2028 1784 32 ) (2048 1784 32 ) (2048 1784 16 ) (2028 1784 16 ) 
4 298 (2048 1512 32 ) (2028 1512 32 ) (2028 1512 16 ) (2048 1512 16 ) 
4 299 (1836 1512 16 ) (1836 1512 32 ) (1836 1784 32 ) (1836 1784 16 ) 
4 299 (1836 1512 32 ) (2020 1512 32 ) (2020 1784 32 ) (1836 1784 32 ) 
4 299 (1836 1784 32 ) (2020 1784 32 ) (2020 1784 16 ) (1836 1784 16 ) 
4 299 (2020 1512 32 ) (1836 1512 32 ) (1836 1512 16 ) (2020 1512 16 ) 
4 299 (2020 1784 16 ) (2020 1784 32 ) (2020 1512 32 ) (2020 1512 16 ) 
4 300 (1712 1784 16 ) (1712 1512 16 ) (1712 1512 32 ) (1712 1784 32 ) 
4 300 (1828 1784 16 ) (1828 1784 32 ) (1828 1512 32 ) (1828 1512 16 ) 
4 300 (1828 1512 32 ) (1712 1512 32 ) (1712 1512 16 ) (1828 1512 16 ) 
4 300 (1828 1784 32 ) (1828 1784 16 ) (1712 1784 16 ) (1712 1784 32 ) 
4 300 (1828 1512 32 ) (1828 1784 32 ) (1712 1784 32 ) (1712 1512 32 ) 
4 301 (1440 1536 160 ) (1440 1536 192 ) (1190.400146 1536 192 ) (1232 1536 160 ) 
4 301 (1190.401123 1920 192 ) (1232.001221 1920 160 ) (1232.001221 1744 160 ) (1190.401123 1785.600098 192 ) 
4 301 (1440 1536 192 ) (1440 1536 160 ) (1440 1920 160 ) (1440 1920 192 ) 
4 301 (1232 1920 160 ) (1190.400146 1920 192 ) (1440 1920 192 ) (1440 1920 160 ) 
4 302 (1190.400146 1536 192 ) (1184 1536 192 ) (1184 1536 160 ) (1232 1536 160 ) 
4 302 (1024 1785.597046 192 ) (1190.402466 1785.597046 192 ) (1232.003174 1743.996826 160 ) (1024 1743.996826 160 ) 
4 303 (1216 1760 160 ) (1232 1760 160 ) (1232 1920 160 ) (1216 1920 160 ) 
4 303 (1216 1920 160 ) (1440 1920 160 ) (1440 1920 16 ) (1216 1920 16 ) 
4 303 (1440 1760 160 ) (1440 1760 16 ) (1440 1920 16 ) (1440 1920 160 ) 
4 303 (1216 1760 16 ) (1216 1760 160 ) (1216 1920 160 ) (1216 1920 16 ) 
4 304 (1184 1536 16 ) (1440 1536 16 ) (1440 1536 160 ) (1184 1536 160 ) 
4 304 (1024 1760 160 ) (1216 1760 160 ) (1216 1760 16 ) (1024 1760 16 ) 
4 304 (1440 1760 160 ) (1440 1536 160 ) (1440 1536 16 ) (1440 1760 16 ) 
4 304 (1232 1744 160 ) (1232 1760 160 ) (1024 1760 160 ) (1024 1744 160 ) 
4 305 (1184 1280 192 ) (1184 1280 16 ) (1184 1536 16 ) (1184 1536 192 ) 
4 306 (2024 2040 0 ) (2024 1824 0 ) (2024 1824 16 ) (2024 2040 16 ) 
4 306 (2024 1920 16 ) (2048 1920 16 ) (2048 2048 16 ) (2024 2048 16 ) 
4 306 (2024 1824 16 ) (2048 1824 16 ) (2048 1920 16 ) (2024 1920 16 ) 
4 306 (2024 1824 16 ) (2024 1824 0 ) (2048 1824 0 ) (2048 1824 16 ) 
4 307 (1744 2048 0 ) (1744 2040 0 ) (1744 2040 16 ) (1744 2048 16 ) 
4 307 (1744 2040 16 ) (2024 2040 16 ) (2024 2048 16 ) (1744 2048 16 ) 
4 307 (1744 2040 16 ) (1744 2040 0 ) (2024 2040 0 ) (2024 2040 16 ) 
4 308 (1440 1920 16 ) (1440 1920 0 ) (1216 1920 0 ) (1216 1920 16 ) 
4 308 (1216 1920 0 ) (1216 1792 0 ) (1216 1792 16 ) (1216 1920 16 ) 
4 308 (1440 1792 16 ) (1440 1792 0 ) (1440 1920 0 ) (1440 1920 16 ) 
4 309 (1704 1792 16 ) (1704 1792 0 ) (1704 1504 0 ) (1704 1504 16 ) 
4 309 (1704 1792 16 ) (1744 1792 16 ) (1744 1792 0 ) (1704 1792 0 ) 
4 309 (1744 1792 16 ) (2024 1792 16 ) (2024 1792 0 ) (1744 1792 0 ) 
4 309 (2024 1792 16 ) (2048 1792 16 ) (2048 1792 0 ) (2024 1792 0 ) 
4 309 (2048 1784 16 ) (2048 1792 16 ) (1712 1792 16 ) (1712 1784 16 ) 
4 309 (2048 1504 16 ) (2048 1512 16 ) (1712 1512 16 ) (1712 1504 16 ) 
4 309 (1828 1512 16 ) (1836 1512 16 ) (1836 1784 16 ) (1828 1784 16 ) 
4 309 (2020 1512 16 ) (2028 1512 16 ) (2028 1784 16 ) (2020 1784 16 ) 
4 309 (1712 1504 16 ) (1712 1792 16 ) (1704 1792 16 ) (1704 1504 16 ) 
4 309 (1704 1504 16 ) (1704 1504 0 ) (2048 1504 0 ) (2048 1504 16 ) 
4 310 (1440 1760 16 ) (1440 1760 0 ) (1440 1792 0 ) (1440 1792 16 ) 
4 310 (1216 1792 16 ) (1216 1792 0 ) (1216 1760 0 ) (1216 1760 16 ) 
4 311 (1184 1536 0 ) (1440 1536 0 ) (1440 1536 16 ) (1184 1536 16 ) 
4 311 (1440 1760 16 ) (1440 1536 16 ) (1440 1536 0 ) (1440 1760 0 ) 
4 311 (1024 1760 16 ) (1216 1760 16 ) (1216 1760 0 ) (1024 1760 0 ) 
4 312 (1184 1280 16 ) (1184 1280 0 ) (1184 1536 0 ) (1184 1536 16 ) 
3 313 (1216 1152 0 ) (1248 1152 0 ) (1248 1152 192 ) 
4 313 (1248 1152 192 ) (1248 1152 0 ) (1248 1280 0 ) (1248 1280 192 ) 
4 313 (1184 1280 16 ) (1248 1280 16 ) (1248 1280 0 ) (1184 1280 0 ) 
4 313 (1248 1280 16 ) (1184 1280 16 ) (1184 1280 192 ) (1248 1280 192 ) 
4 314 (1247.998901 1088 192 ) (1215.998901 1088 0 ) (1215.998291 1152 0 ) (1247.998657 1152 192 ) 
3 315 (1248 1088 192 ) (1248 1088 0 ) (1216 1088 0 ) 
4 315 (1248 1088 192 ) (1248 1024 192 ) (1248 1024 0 ) (1248 1088 0 ) 
4 316 (1744 2032 -176 ) (1744 2032 -32 ) (1744 2048 -32 ) (1744 2048 -176 ) 
4 316 (1744 2032 -32 ) (1744 2032 -16 ) (1744 2048 -16 ) (1744 2048 -32 ) 
4 316 (1744 2032 -16 ) (1744 2032 0 ) (1744 2048 0 ) (1744 2048 -16 ) 
4 316 (1744 2032 0 ) (1744 2032 -176 ) (2016 2032 -176 ) (2016 2032 0 ) 
4 316 (2048 2032 -176 ) (1858 2032 -176 ) (1858 2048 -176 ) (2048 2048 -176 ) 
4 316 (1744 2040 0 ) (1744 2032 0 ) (2024 2032 0 ) (2024 2040 0 ) 
4 317 (1744 2032 -194 ) (1744 2032 -176 ) (1744 2048 -176 ) (1744 2048 -194 ) 
4 317 (1744 2032 -176 ) (1744 2032 -194 ) (1858 2032 -194 ) (1858 2032 -176 ) 
4 317 (1858 2048 -194 ) (1858 2032 -194 ) (1826 2032 -194 ) (1826 2048 -194 ) 
4 317 (1858 2048 -194 ) (1858 2048 -176 ) (1858 2032 -176 ) (1858 2032 -194 ) 
4 318 (1826 2032 -210 ) (1826 2032 -194 ) (1794 2032 -194 ) (1794 2032 -210 ) 
4 318 (1826 2048 -210 ) (1826 2048 -194 ) (1826 2032 -194 ) (1826 2032 -210 ) 
4 318 (1794 2032 -210 ) (1794 2048 -210 ) (1826 2048 -210 ) (1826 2032 -210 ) 
4 319 (1744 2032 -226 ) (1744 2032 -194 ) (1744 2048 -194 ) (1744 2048 -226 ) 
4 319 (1744 2032 -194 ) (1744 2032 -226 ) (1794 2032 -226 ) (1794 2032 -194 ) 
4 319 (1794 2048 -210 ) (1794 2032 -210 ) (1794 2032 -226 ) (1794 2048 -226 ) 
4 319 (1794 2032 -226 ) (1744 2032 -226 ) (1744 2048 -226 ) (1794 2048 -226 ) 
4 320 (2016 2032 0 ) (2016 2032 -176 ) (2016 1952 -176 ) (2016 1952 0 ) 
4 320 (2016 2032 0 ) (2016 1952 0 ) (2024 1952 0 ) (2024 2032 0 ) 
4 320 (2048 1952 -176 ) (2016 1952 -176 ) (2016 2032 -176 ) (2048 2032 -176 ) 
4 321 (1604 1960 -32 ) (1720 1960 -32 ) (1720 1960 -16 ) (1604 1960 -16 ) 
4 321 (1604 1960 -16 ) (1720 1960 -16 ) (1720 2048 -16 ) (1604 2048 -16 ) 
4 321 (1720 2048 -16 ) (1720 1960 -16 ) (1720 1960 -32 ) (1720 2048 -32 ) 
4 321 (1604 2048 -32 ) (1604 1960 -32 ) (1604 1960 -16 ) (1604 2048 -16 ) 
4 322 (1412 2048 -32 ) (1412 1960 -32 ) (1412 1960 -16 ) (1412 2048 -16 ) 
4 322 (1412 1960 -32 ) (1596 1960 -32 ) (1596 1960 -16 ) (1412 1960 -16 ) 
4 322 (1412 1960 -16 ) (1596 1960 -16 ) (1596 2048 -16 ) (1412 2048 -16 ) 
4 322 (1596 2048 -16 ) (1596 1960 -16 ) (1596 1960 -32 ) (1596 2048 -32 ) 
4 323 (1288 2048 -32 ) (1288 1960 -32 ) (1288 1960 -16 ) (1288 2048 -16 ) 
4 323 (1288 1960 -16 ) (1404 1960 -16 ) (1404 2048 -16 ) (1288 2048 -16 ) 
4 323 (1288 1960 -32 ) (1404 1960 -32 ) (1404 1960 -16 ) (1288 1960 -16 ) 
4 323 (1404 2048 -16 ) (1404 1960 -16 ) (1404 1960 -32 ) (1404 2048 -32 ) 
4 324 (1312 1952 -112 ) (1280 1952 -112 ) (1280 1952 -224 ) (1312 1952 -224 ) 
4 324 (1728 1952 -224 ) (1728 1952 -112 ) (1376 1952 -112 ) (1376 1952 -224 ) 
4 324 (1728 1952 -112 ) (1728 1952 -32 ) (1280 1952 -32 ) (1280 1952 -112 ) 
4 324 (1280 2048 -224 ) (1728 2048 -224 ) (1728 1952 -224 ) (1280 1952 -224 ) 
4 324 (1720 1952 -32 ) (1728 1952 -32 ) (1728 2048 -32 ) (1720 2048 -32 ) 
4 324 (1280 1960 -32 ) (1280 1952 -32 ) (1720 1952 -32 ) (1720 1960 -32 ) 
4 324 (1280 1960 -32 ) (1288 1960 -32 ) (1288 2048 -32 ) (1280 2048 -32 ) 
4 324 (1596 1960 -32 ) (1604 1960 -32 ) (1604 2048 -32 ) (1596 2048 -32 ) 
4 324 (1404 1960 -32 ) (1412 1960 -32 ) (1412 2048 -32 ) (1404 2048 -32 ) 
4 324 (1728 2048 -224 ) (1728 2048 -32 ) (1728 1952 -32 ) (1728 1952 -224 ) 
4 324 (1280 2048 -224 ) (1280 1952 -224 ) (1280 1952 -32 ) (1280 2048 -32 ) 
4 325 (2016 1952 -112 ) (2016 1952 -176 ) (2016 1920 -176 ) (2016 1920 -112 ) 
4 325 (2016 1952 0 ) (2016 1952 -112 ) (2016 1920 -112 ) (2016 1920 0 ) 
4 325 (2016 1952 0 ) (2016 1920 0 ) (2024 1920 0 ) (2024 1952 0 ) 
4 325 (2048 1920 -176 ) (2016 1920 -176 ) (2016 1952 -176 ) (2048 1952 -176 ) 
4 326 (1312 1920 -224 ) (1312 1920 -112 ) (1312 1952 -112 ) (1312 1952 -224 ) 
4 326 (1312 1920 -112 ) (1376 1920 -112 ) (1376 1952 -112 ) (1312 1952 -112 ) 
4 326 (1376 1952 -224 ) (1376 1952 -112 ) (1376 1920 -112 ) (1376 1920 -224 ) 
4 326 (1312 1920 -224 ) (1312 1952 -224 ) (1376 1952 -224 ) (1376 1920 -224 ) 
4 327 (2016 1920 0 ) (2016 1920 -176 ) (2016 1824 -176 ) (2016 1824 0 ) 
4 327 (2016 1824 0 ) (2016 1824 -176 ) (2048 1824 -176 ) (2048 1824 0 ) 
4 327 (2016 1920 0 ) (2016 1824 0 ) (2024 1824 0 ) (2024 1920 0 ) 
4 327 (2048 1824 -176 ) (2016 1824 -176 ) (2016 1920 -176 ) (2048 1920 -176 ) 
4 328 (1440 1792 0 ) (1440 1792 -224 ) (1440 1920 -224 ) (1440 1920 0 ) 
4 328 (1440 1920 -112 ) (1216 1920 -112 ) (1216 1920 0 ) (1440 1920 0 ) 
4 328 (1376 1920 -224 ) (1376 1920 -112 ) (1440 1920 -112 ) (1440 1920 -224 ) 
4 328 (1216 1920 -224 ) (1216 1920 -112 ) (1312 1920 -112 ) (1312 1920 -224 ) 
4 328 (1216 1920 0 ) (1216 1920 -224 ) (1216 1792 -224 ) (1216 1792 0 ) 
4 328 (1216 1792 -224 ) (1216 1920 -224 ) (1440 1920 -224 ) (1440 1792 -224 ) 
4 329 (1704 1792 0 ) (1704 1792 -176 ) (1704 1680 -176 ) (1704 1680 0 ) 
4 329 (2016 1792 -176 ) (2016 1792 0 ) (2048 1792 0 ) (2048 1792 -176 ) 
4 329 (1704 1792 -176 ) (1704 1792 0 ) (2016 1792 0 ) (2016 1792 -176 ) 
4 329 (2048 1680 -176 ) (1704 1680 -176 ) (1704 1792 -176 ) (2048 1792 -176 ) 
4 330 (1216 1760 -224 ) (1216 1680 -224 ) (1216 1680 -208 ) (1216 1760 -208 ) 
4 330 (1216 1792 0 ) (1216 1792 -224 ) (1216 1760 -224 ) (1216 1760 0 ) 
4 330 (1440 1680 0 ) (1440 1680 -224 ) (1440 1792 -224 ) (1440 1792 0 ) 
4 330 (1440 1680 -224 ) (1216 1680 -224 ) (1216 1792 -224 ) (1440 1792 -224 ) 
4 331 (1024 1760 -112 ) (1024 1760 -128 ) (1024 1680 -128 ) (1024 1680 -112 ) 
4 331 (1024 1760 -128 ) (1056 1760 -128 ) (1056 1680 -128 ) (1024 1680 -128 ) 
4 331 (1024 1760 -128 ) (1024 1760 0 ) (1216 1760 0 ) (1216 1760 -128 ) 
4 332 (1152 1760 -192 ) (1184 1760 -192 ) (1184 1680 -192 ) (1152 1680 -192 ) 
4 332 (1152 1760 -192 ) (1152 1680 -192 ) (1152 1680 -176 ) (1152 1760 -176 ) 
4 332 (1152 1760 -192 ) (1152 1760 -128 ) (1216 1760 -128 ) (1216 1760 -192 ) 
4 333 (1120 1680 -176 ) (1120 1680 -160 ) (1120 1760 -160 ) (1120 1760 -176 ) 
4 333 (1152 1760 -176 ) (1120 1760 -176 ) (1120 1760 -128 ) (1152 1760 -128 ) 
4 333 (1120 1680 -176 ) (1120 1760 -176 ) (1152 1760 -176 ) (1152 1680 -176 ) 
4 334 (1184 1760 -208 ) (1184 1760 -192 ) (1216 1760 -192 ) (1216 1760 -208 ) 
4 334 (1184 1760 -208 ) (1216 1760 -208 ) (1216 1680 -208 ) (1184 1680 -208 ) 
4 334 (1184 1760 -208 ) (1184 1680 -208 ) (1184 1680 -192 ) (1184 1760 -192 ) 
4 335 (1056 1680 -144 ) (1056 1760 -144 ) (1088 1760 -144 ) (1088 1680 -144 ) 
4 335 (1120 1760 -144 ) (1056 1760 -144 ) (1056 1760 -128 ) (1120 1760 -128 ) 
4 335 (1056 1680 -144 ) (1056 1680 -128 ) (1056 1760 -128 ) (1056 1760 -144 ) 
4 336 (1088 1760 -144 ) (1120 1760 -144 ) (1120 1760 -160 ) (1088 1760 -160 ) 
4 336 (1088 1760 -160 ) (1120 1760 -160 ) (1120 1680 -160 ) (1088 1680 -160 ) 
4 336 (1088 1760 -160 ) (1088 1680 -160 ) (1088 1680 -144 ) (1088 1760 -144 ) 
4 337 (1704 1680 0 ) (1704 1680 -176 ) (1704 1536 -176 ) (1704 1536 0 ) 
4 337 (2048 1536 -176 ) (1704 1536 -176 ) (1704 1680 -176 ) (2048 1680 -176 ) 
4 338 (1152 1536 -192 ) (1152 1536 -224 ) (1184 1536 -224 ) (1184 1536 -192 ) 
4 338 (1440 1536 -224 ) (1440 1536 0 ) (1184 1536 0 ) (1184 1536 -224 ) 
4 338 (1088 1680 -160 ) (1056 1680 -160 ) (1056 1680 -144 ) (1088 1680 -144 ) 
4 338 (1056 1680 -160 ) (1120 1680 -160 ) (1120 1680 -208 ) (1056 1680 -208 ) 
4 338 (1056 1680 -128 ) (1056 1680 -208 ) (1024 1680 -208 ) (1024 1680 -128 ) 
4 338 (1120 1680 -192 ) (1184 1680 -192 ) (1184 1680 -208 ) (1120 1680 -208 ) 
4 338 (1152 1680 -176 ) (1152 1680 -192 ) (1120 1680 -192 ) (1120 1680 -176 ) 
4 338 (1216 1680 -208 ) (1216 1680 -224 ) (1024 1680 -224 ) (1024 1680 -208 ) 
4 338 (1440 1536 0 ) (1440 1536 -224 ) (1440 1680 -224 ) (1440 1680 0 ) 
4 338 (1024 1680 -224 ) (1440 1680 -224 ) (1440 1536 -224 ) (1024 1536 -224 ) 
4 339 (2048 1504 -176 ) (2048 1504 0 ) (1704 1504 0 ) (1704 1504 -176 ) 
4 339 (1704 1536 0 ) (1704 1536 -176 ) (1704 1504 -176 ) (1704 1504 0 ) 
4 339 (2048 1504 -176 ) (1704 1504 -176 ) (1704 1536 -176 ) (2048 1536 -176 ) 
4 340 (1184 1504 0 ) (1184 1504 -192 ) (1184 1536 -192 ) (1184 1536 0 ) 
4 340 (1152 1504 -192 ) (1152 1536 -192 ) (1184 1536 -192 ) (1184 1504 -192 ) 
4 341 (1024 1536 -192 ) (1024 1536 -240 ) (1024 1504 -240 ) (1024 1504 -192 ) 
4 341 (1024 1536 -240 ) (1024 1536 -224 ) (1152 1536 -224 ) (1152 1536 -240 ) 
4 341 (1152 1504 -192 ) (1152 1504 -240 ) (1152 1536 -240 ) (1152 1536 -192 ) 
4 341 (1024 1536 -240 ) (1152 1536 -240 ) (1152 1504 -240 ) (1024 1504 -240 ) 
5 342 (1184 1152 -192 ) (1184 1152 -256 ) (1248 1152 -256 ) (1248 1152 0 ) (1216 1152 0 ) 
4 342 (1248 1280 0 ) (1248 1280 -256 ) (1184 1280 -256 ) (1184 1280 0 ) 
4 342 (1184 1152 -256 ) (1184 1280 -256 ) (1248 1280 -256 ) (1248 1152 -256 ) 
4 342 (1248 1152 0 ) (1248 1152 -256 ) (1248 1280 -256 ) (1248 1280 0 ) 
4 343 (1215.998901 1088 0 ) (1184 1088 -191.993469 ) (1184 1152 -191.988800 ) (1215.998535 1152 0 ) 
5 344 (1216 1088 0 ) (1248 1088 0 ) (1248 1088 -256 ) (1184 1088 -256 ) (1184 1088 -192 ) 
4 344 (1248 1088 0 ) (1248 1024 0 ) (1248 1024 -256 ) (1248 1088 -256 ) 
4 344 (1248 1024 -256 ) (1184 1024 -256 ) (1184 1088 -256 ) (1248 1088 -256 ) 
4 345 (1184 1152 -192 ) (1184 1088 -192 ) (1184 1088 -256 ) (1184 1152 -256 ) 
4 345 (1184 1280 0 ) (1184 1280 -256 ) (1184 1504 -256 ) (1184 1504 0 ) 
4 345 (1184 1024 -256 ) (1024 1024 -256 ) (1024 1504 -256 ) (1184 1504 -256 ) 
4 345 (1024 1504 -256 ) (1024 1504 -240 ) (1152 1504 -240 ) (1152 1504 -256 ) 
4 345 (1152 1504 -256 ) (1152 1504 -192 ) (1184 1504 -192 ) (1184 1504 -256 ) 
4 346 (1753 985 440 ) (1753 968 440 ) (1456 968 440 ) (1456 985 440 ) 
4 346 (1456 1024 440 ) (1465 1024 440 ) (1465 985 440 ) (1456 985 440 ) 
4 346 (1727 1024 440 ) (1753 1024 440 ) (1753 985 440 ) (1727 985 440 ) 
4 346 (1456 968.002136 440 ) (1720 968.002136 440 ) (1775.997803 1024 495.997864 ) (1456 1024 495.997864 ) 
4 346 (1720 968.002136 440 ) (1736 968.002136 440 ) (1791.997925 1024 495.997864 ) (1775.997803 1024 495.997864 ) 
3 346 (1456 1024 440 ) (1456 968.008789 440 ) (1456 1024 495.991211 ) 
3 347 (1408 1024 496 ) (1408 1024 440 ) (1408 968 440 ) 
4 347 (1432 968.002136 440 ) (1440 968.002136 440 ) (1440 1024 495.997864 ) (1432 1024 495.997864 ) 
3 347 (1440 1024 495.991211 ) (1440 968.008789 440 ) (1440 1024 440 ) 
4 348 (2048 705 440 ) (2048 696 440 ) (1928 696 440 ) (1928 705 440 ) 
4 348 (1928 696 440 ) (2048 696 440 ) (2048 696 496 ) (1928 696 616 ) 
4 348 (1928 696 616.002014 ) (2048 696 496.001984 ) (2048 1024 496.001862 ) (1928 1024 616.002014 ) 
4 348 (1928 696 600 ) (1928 696 616 ) (1928 1024 616 ) (1928 1024 600 ) 
4 349 (1928 705 440 ) (1928 696 440 ) (1912 696 440 ) (1912 705 440 ) 
4 349 (1912 696 440 ) (1928 696 440 ) (1928 696 600 ) (1912 696 600 ) 
4 349 (1928 696 600 ) (1928 1024 600 ) (1912 1024 600 ) (1912 696 600 ) 
4 350 (1920 696 640 ) (1912 696 632 ) (1912 1024 632 ) (1920 1024 640 ) 
4 350 (1912 696 960 ) (2048 696 960 ) (2048 1024 960 ) (1912 1024 960 ) 
4 351 (2048 696 512 ) (1919.997925 696 640.002014 ) (1919.997925 1024 640.002014 ) (2048 1024 512 ) 
4 352 (1753 952 440 ) (1753 696 440 ) (1736 696 440 ) (1736 952 440 ) 
4 352 (1753 960 440 ) (1753 952 440 ) (1736 952 440 ) (1736 960 440 ) 
4 352 (1736 968 440 ) (1753 968 440 ) (1753 960 440 ) (1736 960 440 ) 
4 352 (1912 705 440 ) (1912 696 440 ) (1753 696 440 ) (1753 705 440 ) 
3 352 (1736 696 440 ) (1912 696 440 ) (1912 696 616 ) 
5 352 (1736.001709 696 440 ) (1912 696 615.997681 ) (1912 1024 615.997681 ) (1792.001831 1024 496 ) (1736.001709 968 440 ) 
4 352 (1912 1024 600 ) (1912 1024 616 ) (1912 696 616 ) (1912 696 600 ) 
5 353 (1912 1024 632 ) (1912 696 632 ) (1720 696 440 ) (1720 952 440 ) (1792 1024 512 ) 
4 353 (1432 696 960 ) (1912 696 960 ) (1912 1024 960 ) (1432 1024 960 ) 
4 353 (1792 1024 512 ) (1720 952 440 ) (1432 952 440 ) (1432 1024 512 ) 
4 354 (1408 736 440 ) (1408 696 440 ) (1408 696 512 ) (1408 736 512 ) 
4 354 (1408 880 440 ) (1408 784 440 ) (1408 784 512 ) (1408 880 512 ) 
4 354 (1408 784 440 ) (1408 736 440 ) (1408 736 512 ) (1408 784 512 ) 
4 354 (1408 928 440 ) (1408 880 440 ) (1408 880 512 ) (1408 928 512 ) 
5 354 (1408 1024 512 ) (1408 1024 496 ) (1408 968 440 ) (1408 928 440 ) (1408 928 512 ) 
4 354 (1432 1024 512 ) (1432 952 440 ) (1432 968.001099 440 ) (1432 1024 496 ) 
4 354 (1432 696 960 ) (1432 1024 960 ) (1408 1024 960 ) (1408 696 960 ) 
4 355 (2040 688 736 ) (2016 688 736 ) (2000 688 720 ) (2040 688 720 ) 
4 355 (2048 688 720 ) (2048 688 736 ) (2040 688 736 ) (2040 688 720 ) 
4 355 (2016 688 736 ) (1824 688 736 ) (1840 688 720 ) (2000 688 720 ) 
4 355 (1920 696 640 ) (2048 696 512 ) (2048 688 512 ) (1920 688 640 ) 
4 355 (1600 688 960 ) (2048 688 960 ) (2048 696 960 ) (1600 696 960 ) 
4 356 (1408 696 440 ) (1408 688 440 ) (1408 688 512 ) (1408 696 512 ) 
4 356 (1840 688 720 ) (1824 688 736 ) (1408 688 736 ) (1408 688 720 ) 
4 356 (1600 688 960 ) (1600 696 960 ) (1408 696 960 ) (1408 688 960 ) 
4 356 (1720 696 440 ) (1919.998535 696 639.998718 ) (1919.998535 688 639.998718 ) (1720 688 440 ) 
4 357 (2040 688 736 ) (2048 688 736 ) (2048 680 736 ) (2040 680 736 ) 
4 357 (2048 680 960 ) (2048 688 960 ) (2040 688 960 ) (2040 680 960 ) 
4 357 (2040 680 960 ) (2040 680 736 ) (2048 680 736 ) (2048 680 960 ) 
4 358 (2016 688 736 ) (2040 688 736 ) (2040 672 736 ) (2016 672 736 ) 
4 358 (1408 688 736 ) (2016 688 736 ) (2016 672 736 ) (1408 672 736 ) 
4 358 (2040 680 960 ) (2040 672 960 ) (2040 672 736 ) (2040 680 736 ) 
4 358 (2040 688 960 ) (1408 688 960 ) (1408 672 960 ) (2040 672 960 ) 
4 359 (1408 688 440 ) (1408 672 440 ) (1408 672 512 ) (1408 688 512 ) 
4 359 (1408 672 672 ) (1408 672 440 ) (1720 672 440 ) (1952 672 672 ) 
4 359 (1720 688 440 ) (1920 688 640 ) (1920 672 640 ) (1720 672 440 ) 
4 359 (1408 672 672.005920 ) (1951.998047 672 672.005920 ) (1999.997925 688 720.005798 ) (1408 688 720.005798 ) 
4 360 (2040 680 696 ) (2040 680 520 ) (2048 680 512 ) (2047.998779 680 696 ) 
4 360 (2040 688 520 ) (2048 688 512 ) (2048 680 512 ) (2040 680 520 ) 
4 360 (2040 688 720.007385 ) (2040 680 696.007080 ) (2048 680 696.007080 ) (2048 688 720.007385 ) 
4 361 (2040 672 520 ) (2040 672 672 ) (1952 672 672 ) (1920 672 640 ) 
4 361 (1919.997925 672 640.002014 ) (1919.997925 688 640.002014 ) (2040 688 520 ) (2040 672 520 ) 
4 361 (2040 680 696 ) (2040 672.001648 672.004944 ) (2040 672 520 ) (2040 680 520 ) 
4 361 (2040 672 672.003662 ) (2040 688 720.003906 ) (2000.006470 688 720.003906 ) (1952.009521 672 672.003906 ) 
4 362 (1753 960 416 ) (1753 705 416 ) (1753 705 432 ) (1753 960 432 ) 
4 362 (1753 705 432 ) (1753 705 440 ) (1753 952 440 ) (1753 944 432 ) 
4 362 (1753 952 440 ) (1753 960 440 ) (1753 960 432 ) (1753 944 432 ) 
3 362 (1753 960 432 ) (1753 960 440 ) (1753 968 440 ) 
5 362 (1753 985 416 ) (1753 960 416 ) (1753 960 432 ) (1753 968 440 ) (1753 985 440 ) 
4 362 (1753 1024 416 ) (1753 985 416 ) (1753 985 440 ) (1753 1024 440 ) 
4 362 (1753 705 440 ) (1753 705 416 ) (2048 705 416 ) (2048 705 440 ) 
4 363 (1465 985 416 ) (1727 985 416 ) (1727 985 440 ) (1465 985 440 ) 
4 363 (1727 1024 440 ) (1727 985 440 ) (1727 985 416 ) (1727 1024 416 ) 
4 363 (1465 1024 416 ) (1465 985 416 ) (1465 985 440 ) (1465 1024 440 ) 
4 364 (1440 1024 440 ) (1440 985 440 ) (1440 985 416 ) (1440 1024 416 ) 
5 364 (1440 985 440 ) (1440 968 440 ) (1440 960 432 ) (1440 960 416 ) (1440 985 416 ) 
4 364 (1432 968 440 ) (1432 960 432.003052 ) (1440 960 432.003052 ) (1440 967.996948 440 ) 
4 365 (1720 672 440 ) (1432 672 440 ) (1432 672 432 ) (1712 672 432 ) 
4 365 (1712 944.001038 432 ) (1432 944.001038 432 ) (1432 952.001404 440 ) (1720 952.001404 440 ) 
4 365 (1711.995972 672 432 ) (1711.995972 943.988220 432 ) (1719.995972 951.988220 440 ) (1719.995972 672 440 ) 
4 366 (1432 672 416 ) (1728 672 416 ) (1728 672 432 ) (1432 672 432 ) 
4 366 (1440 960 432 ) (1728 960 432 ) (1728 960 416 ) (1440 960 416 ) 
4 366 (1728 944 432 ) (1728 960 432 ) (1432 960 432 ) (1432 944 432 ) 
4 366 (1712 672 432 ) (1728 672 432 ) (1728 944 432 ) (1712 944 432 ) 
4 366 (1728 672 416 ) (1728 960 416 ) (1728 960 432 ) (1728 672 432 ) 
4 367 (1408 736 416 ) (1408 672 416 ) (1408 672 440 ) (1408 736 440 ) 
4 367 (1408 880 416 ) (1408 784 416 ) (1408 784 440 ) (1408 880 440 ) 
4 367 (1408 784 416 ) (1408 736 416 ) (1408 736 440 ) (1408 784 440 ) 
4 367 (1408 928 416 ) (1408 880 416 ) (1408 880 440 ) (1408 928 440 ) 
4 367 (1408 1024 440 ) (1408 1024 416 ) (1408 928 416 ) (1408 928 440 ) 
4 367 (1408 672 440 ) (1408 672 416 ) (1432 672 416 ) (1432 672 440 ) 
4 367 (1432 944 432 ) (1432 960 432 ) (1432 960 440 ) (1432 952 440 ) 
3 367 (1432 968 440 ) (1432 960 440 ) (1432 960 432 ) 
4 368 (1744 976 416 ) (1744 976 392 ) (1748 980 392 ) (1748 980 416 ) 
4 368 (1744 985 416 ) (1753 985 416 ) (1753 1024 416 ) (1744 1024 416 ) 
3 368 (1744 985 416 ) (1744 976 416 ) (1753 985 416 ) 
4 369 (1748 980.003906 416 ) (1748 980.003906 392 ) (1748 972 392 ) (1748 972 416 ) 
5 369 (1748 980 416 ) (1748 972 416 ) (1752 968 416 ) (1753 968 416 ) (1753 985 416 ) 
4 369 (1748 971.997253 416 ) (1748 971.997253 392 ) (1751.998291 968 392 ) (1751.998291 968 416 ) 
4 370 (2048 700 416 ) (2048 705 416 ) (1753 705 416 ) (1753 700 416 ) 
4 370 (1748 968 416 ) (1748 960 416 ) (1753 960 416 ) (1753 968 416 ) 
4 370 (1748 700 416 ) (1753 700 416 ) (1753 960 416 ) (1748 960 416 ) 
4 370 (1748 700 392 ) (2048 700 392 ) (2048 700 416 ) (1748 700 416 ) 
4 370 (1748 968 416 ) (1752 968 416 ) (1752 968 392 ) (1748 968 392 ) 
4 370 (1748 968 416 ) (1748 968 392 ) (1748 700 392 ) (1748 700 416 ) 
4 371 (1776 1024 192 ) (2048 1024 192 ) (2048 696 192 ) (1776 696 192 ) 
4 371 (1776 696 192 ) (1824 696 192 ) (1824 696 337 ) (1776 696 337 ) 
4 371 (2016 696 337 ) (2016 696 392 ) (1776 696 392 ) (1776 696 337 ) 
4 371 (2016 696 192 ) (2048 696 192 ) (2048 696 392 ) (2016 696 392 ) 
4 371 (1776 768 192 ) (1776 736 192 ) (1776 736 224 ) (1776 768 224 ) 
4 371 (1776 896 192 ) (1776 768 192 ) (1776 768 208 ) (1776 896 208 ) 
4 371 (1776 928 192 ) (1776 896 192 ) (1776 896 224 ) (1776 928 224 ) 
4 371 (2048 920 200 ) (2048 744 200 ) (2048 744 192 ) (2048 920 192 ) 
4 371 (2048 700 392 ) (1776 700 392 ) (1776 696 392 ) (2048 696 392 ) 
4 372 (1744 1024 192 ) (1776 1024 192 ) (1776 928 192 ) (1744 928 192 ) 
4 372 (1744 960 192 ) (1744 928 192 ) (1744 928 320 ) (1744 960 320 ) 
4 372 (1744 928 320 ) (1744 928 392 ) (1744 960 392 ) (1744 960 320 ) 
4 372 (1744 976 192 ) (1744 960 192 ) (1744 960 352 ) (1744 976 352 ) 
4 372 (1744 960 352 ) (1744 960 392 ) (1744 976 392 ) (1744 976 352 ) 
4 372 (1776 928 192 ) (1776 928 224 ) (1744 928 224 ) (1744 928 192 ) 
3 372 (1748 972 392 ) (1748 968 392 ) (1752 968 392 ) 
3 372 (1748 972 392 ) (1748 980 392 ) (1744 976 392 ) 
4 372 (1748 968 392 ) (1748 972 392 ) (1744 976 392 ) (1744 968 392 ) 
4 372 (1748 928 392 ) (1748 968 392 ) (1744 968 392 ) (1744 928 392 ) 
4 373 (1744 896 224 ) (1744 896 320 ) (1744 928 320 ) (1744 928 224 ) 
4 373 (1744 896 320 ) (1744 896 392 ) (1744 928 392 ) (1744 928 320 ) 
4 373 (1748 896 392 ) (1748 928 392 ) (1744 928 392 ) (1744 896 392 ) 
4 373 (1776 896 224 ) (1744 896 224 ) (1744 928 224 ) (1776 928 224 ) 
4 374 (1744 768 208 ) (1744 768 320 ) (1744 800 320 ) (1744 800 208 ) 
4 374 (1744 864 320 ) (1744 896 320 ) (1744 896 208 ) (1744 864 208 ) 
4 374 (1744 768 320 ) (1744 768 392 ) (1744 896 392 ) (1744 896 320 ) 
4 374 (1776 768 208 ) (1776 768 224 ) (1744 768 224 ) (1744 768 208 ) 
4 374 (1748 768 392 ) (1748 896 392 ) (1744 896 392 ) (1744 768 392 ) 
4 374 (1744 896 208 ) (1744 896 224 ) (1776 896 224 ) (1776 896 208 ) 
4 374 (1776 768 208 ) (1744 768 208 ) (1744 896 208 ) (1776 896 208 ) 
4 375 (1744 736 224 ) (1744 736 320 ) (1744 768 320 ) (1744 768 224 ) 
4 375 (1744 736 320 ) (1744 736 392 ) (1744 768 392 ) (1744 768 320 ) 
4 375 (1748 736 392 ) (1748 768 392 ) (1744 768 392 ) (1744 736 392 ) 
4 375 (1776 736 224 ) (1744 736 224 ) (1744 768 224 ) (1776 768 224 ) 
4 376 (1776 736 192 ) (1776 696 192 ) (1744 696 192 ) (1744 736 192 ) 
4 376 (1744 696 208 ) (1744 696 320 ) (1744 736 320 ) (1744 736 208 ) 
4 376 (1744 736 192 ) (1744 696 192 ) (1744 696 208 ) (1744 736 208 ) 
4 376 (1744 696 320 ) (1744 696 392 ) (1744 736 392 ) (1744 736 320 ) 
4 376 (1744 696 337 ) (1744 696 192 ) (1776 696 192 ) (1776 696 337 ) 
4 376 (1744 696 392 ) (1744 696 337 ) (1776 696 337 ) (1776 696 392 ) 
4 376 (1744 736 192 ) (1744 736 224 ) (1776 736 224 ) (1776 736 192 ) 
4 376 (1748 700 392 ) (1748 736 392 ) (1744 736 392 ) (1744 700 392 ) 
4 376 (1776 700 392 ) (1744 700 392 ) (1744 696 392 ) (1776 696 392 ) 
4 377 (2016 688 192 ) (1824 688 192 ) (1824 696 192 ) (2016 696 192 ) 
4 377 (1984 688 192 ) (2016 688 192 ) (2016 688 306 ) (1984 688 306 ) 
4 377 (1824 688 192 ) (1856 688 192 ) (1856 688 306 ) (1824 688 306 ) 
4 377 (2016 688 306 ) (2016 688 337 ) (1824 688 337 ) (1824 688 306 ) 
4 377 (1824 688 337 ) (2016 688 337 ) (2016 696 337 ) (1824 696 337 ) 
4 377 (2016 688 337 ) (2016 688 192 ) (2016 696 192 ) (2016 696 337 ) 
4 377 (1824 688 192 ) (1824 688 337 ) (1824 696 337 ) (1824 696 192 ) 
4 378 (1984 680 192 ) (1856 680 192 ) (1856 688 192 ) (1984 688 192 ) 
4 378 (1856 680 192 ) (1856 680 306 ) (1856 688 306 ) (1856 688 192 ) 
4 378 (1856 680 192 ) (1984 680 192 ) (1984 680 306 ) (1856 680 306 ) 
4 378 (1984 688 306 ) (1856 688 306 ) (1856 680 306 ) (1984 680 306 ) 
4 378 (1984 688 192 ) (1984 688 306 ) (1984 680 306 ) (1984 680 192 ) 
4 379 (1460 979 392 ) (1741 979 392 ) (1741 979 416 ) (1460 979 416 ) 
4 379 (1460 1024 392 ) (1460 980 392 ) (1460 980 416 ) (1460 1024 416 ) 
4 379 (1727 985 416 ) (1744 985 416 ) (1744 1024 416 ) (1727 1024 416 ) 
4 379 (1460 985 416 ) (1465 985 416 ) (1465 1024 416 ) (1460 1024 416 ) 
4 379 (1460 979 416 ) (1744 979 416 ) (1744 985 416 ) (1460 985 416 ) 
4 380 (1459 979 392 ) (1460 979 392 ) (1460 979 416 ) (1459 979 416 ) 
3 380 (1459 979 416 ) (1460 979 416 ) (1460 980 416 ) 
4 380 (1460 980.002258 416 ) (1460 980.002258 392 ) (1458.998047 979 392 ) (1458.998047 979 416 ) 
3 381 (1744 976 416 ) (1744 979 416 ) (1741 979 416 ) 
4 381 (1740.997925 979 416 ) (1740.997925 979 392 ) (1743.997925 976 392 ) (1743.997925 976 416 ) 
4 382 (1408 1024 416 ) (1408 1024 392 ) (1408 976 392 ) (1408 976 416 ) 
4 382 (1440 979 416 ) (1440 976 416 ) (1440 976 392 ) (1440 979 392 ) 
4 382 (1440 1024 416 ) (1440 979 416 ) (1440 979 392 ) (1440 1024 392 ) 
4 383 (1456 1024 192 ) (1616 1024 192 ) (1616 976 192 ) (1456 976 192 ) 
4 383 (1616 1024 192 ) (1744 1024 192 ) (1744 976 192 ) (1616 976 192 ) 
4 383 (1520 976 352 ) (1456 976 352 ) (1456 976 256 ) (1520 976 256 ) 
4 383 (1456 976 192 ) (1616 976 192 ) (1616 976 256 ) (1456 976 256 ) 
4 383 (1616 976 192 ) (1744 976 192 ) (1744 976 352 ) (1616 976 352 ) 
4 383 (1744 976 352 ) (1744 976 392 ) (1456 976 392 ) (1456 976 352 ) 
4 383 (1456 1024 192 ) (1456 976 192 ) (1456 976 392 ) (1456 1024 392 ) 
5 383 (1456 979 392 ) (1459 979 392 ) (1460 980 392 ) (1460 1024 392 ) (1456 1024 392 ) 
4 383 (1741 979 392 ) (1456 979 392 ) (1456 976 392 ) (1744 976 392 ) 
4 384 (1408 1024 392 ) (1408 1024 192 ) (1408 976 192 ) (1408 976 392 ) 
4 384 (1408 976 192 ) (1408 1024 192 ) (1440 1024 192 ) (1440 976 192 ) 
4 384 (1440 1024 392 ) (1440 976 392 ) (1440 976 192 ) (1440 1024 192 ) 
4 385 (1520 976 256 ) (1616 976 256 ) (1616 960 256 ) (1520 960 256 ) 
4 385 (1616 976 352 ) (1520 976 352 ) (1520 960 352 ) (1616 960 352 ) 
4 385 (1616 976 256 ) (1616 976 352 ) (1616 960 352 ) (1616 960 256 ) 
4 385 (1520 976 256 ) (1520 960 256 ) (1520 960 352 ) (1520 976 352 ) 
4 386 (1408 976 192 ) (1408 960 192 ) (1408 960 416 ) (1408 976 416 ) 
4 386 (1408 960 192 ) (1408 976 192 ) (1440 976 192 ) (1440 960 192 ) 
4 386 (1440 960 352 ) (1440 960 256 ) (1440 976 256 ) (1440 976 352 ) 
4 386 (1440 960 256 ) (1440 960 192 ) (1440 976 192 ) (1440 976 256 ) 
4 386 (1440 960 392 ) (1440 960 352 ) (1440 976 352 ) (1440 976 392 ) 
4 386 (1440 960 416 ) (1440 960 392 ) (1440 976 392 ) (1440 976 416 ) 
4 387 (1728 800 208 ) (1728 864 208 ) (1744 864 208 ) (1744 800 208 ) 
4 387 (1744 800 320 ) (1744 864 320 ) (1728 864 320 ) (1728 800 320 ) 
4 387 (1728 864 208 ) (1728 864 320 ) (1744 864 320 ) (1744 864 208 ) 
4 387 (1728 800 208 ) (1744 800 208 ) (1744 800 320 ) (1728 800 320 ) 
4 388 (1696 960 192 ) (1728 960 192 ) (1728 928 192 ) (1696 928 192 ) 
4 388 (1696 928 224 ) (1696 928 192 ) (1728 928 192 ) (1728 928 224 ) 
4 388 (1728 928 320 ) (1728 928 192 ) (1728 960 192 ) (1728 960 320 ) 
4 388 (1728 928 416 ) (1728 928 320 ) (1728 960 320 ) (1728 960 416 ) 
4 388 (1728 960 392 ) (1696 960 392 ) (1696 960 416 ) (1728 960 416 ) 
4 388 (1728 960 352 ) (1696 960 352 ) (1696 960 392 ) (1728 960 392 ) 
4 388 (1696 960 352 ) (1728 960 352 ) (1728 960 192 ) (1696 960 192 ) 
4 389 (1728 928 416 ) (1728 896 416 ) (1728 896 320 ) (1728 928 320 ) 
4 389 (1728 928 224 ) (1728 928 320 ) (1728 896 320 ) (1728 896 224 ) 
4 389 (1728 896 224 ) (1696 896 224 ) (1696 928 224 ) (1728 928 224 ) 
4 390 (1696 768 224 ) (1696 768 208 ) (1728 768 208 ) (1728 768 224 ) 
4 390 (1728 896 224 ) (1728 896 208 ) (1696 896 208 ) (1696 896 224 ) 
4 390 (1728 768 208 ) (1728 800 208 ) (1728 800 320 ) (1728 768 320 ) 
4 390 (1728 896 208 ) (1728 896 320 ) (1728 864 320 ) (1728 864 208 ) 
4 390 (1728 896 416 ) (1728 768 416 ) (1728 768 320 ) (1728 896 320 ) 
4 390 (1728 768 208 ) (1696 768 208 ) (1696 896 208 ) (1728 896 208 ) 
4 391 (1728 736 224 ) (1728 768 224 ) (1728 768 320 ) (1728 736 320 ) 
4 391 (1728 768 416 ) (1728 736 416 ) (1728 736 320 ) (1728 768 320 ) 
4 391 (1728 736 224 ) (1696 736 224 ) (1696 768 224 ) (1728 768 224 ) 
4 392 (1728 736 192 ) (1728 672 192 ) (1696 672 192 ) (1696 736 192 ) 
4 392 (1696 672 192 ) (1728 672 192 ) (1728 672 304 ) (1696 672 304 ) 
4 392 (1728 672 304 ) (1728 672 416 ) (1696 672 416 ) (1696 672 304 ) 
4 392 (1728 736 224 ) (1728 736 192 ) (1696 736 192 ) (1696 736 224 ) 
4 392 (1728 736 416 ) (1728 672 416 ) (1728 672 320 ) (1728 736 320 ) 
4 392 (1728 736 208 ) (1728 672 208 ) (1728 672 192 ) (1728 736 192 ) 
4 392 (1728 736 208 ) (1728 736 320 ) (1728 672 320 ) (1728 672 208 ) 
4 393 (1408 736 192 ) (1408 672 192 ) (1408 672 416 ) (1408 736 416 ) 
3 393 (1408 784 336 ) (1408 784 368 ) (1408 832 352 ) 
4 393 (1408 784 368 ) (1408 784 416 ) (1408 880 416 ) (1408 880 336 ) 
4 393 (1408 784 192 ) (1408 736 192 ) (1408 736 416 ) (1408 784 416 ) 
4 393 (1408 928 192 ) (1408 880 192 ) (1408 880 416 ) (1408 928 416 ) 
4 393 (1408 960 192 ) (1408 928 192 ) (1408 928 416 ) (1408 960 416 ) 
4 393 (1456 960 192 ) (1616 960 192 ) (1616 672 192 ) (1456 672 192 ) 
4 393 (1616 960 192 ) (1696 960 192 ) (1696 672 192 ) (1616 672 192 ) 
4 393 (1408 672 192 ) (1408 960 192 ) (1456 960 192 ) (1456 672 192 ) 
4 393 (1568 672 192 ) (1696 672 192 ) (1696 672 304 ) (1568 672 304 ) 
4 393 (1408 672 304 ) (1408 672 192 ) (1504 672 192 ) (1504 672 304 ) 
4 393 (1408 672 416 ) (1408 672 304 ) (1696 672 304 ) (1696 672 416 ) 
4 393 (1696 768 224 ) (1696 736 224 ) (1696 736 192 ) (1696 768 192 ) 
4 393 (1696 896 208 ) (1696 768 208 ) (1696 768 192 ) (1696 896 192 ) 
4 393 (1696 928 224 ) (1696 896 224 ) (1696 896 192 ) (1696 928 192 ) 
4 393 (1520 960 256 ) (1440 960 256 ) (1440 960 352 ) (1520 960 352 ) 
4 393 (1440 960 256 ) (1616 960 256 ) (1616 960 192 ) (1440 960 192 ) 
4 393 (1616 960 352 ) (1696 960 352 ) (1696 960 192 ) (1616 960 192 ) 
4 393 (1696 960 352 ) (1440 960 352 ) (1440 960 392 ) (1696 960 392 ) 
4 393 (1696 960 392 ) (1440 960 392 ) (1440 960 416 ) (1696 960 416 ) 
4 394 (2040 632 768 ) (2032 632 768 ) (2032 664 768 ) (2040 672 768 ) 
4 394 (2032 632 960 ) (2040 632 960 ) (2040 672 960 ) (2032 672 960 ) 
4 394 (2040 632 768 ) (2040 672 768 ) (2040 672 960 ) (2040 632 960 ) 
3 395 (2032 672 736 ) (2040 672 736 ) (2032 664 736 ) 
4 395 (2039.997437 672 768 ) (2032 664 768 ) (2032 664 736 ) (2039.997437 672 736 ) 
4 396 (1456 640 736 ) (1616 640 736 ) (1616 632 736 ) (1456 632 736 ) 
4 396 (1616 640 736 ) (2032 640 736 ) (2032 632 736 ) (1616 632 736 ) 
4 396 (1408 632 736 ) (1408 640 736 ) (1456 640 736 ) (1456 632 736 ) 
4 396 (1408 640 736 ) (1408 672 736 ) (2032 672 736 ) (2032 640 736 ) 
4 396 (2032 664 768 ) (2032 632 768 ) (2032 632 736 ) (2032 664 736 ) 
4 396 (2032 632 960 ) (2032 672 960 ) (1408 672 960 ) (1408 632 960 ) 
4 397 (1456 632 736 ) (1616 632 736 ) (1616 122.666664 736 ) (1456 176 736 ) 
5 397 (2040 192 736 ) (2040 112 736 ) (1648 112 736 ) (1616 122.666664 736 ) (1616 192 736 ) 
4 397 (1616 632 736 ) (2040 632 736 ) (2040 192 736 ) (1616 192 736 ) 
4 397 (1408 192 736 ) (1408 632 736 ) (1456 632 736 ) (1456 176 736 ) 
4 397 (1648 112 736 ) (2040 112 736 ) (2040 112 960 ) (1648 112 960 ) 
4 397 (2032 632 768 ) (2040 632 768 ) (2040 632 736 ) (2032 632 736 ) 
5 397 (1648 112 960 ) (2040 112 960 ) (2040 632 960 ) (1408 632 960 ) (1408 192 960 ) 
4 397 (2040 112 768 ) (2040 632 768 ) (2040 632 960 ) (2040 112 960 ) 
4 397 (2040 632 768 ) (2040 112 768 ) (2040 112 736 ) (2040 632 736 ) 
4 397 (1408 192 960 ) (1408 192 736 ) (1647.997681 112 736 ) (1647.997681 112 960 ) 
4 398 (1568 640 192 ) (1504 640 192 ) (1504 654.333313 192 ) (1568 654.333313 192 ) 
4 398 (1566 652 199 ) (1568 652 199 ) (1568 653 196 ) (1566 653 196 ) 
4 398 (1504 653 196 ) (1504 652 199 ) (1506 652 199 ) (1506 653 196 ) 
3 398 (1504 640 192 ) (1504 640 235 ) (1504 654.333313 192 ) 
3 398 (1568 640 192 ) (1568 654.332031 192 ) (1568 640 234.996140 ) 
4 399 (1504 672 192 ) (1568 672 192 ) (1568 654.333313 192 ) (1504 654.333313 192 ) 
4 399 (1566 656.001953 195 ) (1568 656.001953 195 ) (1568 659 195.998505 ) (1566 659 195.998505 ) 
4 399 (1504 659 195.998489 ) (1504 656.001953 195 ) (1506 656.001953 195 ) (1506 659 195.998489 ) 
4 399 (1568 672 192 ) (1568 672 200.333313 ) (1568 653.599426 194.199799 ) (1568 654.332703 192 ) 
4 399 (1504 672 200.333313 ) (1504 672 192 ) (1504 654.333313 192 ) (1504 653.599976 194.199997 ) 
4 400 (1504 659 298 ) (1504 660 295 ) (1506 660 295 ) (1506 659 298 ) 
4 400 (1566 660 295 ) (1568 660 295 ) (1568 659 298 ) (1566 659 298 ) 
4 400 (1568 657 304 ) (1568 672 304 ) (1504 672 304 ) (1504 657 304 ) 
3 400 (1504 657 304 ) (1504 672 304 ) (1504 672 259 ) 
3 400 (1568 672 259 ) (1568 672 304 ) (1568 657 304 ) 
4 401 (1568 655.996155 195.002594 ) (1566 655.996155 195.002594 ) (1566 653.007812 196.001312 ) (1568 653.007812 196.001312 ) 
4 401 (1506 655.996155 195.002594 ) (1504 655.996155 195.002594 ) (1504 653.007812 196.001312 ) (1506 653.007812 196.001312 ) 
3 401 (1568 656 195 ) (1568 653 196 ) (1568 653.599426 194.199799 ) 
3 401 (1504 656 195 ) (1504 653.599976 194.199997 ) (1504 653 196 ) 
4 402 (1504 659.003235 297.996307 ) (1506 659.003235 297.996307 ) (1506 655.996094 298.998688 ) (1504 655.996094 298.998688 ) 
4 402 (1566 659.003235 297.996307 ) (1568 659.003235 297.996307 ) (1568 655.996094 298.998688 ) (1566 655.996094 298.998688 ) 
4 402 (1568 641 304 ) (1568 657 304 ) (1504 657 304 ) (1504 641 304 ) 
3 402 (1504 641 304 ) (1504 657 304 ) (1504 659 298 ) 
3 402 (1568 659 298 ) (1568 657 304 ) (1568 641 304 ) 
4 403 (1566 659 196 ) (1568 659 196 ) (1568 660 198.998993 ) (1566 660 198.998993 ) 
4 403 (1504 659 196 ) (1506 659 196 ) (1506 660 198.998993 ) (1504 660 198.998993 ) 
3 403 (1568 659 196 ) (1568 672 200.333313 ) (1568 672 235 ) 
3 403 (1504 672 235 ) (1504 672 200.333313 ) (1504 659 196 ) 
4 404 (1504 655.995483 299 ) (1506 655.995483 299 ) (1506 653 298.002167 ) (1504 653 298.002167 ) 
4 404 (1566 655.995483 299 ) (1568 655.995483 299 ) (1568 653 298.002167 ) (1566 653 298.002167 ) 
4 404 (1568 641 304 ) (1504 641 304 ) (1504 640 304 ) (1568 640 304 ) 
4 404 (1504 640 293.666687 ) (1504 640 304 ) (1504 641 304 ) (1504 656 299 ) 
4 404 (1568 656 299 ) (1568 641 304 ) (1568 640 304 ) (1568 640 293.666687 ) 
4 405 (1504 653.001648 298.001038 ) (1506 653.001648 298.001038 ) (1506 652 294.997986 ) (1504 652 294.997986 ) 
4 405 (1566 653.001648 298.001038 ) (1568 653.001648 298.001038 ) (1568 652 294.997986 ) (1566 652 294.997986 ) 
3 405 (1568 653 298 ) (1568 640 293.666687 ) (1568 640 259 ) 
3 405 (1504 640 259 ) (1504 640 293.666687 ) (1504 653 298 ) 
4 406 (1568 659 212 ) (1568 659 232 ) (1566 658 232 ) (1566 658 212 ) 
4 406 (1568 659 240 ) (1568 659 256 ) (1566 658 256 ) (1566 658 240 ) 
4 406 (1568 659 264 ) (1568 659 284 ) (1566 658 284 ) (1566 658 264 ) 
4 406 (1506 658 212 ) (1506 658 232 ) (1504 659 232 ) (1504 659 212 ) 
4 406 (1506 658 240 ) (1506 658 256 ) (1504 659 256 ) (1504 659 240 ) 
4 406 (1506 658 264 ) (1506 658 284 ) (1504 659 284 ) (1504 659 264 ) 
6 406 (1568 659 204 ) (1568 662 205 ) (1568 672 235 ) (1568 672 259 ) (1568 662 289 ) (1568 659 290 ) 
6 406 (1504 659 290 ) (1504 662 289 ) (1504 672 259 ) (1504 672 235 ) (1504 662 205 ) (1504 659 204 ) 
3 407 (1504 653 291.998688 ) (1506 653 291.998657 ) (1506 654 291.665344 ) 
3 407 (1504 653 201.997391 ) (1506 654 202.330719 ) (1506 653 201.997330 ) 
4 407 (1504 653 212 ) (1504 653 232 ) (1506 654 232 ) (1506 654 212 ) 
4 407 (1504 653 240 ) (1504 653 256 ) (1506 654 256 ) (1506 654 240 ) 
4 407 (1504 653 264 ) (1504 653 284 ) (1506 654 284 ) (1506 654 264 ) 
6 407 (1504 640 235 ) (1504 640 259 ) (1504 651.199951 292.600006 ) (1504 653 292 ) (1504 653 202 ) (1504 651.200012 201.400009 ) 
4 408 (1505.998169 658.003601 232 ) (1505.998169 658.003601 212 ) (1507 656 212 ) (1507 656 232 ) 
4 408 (1505.998169 658.003601 256 ) (1505.998169 658.003601 240 ) (1507 656 240 ) (1507 656 256 ) 
4 408 (1505.998169 658.003601 284 ) (1505.998169 658.003601 264 ) (1506.473389 657.053101 264 ) (1506.473389 657.053101 284 ) 
4 408 (1506.473389 657.053101 264 ) (1507 656 264 ) (1507 656 284 ) (1506.473389 657.053101 284 ) 
4 409 (1506.001099 654.002136 212 ) (1506.001099 654.002136 232 ) (1506.469482 654.938843 232 ) (1506.469482 654.938843 212 ) 
4 409 (1507.001099 656.002075 232 ) (1507.001099 656.002075 212 ) (1506.469482 654.938843 212 ) (1506.469482 654.938843 232 ) 
4 409 (1506.469482 654.938843 240 ) (1506.001099 654.002136 240 ) (1506.001099 654.002136 256 ) (1506.469482 654.938843 256 ) 
4 409 (1507.001099 656.002075 256 ) (1507.001099 656.002075 240 ) (1506.469482 654.938843 240 ) (1506.469482 654.938843 256 ) 
4 409 (1507.001099 656.002075 284 ) (1507.001099 656.002075 264 ) (1506.001099 654.002136 264 ) (1506.001099 654.002136 284 ) 
5 410 (1504 654.588135 291.469330 ) (1504 653 291.998688 ) (1506 654 291.665344 ) (1506 655.998047 291 ) (1505.414795 655.998047 291 ) 
4 410 (1505.414429 655.997314 284 ) (1504 654.587646 284 ) (1504 654.587646 291.470978 ) (1505.414429 655.997314 291.001160 ) 
4 410 (1504 653 292 ) (1504 654.588135 291.470612 ) (1504 654.588135 284 ) (1504 653 284 ) 
5 410 (1504 654.597229 284 ) (1506.474731 657.059875 284 ) (1507 656.002014 284 ) (1505.997314 653.998657 284 ) (1504 653.002747 284 ) 
5 411 (1506.474243 657.051514 284 ) (1505.415527 655.996338 284 ) (1504 657.416687 284 ) (1504 658.996399 284 ) (1506.002319 657.995239 284 ) 
4 411 (1504 657.416687 290.527771 ) (1504 659 290 ) (1504 659 284 ) (1504 657.416687 284 ) 
4 411 (1504 657.421631 284 ) (1505.418457 655.996094 284 ) (1505.418457 655.996094 291.001312 ) (1504 657.421631 290.524750 ) 
5 412 (1504 658.998291 256 ) (1506.001099 657.997742 256 ) (1507.003906 655.992188 256 ) (1506.474609 654.933655 256 ) (1504 657.416687 256 ) 
4 412 (1504 657.420715 256 ) (1505.415894 656 256 ) (1505.415649 655.998962 264 ) (1504 657.419373 264 ) 
5 412 (1504 657.416687 264 ) (1505.414307 655.997620 264 ) (1506.473389 657.053162 264 ) (1506.001099 657.997742 264 ) (1504 658.998291 264 ) 
4 412 (1505.414307 655.997620 264 ) (1506.474609 654.933655 264 ) (1507.003906 655.992188 264 ) (1506.473389 657.053162 264 ) 
4 412 (1504 659 264 ) (1504 659 256 ) (1504 657.416687 256 ) (1504 657.416687 264 ) 
5 413 (1506.474609 654.933655 256 ) (1506.010376 654.005188 256 ) (1504 653 256 ) (1504 654.588135 256 ) (1505.414307 655.997620 256 ) 
4 413 (1504 654.588135 256 ) (1504 653 256 ) (1504 653 264 ) (1504 654.588135 264 ) 
5 413 (1505.414307 655.997620 264 ) (1504 654.588135 264 ) (1504 653 264 ) (1506.010376 654.005188 264 ) (1506.474609 654.933655 264 ) 
4 413 (1505.415283 655.998169 264 ) (1505.415283 655.998169 256 ) (1504 654.587708 256 ) (1504 654.588623 264 ) 
5 414 (1506.474609 654.933655 232 ) (1506.010376 654.005188 232 ) (1504 653 232 ) (1504 654.588135 232 ) (1505.414307 655.997620 232 ) 
4 414 (1506.473389 657.053162 232 ) (1507.003906 655.992188 232 ) (1506.474609 654.933655 232 ) (1505.414307 655.997620 232 ) 
4 414 (1505.414429 655.997314 232 ) (1504 654.587646 232 ) (1504 654.586121 240 ) (1505.415283 655.996460 240 ) 
4 414 (1504 654.588135 232 ) (1504 653 232 ) (1504 653 240 ) (1504 654.588135 240 ) 
4 414 (1505.414307 655.997620 240 ) (1506.474609 654.933655 240 ) (1507.003906 655.992188 240 ) (1506.473389 657.053162 240 ) 
5 414 (1505.414307 655.997620 240 ) (1504 654.588135 240 ) (1504 653 240 ) (1506.010376 654.005188 240 ) (1506.474609 654.933655 240 ) 
5 415 (1504 658.998291 232 ) (1506.001099 657.997742 232 ) (1506.473389 657.053162 232 ) (1505.414307 655.997620 232 ) (1504 657.416687 232 ) 
5 415 (1504 657.416687 240 ) (1505.414307 655.997620 240 ) (1506.473389 657.053162 240 ) (1506.001099 657.997742 240 ) (1504 658.998291 240 ) 
4 415 (1504 659 240 ) (1504 659 232 ) (1504 657.416687 232 ) (1504 657.416687 240 ) 
4 415 (1504 657.421631 232 ) (1505.418457 655.996094 232 ) (1505.418457 655.996094 240 ) (1504 657.419373 240 ) 
3 416 (1506 655.409851 202.800690 ) (1505.407959 656.003906 202.998703 ) (1506 656.003906 202.998703 ) 
4 416 (1505.415649 655.998962 212 ) (1504 657.419373 212 ) (1504 657.419373 203.474838 ) (1505.415649 655.998962 203.002121 ) 
4 416 (1504 659 212 ) (1504 659 204 ) (1504 657.416687 203.472244 ) (1504 657.416687 212 ) 
5 416 (1507.009033 655.994690 212 ) (1506.005005 657.997742 212 ) (1504 659 212 ) (1504 657.421448 212 ) (1506.479004 654.934021 212 ) 
5 417 (1504 653 201.997391 ) (1504 654.588135 202.526764 ) (1505.414307 655.997620 202.996613 ) (1506 655.409912 202.800705 ) (1506 654 202.330734 ) 
4 417 (1504 654.588135 202.529388 ) (1504 653 202 ) (1504 653 212 ) (1504 654.588135 212 ) 
5 417 (1504 654.588135 212 ) (1504 653 212 ) (1506.015991 654.008057 212 ) (1506.479004 654.934021 212 ) (1505.416748 656 212 ) 
4 417 (1504 654.586243 212 ) (1505.412476 655.995422 212 ) (1505.412476 655.995422 202.998474 ) (1504 654.586243 202.528915 ) 
3 418 (1568 653 291.998718 ) (1566 654 291.665375 ) (1566 653 291.998688 ) 
3 418 (1568 653 201.997391 ) (1566 653 201.997330 ) (1566 654 202.330719 ) 
4 418 (1566 654 212 ) (1566 654 232 ) (1568 653 232 ) (1568 653 212 ) 
4 418 (1566 654 240 ) (1566 654 256 ) (1568 653 256 ) (1568 653 240 ) 
4 418 (1566 654 264 ) (1566 654 284 ) (1568 653 284 ) (1568 653 264 ) 
6 418 (1568 653 202 ) (1568 653 292 ) (1568 651.199951 292.600006 ) (1568 640 259 ) (1568 640 234.996582 ) (1568 651.199341 201.399780 ) 
4 419 (1566 658 212 ) (1566 658 232 ) (1565.530640 657.061157 232 ) (1565.530640 657.061157 212 ) 
4 419 (1565.530640 657.061157 212 ) (1565.530640 657.061157 232 ) (1565 656 232 ) (1565 656 212 ) 
4 419 (1566 658 240 ) (1566 658 256 ) (1565.530640 657.061157 256 ) (1565.530640 657.061157 240 ) 
4 419 (1565.530640 657.061157 256 ) (1565 656 256 ) (1565 656 240 ) (1565.530640 657.061157 240 ) 
4 419 (1566 658 264 ) (1566 658 284 ) (1565 656 284 ) (1565 656 264 ) 
4 420 (1566 653.998108 232 ) (1566 653.998108 212 ) (1565.001709 655.996582 212 ) (1565.001709 655.996582 232 ) 
4 420 (1566 653.998108 256 ) (1566 653.998108 240 ) (1565.001709 655.996582 240 ) (1565.001709 655.996582 256 ) 
4 420 (1566 653.998108 284 ) (1566 653.998108 264 ) (1565.526489 654.946838 264 ) (1565.526489 654.946838 284 ) 
4 420 (1565.526489 654.946838 264 ) (1565.001709 655.996582 264 ) (1565.001709 655.996582 284 ) (1565.526489 654.946838 284 ) 
3 421 (1566 655.418701 291.192444 ) (1566.581299 655.998047 291 ) (1566 655.998047 291 ) 
4 421 (1566.585938 656.002258 284 ) (1568 657.411499 284 ) (1568 657.411499 290.529572 ) (1566.585938 656.002258 291 ) 
4 421 (1568 657.411865 284 ) (1568 659 284 ) (1568 659 290 ) (1568 657.411865 290.529388 ) 
5 421 (1568 657.419250 284 ) (1565.526001 654.952026 284 ) (1565 656.001953 284 ) (1566 658 284 ) (1568 659.001953 284 ) 
5 422 (1568 653 291.998718 ) (1568 654.583435 291.470886 ) (1566.585815 656.002502 290.997864 ) (1566 655.418701 291.192474 ) (1566 654 291.665375 ) 
5 422 (1568 652.996399 284 ) (1566.002441 653.995239 284 ) (1565.526001 654.952026 284 ) (1566.582886 656.005310 284 ) (1568 654.583313 284 ) 
4 422 (1568 653 284 ) (1568 654.583374 284 ) (1568 654.583374 291.472198 ) (1568 653 292 ) 
4 422 (1568 654.579956 284 ) (1566.586670 655.997559 284 ) (1566.586670 655.997559 291 ) (1568 654.579956 291.472443 ) 
5 423 (1568 652.998230 256 ) (1566.001099 653.997864 256 ) (1565.003906 656 256 ) (1565.533203 657.058594 256 ) (1568 654.583435 256 ) 
4 423 (1568 654.577820 256 ) (1566.583130 656 256 ) (1566.583740 656 264 ) (1568 654.579468 264 ) 
5 423 (1568 654.583435 264 ) (1566.585815 656.002441 264 ) (1565.527832 654.948059 264 ) (1566.001099 653.997864 264 ) (1568 652.998230 264 ) 
4 423 (1566.585815 656.002441 264 ) (1565.533203 657.058594 264 ) (1565.003906 656 264 ) (1565.527832 654.948059 264 ) 
4 423 (1568 654.583374 264 ) (1568 653 264 ) (1568 653 256 ) (1568 654.583374 256 ) 
5 424 (1565.533203 657.058594 256 ) (1566.005249 658.002625 256 ) (1568 659 256 ) (1568 657.411865 256 ) (1566.585815 656.002441 256 ) 
4 424 (1568 657.411865 264 ) (1568 657.411865 256 ) (1568 659 256 ) (1568 659 264 ) 
5 424 (1566.585815 656.002441 264 ) (1568 657.411865 264 ) (1568 659 264 ) (1566.005249 658.002625 264 ) (1565.533203 657.058594 264 ) 
4 424 (1566.586914 656.003235 264 ) (1566.586914 656.003235 256 ) (1568 657.411499 256 ) (1568 657.410828 264 ) 
5 425 (1568 652.998291 232 ) (1566.001099 653.997864 232 ) (1565.003906 656 232 ) (1565.533203 657.058594 232 ) (1568 654.583374 232 ) 
4 425 (1568 654.577820 232 ) (1566.583130 656 232 ) (1566.583252 656 240 ) (1568 654.578369 240 ) 
4 425 (1568 654.583374 240 ) (1568 653 240 ) (1568 653 232 ) (1568 654.583374 232 ) 
5 425 (1568 652.993103 240 ) (1568 654.581177 240 ) (1565.529907 657.059631 240 ) (1564.996338 655.991821 240 ) (1565.997192 653.990051 240 ) 
5 426 (1565.533203 657.058594 232 ) (1566.005249 658.002625 232 ) (1568 659 232 ) (1568 657.411865 232 ) (1566.585815 656.002441 232 ) 
4 426 (1568 657.411865 240 ) (1568 657.411865 232 ) (1568 659 232 ) (1568 659 240 ) 
5 426 (1568 657.411804 240 ) (1568 659 240 ) (1566 658 240 ) (1565.528931 657.057556 240 ) (1566.583008 656 240 ) 
4 426 (1568 657.410767 240 ) (1566.584229 656 240 ) (1566.584229 656 232 ) (1568 657.411438 232 ) 
5 427 (1568 654.583374 202.525177 ) (1568 653 201.997391 ) (1566 654 202.330750 ) (1566 656.003967 202.998703 ) (1566.584229 656.003967 202.998703 ) 
4 427 (1566.583740 656 212 ) (1568 654.579468 212 ) (1568 654.579468 202.523666 ) (1566.583740 656 202.996078 ) 
4 427 (1568 654.583374 212 ) (1568 653 212 ) (1568 653 202 ) (1568 654.583374 202.527802 ) 
5 427 (1568 652.993103 212 ) (1568 654.581177 212 ) (1565.529907 657.059631 212 ) (1564.996338 655.991821 212 ) (1565.997192 653.990051 212 ) 
4 428 (1568 657.411865 212 ) (1568 657.411865 203.470627 ) (1568 659 204 ) (1568 659 212 ) 
5 428 (1568 657.411804 212 ) (1568 659 212 ) (1566 658 212 ) (1565.528931 657.057556 212 ) (1566.583008 656 212 ) 
4 428 (1568 657.410767 212 ) (1566.584229 656 212 ) (1566.584229 656 203 ) (1568 657.410767 203.468445 ) 
4 429 (1566 660 199 ) (1568 660 199 ) (1568 658.998840 202 ) (1566 658.998840 202 ) 
4 429 (1504 660 199 ) (1506 660 199 ) (1506 658.998840 202 ) (1504 658.998840 202 ) 
3 429 (1504 662 205 ) (1504 660 199 ) (1504 658.399963 203.799988 ) 
3 429 (1568 660 199 ) (1568 662 205 ) (1568 658.399963 203.799973 ) 
4 430 (1566 653.002869 202.002701 ) (1568 653.002869 202.002701 ) (1568 652 198.997025 ) (1566 652 198.997025 ) 
4 430 (1504 653.002869 202.002701 ) (1506 653.002869 202.002701 ) (1506 652 198.997025 ) (1504 652 198.997025 ) 
3 430 (1568 653 202 ) (1568 651.199341 201.399780 ) (1568 652 198.998978 ) 
3 430 (1504 652 199 ) (1504 651.200012 201.400009 ) (1504 653 202 ) 
5 431 (1566.582886 656 203 ) (1566 656 203 ) (1566 658.997986 202 ) (1568 658.997986 202 ) (1568 657.411804 202.528931 ) 
5 431 (1506 656 203 ) (1505.412354 656 203 ) (1504 657.416626 202.527313 ) (1504 658.997986 202 ) (1506 658.997986 202 ) 
4 431 (1504 657.416687 203.472229 ) (1504 658.399963 203.799988 ) (1504 659 202 ) (1504 657.416626 202.527802 ) 
4 431 (1568 657.411865 202.529404 ) (1568 659 202 ) (1568 658.399963 203.799973 ) (1568 657.411865 203.470596 ) 
3 432 (1568 656 203 ) (1566.582886 656 203 ) (1568 657.411804 202.528931 ) 
3 432 (1568 657.411865 202.529404 ) (1568 657.411865 203.470596 ) (1568 656 203 ) 
3 432 (1566.585693 656.002441 202.998215 ) (1568 656.003967 202.998703 ) (1568 657.411865 203.468002 ) 
3 433 (1505.412354 656 203 ) (1504 656 203 ) (1504 657.416626 202.527313 ) 
3 433 (1505.408081 656.003906 202.998703 ) (1504 657.416748 203.469635 ) (1504 656.003967 202.998703 ) 
3 433 (1504 656 203 ) (1504 657.416687 203.472229 ) (1504 657.416626 202.527802 ) 
8 434 (1506 651.995544 199.013412 ) (1506 652.991272 202.005005 ) (1506 656.007874 203.002625 ) (1506 658.998047 202.005905 ) (1506 660 199 ) (1506 659 196 ) (1506 656 195 ) (1506 653 195.998825 ) 
8 434 (1566 653 195.998825 ) (1566 656 195 ) (1566 659 196 ) (1566 660 199 ) (1566 658.998047 202.005905 ) (1566 656.007874 203.002625 ) (1566 652.991272 202.005005 ) (1566 651.995544 199.013412 ) 
5 435 (1504 659 292.002838 ) (1504 657.416565 291.474762 ) (1505.414062 655.997681 291.001831 ) (1506 655.997681 291.001831 ) (1506 659 292.002838 ) 
5 435 (1566 655.997681 291.001831 ) (1566.581055 655.997681 291.001831 ) (1568 657.411804 291.473175 ) (1568 659 292.002869 ) (1566 659 292.002869 ) 
4 435 (1568 657.411804 291.470612 ) (1568 657.411804 290.529388 ) (1568 662 289 ) (1568 660.799927 292.599976 ) 
4 435 (1504 660.799927 292.599976 ) (1504 662 289 ) (1504 657.416626 290.527802 ) (1504 657.416626 291.472198 ) 
3 436 (1504 657.416565 291.474762 ) (1504 655.997681 291.001831 ) (1505.414062 655.997681 291.001831 ) 
3 436 (1504 657.416626 290.527802 ) (1504 656 291 ) (1504 657.416626 291.472198 ) 
3 436 (1505.414307 655.997620 291 ) (1504 655.998047 291 ) (1504 657.416626 290.526489 ) 
3 437 (1566.581055 655.997681 291.001831 ) (1568 655.997681 291.001831 ) (1568 657.411804 291.473175 ) 
4 437 (1566.590210 655.998047 291 ) (1566.585815 656.002502 290.997864 ) (1568 657.411865 290.528076 ) (1568 655.998047 291 ) 
3 437 (1568 657.411804 291.470612 ) (1568 656 291 ) (1568 657.411804 290.529388 ) 
4 438 (1504 659.001404 292.004150 ) (1506 659.001404 292.004150 ) (1506 660 295 ) (1504 660 295 ) 
4 438 (1566 659.001404 292.004150 ) (1568 659.001404 292.004150 ) (1568 660 295 ) (1566 660 295 ) 
3 438 (1504 660 295 ) (1504 660.799927 292.599976 ) (1504 659 292 ) 
3 438 (1568 659 292 ) (1568 660.799927 292.599976 ) (1568 660 295 ) 
4 439 (1506 653 292.001190 ) (1504 653 292.001190 ) (1504 652 295 ) (1506 652 295 ) 
4 439 (1568 653 292.001190 ) (1566 653 292.001190 ) (1566 652 295 ) (1568 652 295 ) 
3 439 (1568 653 292 ) (1568 652 295 ) (1568 651.199951 292.600006 ) 
3 439 (1504 651.199951 292.600006 ) (1504 652 295 ) (1504 653 292 ) 
8 440 (1566 659 298 ) (1566 655.998474 299 ) (1566 653 298 ) (1566 652 294.998169 ) (1566 652.998596 292 ) (1566 656.002319 291 ) (1566 658.998718 291.996155 ) (1566 660 295 ) 
8 440 (1506 660 295 ) (1506 658.998718 291.996155 ) (1506 656.002319 291 ) (1506 652.998596 292 ) (1506 652 294.998169 ) (1506 653 298 ) (1506 655.998474 299 ) (1506 659 298 ) 
3 441 (1616 32 192 ) (1712 32 192 ) (1616 32 240 ) 
3 441 (1712 192 192 ) (1616 192 192 ) (1616 192 240 ) 
4 441 (1711.997070 192 192 ) (1616 192 239.998535 ) (1616 32 239.998535 ) (1711.997070 32 192 ) 
4 442 (1616 480 384 ) (1616 640 384 ) (1456 640 384 ) (1456 480 384 ) 
4 442 (1616 640 384 ) (1616 640 304 ) (1456 640 304 ) (1456 640 384 ) 
4 442 (1456 640 240 ) (1456 640 304 ) (1504 640 304 ) (1504 640 240 ) 
4 442 (1616 640 240 ) (1568 640 240 ) (1568 640 304 ) (1616 640 304 ) 
4 442 (1456 640 384 ) (1456 640 240 ) (1456 192 240 ) (1456 480 384 ) 
4 442 (1616 480 384 ) (1616 192 240 ) (1616 640 240 ) (1616 640 384 ) 
4 442 (1616 480.001617 384 ) (1456 480.001617 384 ) (1456 192.003250 240 ) (1616 192.003250 240 ) 
4 443 (1616 32 208 ) (1616 32 240 ) (1456 32 240 ) (1456 32 208 ) 
4 443 (1528 128 208 ) (1544 128 208 ) (1552 120 208 ) (1552 104 208 ) 
4 443 (1544 112 208 ) (1552 104 208 ) (1544 96 208 ) (1528 96 208 ) 
4 443 (1536 104 208 ) (1528 96 208 ) (1520 104 208 ) (1528 112 208 ) 
4 443 (1528 128 208 ) (1536 120 208 ) (1520 104 208 ) (1520 120 208 ) 
4 443 (1616 32 240 ) (1616 192 240 ) (1456 192 240 ) (1456 32 240 ) 
4 443 (1456 640 208 ) (1456 640 240 ) (1504 640 240 ) (1504 640 208 ) 
4 443 (1568 640 208 ) (1568 640 235 ) (1616 640 235 ) (1616 640 208 ) 
4 443 (1616 640 240 ) (1616 640 235 ) (1568 640 235 ) (1568 640 240 ) 
4 443 (1456 640 240 ) (1456 640 208 ) (1456 32 208 ) (1456 32 240 ) 
4 443 (1616 192 240 ) (1616 192 208 ) (1616 640 208 ) (1616 640 240 ) 
4 444 (1616 32 205 ) (1616 32 208 ) (1552 32 208 ) (1552 32 205 ) 
4 444 (1552 120 205 ) (1552 104 205 ) (1552 104 208 ) (1552 120 208 ) 
4 444 (1568 640 205 ) (1568 640 208 ) (1616 640 208 ) (1616 640 205 ) 
4 444 (1616 192 208 ) (1616 192 205 ) (1616 640 205 ) (1616 640 208 ) 
4 445 (1528 128 205 ) (1544 128 205 ) (1544 128 208 ) (1528 128 208 ) 
4 445 (1456 640 208 ) (1456 640 205 ) (1456 128 205 ) (1456 128 208 ) 
4 445 (1456 640 205 ) (1456 640 208 ) (1504 640 208 ) (1504 640 205 ) 
4 446 (1520 120 208 ) (1520 120 205 ) (1528 128 205 ) (1528 128 208 ) 
4 447 (1544 112 205 ) (1536 120 205 ) (1536 120 208 ) (1544 112 208 ) 
4 447 (1536 104 205 ) (1544 112 205 ) (1544 112 208 ) (1536 104 208 ) 
4 447 (1528.001709 111.998299 208 ) (1528.001709 111.998299 205 ) (1536 104 205 ) (1536 104 208 ) 
4 447 (1536 120 208 ) (1536 120 205 ) (1528 112 205 ) (1528 112 208 ) 
4 448 (1528 96 208 ) (1528 96 205 ) (1520.001709 103.998299 205 ) (1520.001709 103.998299 208 ) 
4 449 (1552 104 208 ) (1552 104 205 ) (1544 96 205 ) (1544 96 208 ) 
4 450 (1543.997681 128 208 ) (1543.997681 128 205 ) (1552 119.997421 205 ) (1552 119.997421 208 ) 
4 451 (1520 120 208 ) (1520 104 208 ) (1520 104 205 ) (1520 120 205 ) 
4 451 (1456 128 205 ) (1456 96 205 ) (1456 96 208 ) (1456 128 208 ) 
4 452 (1552 32 208 ) (1456 32 208 ) (1456 32 205 ) (1552 32 205 ) 
4 452 (1528 96 208 ) (1544 96 208 ) (1544 96 205 ) (1528 96 205 ) 
4 452 (1456 96 205 ) (1456 32 205 ) (1456 32 208 ) (1456 96 208 ) 
4 453 (1456 32 192 ) (1616 32 192 ) (1616 32 205 ) (1456 32 205 ) 
4 453 (1456 448 192 ) (1456 640 192 ) (1616 640 192 ) (1616 448 192 ) 
4 453 (1552 104 205 ) (1552 120 205 ) (1544 128 205 ) (1528 128 205 ) 
4 453 (1528 96 205 ) (1544 96 205 ) (1552 104 205 ) (1544 112 205 ) 
4 453 (1528 112 205 ) (1520 104 205 ) (1528 96 205 ) (1536 104 205 ) 
4 453 (1520 120 205 ) (1520 104 205 ) (1536 120 205 ) (1528 128 205 ) 
4 453 (1456 640 205 ) (1504 640 205 ) (1504 640 192 ) (1456 640 192 ) 
4 453 (1568 640 205 ) (1616 640 205 ) (1616 640 192 ) (1568 640 192 ) 
4 453 (1456 640 205 ) (1456 640 192 ) (1456 32 192 ) (1456 32 205 ) 
4 453 (1616 192 205 ) (1616 192 192 ) (1616 640 192 ) (1616 640 205 ) 
4 454 (1456 416 176 ) (1456 448 176 ) (1616 448 176 ) (1616 416 176 ) 
4 454 (1456 192 176 ) (1456 192 192 ) (1456 448 192 ) (1456 448 176 ) 
4 454 (1616 448 176 ) (1616 448 192 ) (1616 192 192 ) (1616 192 176 ) 
4 454 (1616 448 192 ) (1616 448 176 ) (1456 448 176 ) (1456 448 192 ) 
4 455 (1456 384 160 ) (1456 416 160 ) (1616 416 160 ) (1616 384 160 ) 
4 455 (1616 416 160 ) (1616 416 176 ) (1616 224 176 ) (1616 224 160 ) 
4 455 (1456 224 160 ) (1456 224 176 ) (1456 416 176 ) (1456 416 160 ) 
4 455 (1456 416 160 ) (1456 416 176 ) (1616 416 176 ) (1616 416 160 ) 
4 456 (1456 352 144 ) (1456 384 144 ) (1616 384 144 ) (1616 352 144 ) 
4 456 (1616 256 144 ) (1616 384 144 ) (1616 384 160 ) (1616 256 160 ) 
4 456 (1456 256 160 ) (1456 384 160 ) (1456 384 144 ) (1456 256 144 ) 
4 456 (1456 384 144 ) (1456 384 160 ) (1616 384 160 ) (1616 384 144 ) 
4 457 (1456 320 128 ) (1456 352 128 ) (1616 352 128 ) (1616 320 128 ) 
4 457 (1616 352 128 ) (1616 352 144 ) (1616 288 144 ) (1616 288 128 ) 
4 457 (1456 288 128 ) (1456 288 144 ) (1456 352 144 ) (1456 352 128 ) 
4 457 (1456 352 128 ) (1456 352 144 ) (1616 352 144 ) (1616 352 128 ) 
4 458 (1456 288 112 ) (1456 288 128 ) (1456 320 128 ) (1456 320 112 ) 
4 458 (1616 320 112 ) (1616 320 128 ) (1616 288 128 ) (1616 288 112 ) 
4 458 (1616 288 112 ) (1456 288 112 ) (1456 320 112 ) (1616 320 112 ) 
4 458 (1456 320 128 ) (1616 320 128 ) (1616 320 112 ) (1456 320 112 ) 
4 459 (1456 288 112 ) (1616 288 112 ) (1616 288 96 ) (1456 288 96 ) 
4 459 (1456 288 96 ) (1456 256 96 ) (1456 256 144 ) (1456 288 144 ) 
4 459 (1616 288 144 ) (1616 256 144 ) (1616 256 96 ) (1616 288 96 ) 
4 459 (1616 256 96 ) (1456 256 96 ) (1456 288 96 ) (1616 288 96 ) 
4 460 (1456 256 96 ) (1616 256 96 ) (1616 256 80 ) (1456 256 80 ) 
4 460 (1456 224 80 ) (1456 224 160 ) (1456 256 160 ) (1456 256 80 ) 
4 460 (1616 256 80 ) (1616 256 160 ) (1616 224 160 ) (1616 224 80 ) 
4 460 (1616 224 80 ) (1456 224 80 ) (1456 256 80 ) (1616 256 80 ) 
4 461 (1456 224 64 ) (1456 224 80 ) (1616 224 80 ) (1616 224 64 ) 
4 461 (1456 224 64 ) (1456 192 64 ) (1456 192 176 ) (1456 224 176 ) 
4 461 (1616 192 64 ) (1456 192 64 ) (1456 224 64 ) (1616 224 64 ) 
4 461 (1616 224 176 ) (1616 192 176 ) (1616 192 64 ) (1616 224 64 ) 
4 462 (1712 32 192 ) (1456 32 192 ) (1456 32 160 ) (1776 32 160 ) 
4 462 (1776 192 160 ) (1616 192 160 ) (1616 192 192 ) (1712 192 192 ) 
4 462 (1456 192 192 ) (1456 192 160 ) (1456 32 160 ) (1456 32 192 ) 
4 462 (1775.996826 32 160 ) (1775.996826 192 160 ) (1711.996948 192 192 ) (1711.996948 32 192 ) 
4 463 (1848 32 80 ) (2032 32 80 ) (1938 32 127 ) (1848 32 127 ) 
4 463 (1456 32 127 ) (1456 32 80 ) (1800 32 80 ) (1800 32 127 ) 
4 463 (1872 32 160 ) (1456 32 160 ) (1456 32 127 ) (1938 32 127 ) 
4 463 (1872 192 160 ) (1776 192 160 ) (1776 32 160 ) (1872 32 160 ) 
4 463 (1456 192 160 ) (1456 192 80 ) (1456 32 80 ) (1456 32 160 ) 
4 463 (1872 192 160 ) (2032 192 80 ) (1616 192 80 ) (1616 192 160 ) 
4 463 (1872.002075 192 160 ) (1872.002075 32 160 ) (2032.002197 32 80 ) (2032.002197 192 80 ) 
4 464 (1848 32 48 ) (2048 32 48 ) (2048 32 80 ) (1848 32 80 ) 
4 464 (1456 32 48 ) (1800 32 48 ) (1800 32 80 ) (1456 32 80 ) 
4 464 (1616 32 48 ) (1456 32 48 ) (1456 192 48 ) (1616 192 48 ) 
4 464 (2048 192 80 ) (2032 192 80 ) (2032 32 80 ) (2048 32 80 ) 
4 464 (2048 192 80 ) (2048 192 64 ) (1616 192 64 ) (1616 192 80 ) 
4 464 (1456 192 64 ) (2048 192 64 ) (2048 192 48 ) (1456 192 48 ) 
4 464 (1456 192 80 ) (1456 192 48 ) (1456 32 48 ) (1456 32 80 ) 
4 465 (2048 32 16 ) (2048 32 48 ) (1848 32 48 ) (1848 32 16 ) 
4 465 (1800 32 48 ) (1648 32 48 ) (1648 32 16 ) (1800 32 16 ) 
4 465 (1648 32 16 ) (1648 32 32 ) (1648 192 32 ) (1648 192 16 ) 
4 465 (1680 32 16 ) (1648 32 16 ) (1648 192 16 ) (1680 192 16 ) 
4 465 (1648 192 16 ) (1648 192 48 ) (2048 192 48 ) (2048 192 16 ) 
4 466 (1680 192 0 ) (1712 192 0 ) (1712 32 0 ) (1680 32 0 ) 
4 466 (1848 32 0 ) (2048 32 0 ) (2048 32 16 ) (1848 32 16 ) 
4 466 (1680 32 0 ) (1800 32 0 ) (1800 32 16 ) (1680 32 16 ) 
4 466 (1680 192 16 ) (2048 192 16 ) (2048 192 0 ) (1680 192 0 ) 
4 466 (1680 32 0 ) (1680 32 16 ) (1680 192 16 ) (1680 192 0 ) 
4 467 (1648 32 32 ) (1648 32 48 ) (1616 32 48 ) (1616 32 32 ) 
4 467 (1616 192 32 ) (1616 192 48 ) (1648 192 48 ) (1648 192 32 ) 
4 467 (1616 32 32 ) (1616 32 48 ) (1616 192 48 ) (1616 192 32 ) 
4 467 (1616 32 32 ) (1616 192 32 ) (1648 192 32 ) (1648 32 32 ) 
4 468 (1800 32 0 ) (1848 32 0 ) (1832 8 0 ) (1816 8 0 ) 
4 468 (1820 8 33 ) (1820 8 95 ) (1816 8 95 ) (1816 8 33 ) 
4 468 (1816 8 0 ) (1820 8 0 ) (1820 8 23 ) (1816 8 23 ) 
4 468 (1820 8 105 ) (1820 8 127 ) (1816 8 127 ) (1816 8 105 ) 
4 468 (1820 8 0 ) (1828 8 0 ) (1828 8 4 ) (1820 8 4 ) 
4 468 (1828 8 123 ) (1828 8 127 ) (1820 8 127 ) (1820 8 123 ) 
4 468 (1828 8 0 ) (1832 8 0 ) (1832 8 23 ) (1828 8 23 ) 
4 468 (1832 8 33 ) (1832 8 95 ) (1828 8 95 ) (1828 8 33 ) 
4 468 (1832 8 105 ) (1832 8 127 ) (1828 8 127 ) (1828 8 105 ) 
4 468 (1816 8 0 ) (1816 8 127 ) (1800 32 127 ) (1800 32 0 ) 
4 468 (1848 32 127 ) (1800 32 127 ) (1816 8 127 ) (1832 8 127 ) 
4 468 (1848.007324 32 0 ) (1848.007324 32 127 ) (1832.007080 8 127 ) (1832.007080 8 0 ) 
4 469 (1832 8 105 ) (1828 8 105 ) (1828 5 105 ) (1832 5 105 ) 
4 469 (1832 5 95 ) (1832 5 105 ) (1828 5 105 ) (1828 5 95 ) 
4 469 (1832 8 95 ) (1832 8 105 ) (1832 5 105 ) (1832 5 95 ) 
4 469 (1828 5 95 ) (1828 8 95 ) (1832 8 95 ) (1832 5 95 ) 
4 470 (1832 5 23 ) (1832 5 33 ) (1828 5 33 ) (1828 5 23 ) 
4 470 (1832 8 23 ) (1832 8 33 ) (1832 5 33 ) (1832 5 23 ) 
4 470 (1832 5 33 ) (1832 8 33 ) (1828 8 33 ) (1828 5 33 ) 
4 470 (1828 5 23 ) (1828 8 23 ) (1832 8 23 ) (1832 5 23 ) 
4 471 (1820 8 95 ) (1820 8 33 ) (1820 5 33 ) (1820 5 95 ) 
4 471 (1820 8 23 ) (1820 8 4 ) (1820 5 4 ) (1820 5 23 ) 
4 471 (1820 8 123 ) (1820 8 105 ) (1820 5 105 ) (1820 5 123 ) 
4 471 (1828 5 123 ) (1828 8 123 ) (1820 8 123 ) (1820 5 123 ) 
4 471 (1828 5 23 ) (1828 5 4 ) (1828 8 4 ) (1828 8 23 ) 
4 471 (1828 5 95 ) (1828 5 33 ) (1828 8 33 ) (1828 8 95 ) 
4 471 (1828 5 123 ) (1828 5 105 ) (1828 8 105 ) (1828 8 123 ) 
4 471 (1828 5 4 ) (1828 5 123 ) (1820 5 123 ) (1820 5 4 ) 
4 471 (1820 5 4 ) (1820 8 4 ) (1828 8 4 ) (1828 5 4 ) 
4 472 (1820 5 105 ) (1820 8 105 ) (1816 8 105 ) (1816 5 105 ) 
4 472 (1820 5 95 ) (1820 5 105 ) (1816 5 105 ) (1816 5 95 ) 
4 472 (1816 8 105 ) (1816 8 95 ) (1816 5 95 ) (1816 5 105 ) 
4 472 (1816 5 95 ) (1816 8 95 ) (1820 8 95 ) (1820 5 95 ) 
4 473 (1820 5 33 ) (1820 8 33 ) (1816 8 33 ) (1816 5 33 ) 
4 473 (1816 5 23 ) (1816 8 23 ) (1820 8 23 ) (1820 5 23 ) 
4 473 (1816 8 33 ) (1816 8 23 ) (1816 5 23 ) (1816 5 33 ) 
4 473 (1820 5 23 ) (1820 5 33 ) (1816 5 33 ) (1816 5 23 ) 
4 474 (1408 1024 960 ) (1248 1024 960 ) (1248 928 960 ) (1408 928 960 ) 
4 474 (1408 928 512 ) (1248 928 512 ) (1248 1024 512 ) (1408 1024 512 ) 
3 475 (1080 928 84 ) (1068.571411 928 81.714294 ) (1060 928 76 ) 
3 475 (1180 928 76 ) (1171.428589 928 81.714294 ) (1160 928 84 ) 
3 475 (1068.571411 928 81.714294 ) (1056.470581 928 79.294113 ) (1048 928 68 ) 
3 475 (1192 928 68 ) (1183.529419 928 79.294121 ) (1171.428589 928 81.714294 ) 
3 475 (1056.470581 928 79.294113 ) (1046.086914 928 77.217392 ) (1036 928 52 ) 
3 475 (1204 928 52 ) (1193.913086 928 77.217384 ) (1183.529419 928 79.294121 ) 
3 475 (1046.086914 928 77.217392 ) (1033.333374 928 74.666672 ) (1028 928 32 ) 
3 475 (1212 928 32 ) (1206.666626 928 74.666679 ) (1193.913086 928 77.217384 ) 
3 475 (1024 928 72.800003 ) (1024 928 0 ) (1033.333374 928 74.666672 ) 
4 475 (1216 928 0 ) (1248 928 0 ) (1248 928 66.400002 ) (1206.666626 928 74.666679 ) 
3 475 (1024 928 88 ) (1024 928 72.800003 ) (1100 928 88 ) 
3 475 (1248 928 66.400002 ) (1248 928 88 ) (1140 928 88 ) 
4 475 (1024 928 164 ) (1024 928 88 ) (1248 928 88 ) (1248 928 192 ) 
4 475 (1248 928 512 ) (1248 928 0 ) (1248 1024 0 ) (1248 1024 512 ) 
4 475 (1024 928 960 ) (1248 928 960 ) (1248 1024 960 ) (1024 1024 960 ) 
4 476 (1376 784 512 ) (1376 880 512 ) (1408 880 512 ) (1408 784 512 ) 
4 476 (1408 736 512 ) (1376 736 512 ) (1376 784 512 ) (1408 784 512 ) 
4 476 (1376 880 512 ) (1376 928 512 ) (1408 928 512 ) (1408 880 512 ) 
4 476 (1408 928 960 ) (1376 928 960 ) (1376 736 960 ) (1408 736 960 ) 
4 477 (1408 880 335.997620 ) (1376 880 335.997620 ) (1376 831.996460 351.998779 ) (1408 831.996460 351.998779 ) 
4 477 (1408 784 192 ) (1408 784 336 ) (1376 784 336 ) (1376 784 192 ) 
4 477 (1376 880 192 ) (1376 880 336 ) (1408 880 336 ) (1408 880 192 ) 
4 477 (1408 784 192 ) (1376 784 192 ) (1376 880 192 ) (1408 880 192 ) 
4 477 (1408 831.994629 351.996918 ) (1376 831.994629 351.996918 ) (1376 784 335.998718 ) (1408 784 335.998718 ) 
4 478 (1280 768 512 ) (1280 928 512 ) (1376 928 512 ) (1376 768 512 ) 
4 478 (1280 736 512 ) (1280 768 512 ) (1376 768 512 ) (1376 736 512 ) 
4 478 (1376 736 960 ) (1376 928 960 ) (1280 928 960 ) (1280 736 960 ) 
3 479 (1280 832 352 ) (1280 880 368 ) (1280 880 336 ) 
4 479 (1280 784 336 ) (1280 784 384 ) (1280 880 384 ) (1280 880 368 ) 
4 479 (1280 784 192 ) (1280 768 192 ) (1280 768 384 ) (1280 784 384 ) 
4 479 (1280 896 192 ) (1280 880 192 ) (1280 880 384 ) (1280 896 384 ) 
4 479 (1376 768 192 ) (1280 768 192 ) (1280 896 192 ) (1376 896 192 ) 
4 479 (1376 768 192 ) (1376 768 384 ) (1280 768 384 ) (1280 768 192 ) 
3 479 (1376 832 352 ) (1376 784 368 ) (1376 784 336 ) 
4 479 (1376 880 336 ) (1376 880 384 ) (1376 784 384 ) (1376 784 368 ) 
4 479 (1376 784 192 ) (1376 784 384 ) (1376 768 384 ) (1376 768 192 ) 
4 479 (1376 896 384 ) (1376 880 384 ) (1376 880 192 ) (1376 896 192 ) 
4 479 (1376 896 384 ) (1280 896 384 ) (1280 768 384 ) (1376 768 384 ) 
4 479 (1280 896 384 ) (1376 896 384 ) (1376 896 192 ) (1280 896 192 ) 
4 480 (1248 784 512 ) (1248 880 512 ) (1280 880 512 ) (1280 784 512 ) 
4 480 (1248 736 512 ) (1248 784 512 ) (1280 784 512 ) (1280 736 512 ) 
4 480 (1248 880 512 ) (1248 928 512 ) (1280 928 512 ) (1280 880 512 ) 
4 480 (1280 736 960 ) (1280 928 960 ) (1248 928 960 ) (1248 736 960 ) 
4 481 (1248 832.004028 351.998627 ) (1248 784 335.997711 ) (1280 784 335.997711 ) (1280 832.004028 351.998627 ) 
4 481 (1280 784 192 ) (1280 784 336 ) (1248 784 336 ) (1248 784 192 ) 
4 481 (1248 880 192 ) (1248 880 336 ) (1280 880 336 ) (1280 880 192 ) 
4 481 (1280 784 192 ) (1248 784 192 ) (1248 880 192 ) (1280 880 192 ) 
4 481 (1280 880 335.997375 ) (1248 880 335.997375 ) (1248 831.989319 352 ) (1280 831.989319 352 ) 
4 482 (1024 736 960 ) (1248 736 960 ) (1248 928 960 ) (1024 928 960 ) 
4 482 (1248 880 512 ) (1248 880 192 ) (1248 928 192 ) (1248 928 512 ) 
4 482 (1248 784 192 ) (1248 784 512 ) (1248 736 512 ) (1248 736 192 ) 
4 482 (1248 880 368 ) (1248 880 512 ) (1248 784 512 ) (1248 784 336 ) 
3 482 (1248 880 336 ) (1248 880 368 ) (1248 832 352 ) 
4 482 (1024 928 164 ) (1248 928 192 ) (1248 736 192 ) (1024 736 164 ) 
4 483 (1160.010620 928 83.997871 ) (1160.010620 736 83.997871 ) (1179.994019 736 76.004730 ) (1179.994019 928 76.004730 ) 
4 483 (1180.023804 736 75.990509 ) (1191.994629 736 68.010139 ) (1191.994629 928 68.010139 ) (1180.023804 928 75.990509 ) 
4 483 (1203.994873 736 52.009346 ) (1203.994873 928 52.009342 ) (1192.004272 928 67.997101 ) (1192.004272 736 67.997101 ) 
4 483 (1212 736 32.003357 ) (1212 928 32.003357 ) (1204 928 51.998901 ) (1204 736 51.998901 ) 
4 483 (1216 928 0 ) (1212 928 32 ) (1212 736 32 ) (1216 736 0 ) 
4 483 (1139.990479 928 88 ) (1139.990479 736 88 ) (1160.009644 736 83.996155 ) (1160.009644 928 83.996155 ) 
4 483 (1100 736 88 ) (1140 736 88 ) (1140 928 88 ) (1100 928 88 ) 
4 483 (1080 736 84 ) (1100 736 88 ) (1100 928 88 ) (1080 928 84 ) 
4 483 (1024 736 0 ) (1028 736 32.001667 ) (1028 928 32.001530 ) (1024 928 0 ) 
4 483 (1028 928 32 ) (1028 736 32 ) (1036 736 52 ) (1036 928 52 ) 
4 483 (1036.002075 928 52.002712 ) (1036.002075 736 52.002716 ) (1048 736 68 ) (1048 928 68 ) 
4 483 (1047.993164 928 67.992805 ) (1047.993164 736 67.992805 ) (1060.009766 736 76.003922 ) (1060.009766 928 76.003922 ) 
4 483 (1060 928 76 ) (1060 736 76 ) (1080 736 84 ) (1080 928 84 ) 
4 484 (1408 688 720 ) (1408 688 736 ) (1392 688 736 ) (1392 688 720 ) 
4 484 (1248 688 512 ) (1248 736 512 ) (1408 736 512 ) (1408 688 512 ) 
4 484 (1248 688 960 ) (1408 688 960 ) (1408 736 960 ) (1248 736 960 ) 
4 485 (1248 272 944 ) (1248 272 864 ) (1392 272 864 ) (1392 272 944 ) 
4 485 (1336 272 944 ) (1392 272 944 ) (1392 272 960 ) (1336 272 960 ) 
3 485 (1392 688 736 ) (1408 688 736 ) (1408 672 736 ) 
4 485 (1248 688 960 ) (1248 272 960 ) (1408 272 960 ) (1408 688 960 ) 
4 486 (1391.995483 688 720 ) (1391.995483 688 736 ) (1408 671.995483 736 ) (1408 671.995422 671.986328 ) 
5 486 (1408 272 512 ) (1248 272 512 ) (1248 688 512 ) (1392 688 512 ) (1408 672 512 ) 
4 486 (1408 640 512 ) (1408 640 736 ) (1408 272 736 ) (1408 272 512 ) 
4 486 (1408 672 512 ) (1408 672 736 ) (1408 640 736 ) (1408 640 512 ) 
3 487 (1392 688 512 ) (1408 688 512 ) (1408 672 512 ) 
3 487 (1392.003784 688 720 ) (1408 672.003784 672.011658 ) (1408 688 720 ) 
4 488 (1392 192 944 ) (1408 192 944 ) (1408 192 960 ) (1392 192 960 ) 
4 488 (1392 272 960 ) (1392 272 944 ) (1392 216 944 ) (1392 216 960 ) 
4 488 (1392 216 944 ) (1392 192 944 ) (1392 192 960 ) (1392 216 960 ) 
4 488 (1392 272 960 ) (1392 192 960 ) (1408 192 960 ) (1408 272 960 ) 
4 489 (1248 216 944 ) (1248 256 944 ) (1336 256 944 ) (1336 216 944 ) 
4 489 (1248 256 944 ) (1248 272 944 ) (1336 272 944 ) (1336 256 944 ) 
4 489 (1248 216 960 ) (1248 216 944 ) (1336 216 944 ) (1336 216 960 ) 
4 489 (1336 216 960 ) (1336 272 960 ) (1248 272 960 ) (1248 216 960 ) 
4 489 (1336 216 960 ) (1336 216 944 ) (1336 272 944 ) (1336 272 960 ) 
4 490 (1392 256 864 ) (1392 256 944 ) (1392 272 944 ) (1392 272 864 ) 
4 490 (1408 272 512 ) (1408 272 736 ) (1408 256 736 ) (1408 256 512 ) 
4 490 (1408 256 512 ) (1392 256 512 ) (1392 272 512 ) (1408 272 512 ) 
4 491 (1248 256 816 ) (1248 256 512 ) (1376 256 512 ) (1376 256 816 ) 
4 491 (1248 256 815.990601 ) (1375.996826 256 815.990601 ) (1391.996826 272 863.990601 ) (1248 272 863.990601 ) 
4 491 (1248 272 512 ) (1392 272 512 ) (1392 256 512 ) (1248 256 512 ) 
4 492 (1392 256 863.993530 ) (1392 272 863.993530 ) (1391.996216 272 863.982117 ) (1375.996216 256 815.982056 ) 
4 493 (1408 192 432 ) (1408 192 944 ) (1392 192 944 ) (1392 192 432 ) 
4 493 (1392 256 944 ) (1392 256 864 ) (1392 192 864 ) (1392 192 944 ) 
4 493 (1392 256 432 ) (1392 256 512 ) (1408 256 512 ) (1408 256 432 ) 
4 493 (1408 256 432 ) (1408 256 736 ) (1408 192 736 ) (1408 192 432 ) 
4 493 (1408 192 432 ) (1392 192 432 ) (1392 256 432 ) (1408 256 432 ) 
4 494 (1376 192 432 ) (1392 192 432 ) (1392 192 864 ) (1376 192 816 ) 
4 494 (1376 256 816 ) (1376 256 432 ) (1376 192 432 ) (1376 192 816 ) 
4 494 (1376 256 512 ) (1392 256 512 ) (1392 256 432 ) (1376 256 432 ) 
4 494 (1376 256 432 ) (1392 256 432 ) (1392 192 432 ) (1376 192 432 ) 
4 494 (1392 192 863.993469 ) (1392 256 863.993469 ) (1376 256 815.992188 ) (1376 192 815.992188 ) 
3 495 (1216 576 0 ) (1248 576 0 ) (1248 576 192 ) 
4 495 (1248 576 512 ) (1248 576 0 ) (1248 736 0 ) (1248 736 512 ) 
4 495 (1104 736 174 ) (1248 736 192 ) (1248 736 88 ) (1104 736 88 ) 
3 495 (1140 736 88 ) (1248 736 88 ) (1248 736 66.400002 ) 
4 495 (1206.666626 736 74.666679 ) (1248 736 66.400002 ) (1248 736 0 ) (1216 736 0 ) 
3 495 (1193.913086 736 77.217384 ) (1206.666626 736 74.666679 ) (1212 736 32 ) 
3 495 (1183.529419 736 79.294121 ) (1193.913086 736 77.217384 ) (1204 736 52 ) 
3 495 (1171.428589 736 81.714294 ) (1183.529419 736 79.294121 ) (1192 736 68 ) 
3 495 (1160 736 84 ) (1171.428589 736 81.714294 ) (1180 736 76 ) 
4 495 (1104 576 960 ) (1248 576 960 ) (1248 736 960 ) (1104 736 960 ) 
4 496 (1248 576 192 ) (1248 576 512 ) (1248 512 512 ) (1248 512 192 ) 
4 496 (1104 576 960 ) (1104 512 960 ) (1248 512 960 ) (1248 576 960 ) 
4 496 (1248 512 192.006561 ) (1215.998901 512 0 ) (1215.998901 576 0 ) (1248 576 192.006561 ) 
4 497 (1104 272 944 ) (1104 272 864 ) (1248 272 864 ) (1248 272 944 ) 
4 497 (1104 272 960 ) (1104 272 944 ) (1160 272 944 ) (1160 272 960 ) 
3 497 (1248 512 192 ) (1248 512 0 ) (1216 512 0 ) 
4 497 (1104 512 960 ) (1104 272 960 ) (1248 272 960 ) (1248 512 960 ) 
4 497 (1248 512 512 ) (1248 272 512 ) (1248 272 0 ) (1248 512 0 ) 
4 498 (1248 256 944 ) (1248 216 944 ) (1160 216 944 ) (1160 256 944 ) 
4 498 (1160 272 944 ) (1248 272 944 ) (1248 256 944 ) (1160 256 944 ) 
4 498 (1160 272 960 ) (1160 272 944 ) (1160 216 944 ) (1160 216 960 ) 
4 498 (1160 272 960 ) (1160 216 960 ) (1248 216 960 ) (1248 272 960 ) 
4 498 (1160 216 960 ) (1160 216 944 ) (1248 216 944 ) (1248 216 960 ) 
4 499 (1104 40 944 ) (1104 160 944 ) (1120 160 944 ) (1120 40 944 ) 
4 499 (1120 160 944 ) (1160 160 944 ) (1160 40 944 ) (1120 40 944 ) 
4 499 (1104 160 944 ) (1104 216 944 ) (1120 216 944 ) (1120 160 944 ) 
4 499 (1120 216 944 ) (1160 216 944 ) (1160 160 944 ) (1120 160 944 ) 
4 499 (1104 40 960 ) (1104 40 944 ) (1160 40 944 ) (1160 40 960 ) 
4 499 (1160 216 960 ) (1160 40 960 ) (1160 40 944 ) (1160 216 944 ) 
4 499 (1160 40 960 ) (1160 216 960 ) (1104 216 960 ) (1104 40 960 ) 
4 499 (1160 216 960 ) (1160 216 944 ) (1104 216 944 ) (1104 216 960 ) 
4 500 (1248 256 0 ) (1248 256 816 ) (1120 256 816 ) (1120 256 0 ) 
4 500 (1120.001709 256 815.995239 ) (1248 256 815.995239 ) (1248 272 863.994324 ) (1104.001953 272 863.994324 ) 
4 500 (1248 256 512 ) (1248 256 0 ) (1248 272 0 ) (1248 272 512 ) 
4 501 (1104 256 864.003479 ) (1120.004883 256 815.989258 ) (1104.004883 272 863.989258 ) (1104 272 864.003906 ) 
4 502 (1104 160 256 ) (1104 160 0 ) (1120 160 0 ) (1120 160 256 ) 
4 502 (1120 160 816 ) (1120 160 0 ) (1120 256 0 ) (1120 256 816 ) 
4 502 (1104 160 864.004639 ) (1120 160 816.004089 ) (1120 256 816.004089 ) (1104 256 864.004089 ) 
4 503 (1120 0 384 ) (1120 0 816 ) (1104 0 816 ) (1104 0 384 ) 
4 503 (1120 136 384 ) (1120 24 384 ) (1112 24 384 ) (1112 136 384 ) 
4 503 (1120 0 816 ) (1120 0 384 ) (1120 160 384 ) (1120 160 816 ) 
4 503 (1120 0 816.009338 ) (1120 160 816.009338 ) (1104 160 864.009338 ) (1104 0 864.009338 ) 
4 504 (1120 136 384 ) (1120 136 368 ) (1120 160 368 ) (1120 160 384 ) 
4 504 (1112 136 384 ) (1112 136 368 ) (1120 136 368 ) (1120 136 384 ) 
4 505 (1120 0 368 ) (1120 0 384 ) (1112 0 384 ) (1112 0 368 ) 
4 505 (1120 24 384 ) (1120 24 368 ) (1112 24 368 ) (1112 24 384 ) 
4 505 (1120 24 384 ) (1120 0 384 ) (1120 0 368 ) (1120 24 368 ) 
4 506 (1112 0 384 ) (1104 0 384 ) (1104 0 368 ) (1112 0 368 ) 
4 506 (1112 136 384 ) (1112 24 384 ) (1112 24 368 ) (1112 136 368 ) 
4 507 (1115 136 368 ) (1115 136 256 ) (1120 136 256 ) (1120 136 368 ) 
4 507 (1120 136 368 ) (1120 136 256 ) (1120 160 256 ) (1120 160 368 ) 
4 507 (1115 160 256 ) (1120 160 256 ) (1120 136 256 ) (1115 136 256 ) 
4 508 (1118 48 368 ) (1118 48 256 ) (1118 112 256 ) (1118 112 368 ) 
4 508 (1118 48 368 ) (1118 112 368 ) (1115 112 368 ) (1115 48 368 ) 
4 508 (1115 48 256 ) (1115 112 256 ) (1118 112 256 ) (1118 48 256 ) 
4 508 (1118 112 368 ) (1118 112 256 ) (1115 112 256 ) (1115 112 368 ) 
4 508 (1115 48 368 ) (1115 48 256 ) (1118 48 256 ) (1118 48 368 ) 
4 509 (1120 0 256 ) (1120 0 368 ) (1115 0 368 ) (1115 0 256 ) 
4 509 (1118 24 368 ) (1118 24 256 ) (1115 24 256 ) (1115 24 368 ) 
4 509 (1118 24 368 ) (1120 24 368 ) (1120 24 256 ) (1118 24 256 ) 
4 509 (1120 24 256 ) (1120 0 256 ) (1115 0 256 ) (1115 24 256 ) 
4 509 (1120 24 368 ) (1120 0 368 ) (1120 0 256 ) (1120 24 256 ) 
4 510 (1115 0 368 ) (1104 0 368 ) (1104 0 256 ) (1115 0 256 ) 
4 510 (1104 0 256 ) (1104 0 304 ) (1104 32 304 ) (1104 32 256 ) 
4 510 (1104 160 288 ) (1104 160 256 ) (1104 128 256 ) (1104 128 288 ) 
4 510 (1115 48 368 ) (1115 24 368 ) (1115 24 256 ) (1115 48 256 ) 
4 510 (1115 136 368 ) (1115 112 368 ) (1115 112 256 ) (1115 136 256 ) 
4 510 (1104 0 256 ) (1104 160 256 ) (1115 160 256 ) (1115 0 256 ) 
4 510 (1115 136 368 ) (1112 136 368 ) (1112 24 368 ) (1115 24 368 ) 
4 511 (1104 160 256 ) (1104 160 288 ) (1024 160 288 ) (1024 160 256 ) 
4 511 (1024 160 0 ) (1104 160 0 ) (1104 160 256 ) (1024 160 256 ) 
4 511 (1104 736 174 ) (1104 736 88 ) (1024 736 88 ) (1024 736 164 ) 
3 511 (1100 736 88 ) (1024 736 72.800003 ) (1024 736 88 ) 
3 511 (1033.333374 736 74.666672 ) (1024 736 0 ) (1024 736 72.800003 ) 
3 511 (1028 736 32 ) (1033.333374 736 74.666672 ) (1046.086914 736 77.217392 ) 
3 511 (1036 736 52 ) (1046.086914 736 77.217392 ) (1056.470581 736 79.294113 ) 
3 511 (1048 736 68 ) (1056.470581 736 79.294113 ) (1068.571411 736 81.714294 ) 
3 511 (1060 736 76 ) (1068.571411 736 81.714294 ) (1080 736 84 ) 
4 511 (1024 160 960 ) (1104 160 960 ) (1104 736 960 ) (1024 736 960 ) 
4 511 (1104 216 944 ) (1104 272 944 ) (1104 272 960 ) (1104 216 960 ) 
4 511 (1104 256 944 ) (1104 256 864 ) (1104 272 864 ) (1104 272 944 ) 
4 511 (1104 256 864 ) (1104 256 944 ) (1104 160 944 ) (1104 160 864 ) 
4 512 (1024 0 816 ) (1024 0 304 ) (1104 0 304 ) (1104 0 816 ) 
4 512 (1104 32 304 ) (1104 0 304 ) (1024 0 304 ) (1024 32 304 ) 
4 512 (1104 160 864 ) (1104 160 944 ) (1104 0 944 ) (1104 0 864 ) 
4 512 (1104 0 944 ) (1104 40 944 ) (1104 40 960 ) (1104 0 960 ) 
4 512 (1024 160 960 ) (1024 0 960 ) (1104 0 960 ) (1104 160 960 ) 
4 513 (1104 128 288 ) (1024 128 288 ) (1024 160 288 ) (1104 160 288 ) 
4 514 (1104 128 256 ) (1104 32 256 ) (1024 32 256 ) (1024 128 256 ) 
4 514 (1024 128 288 ) (1104 128 288 ) (1104 128 256 ) (1024 128 256 ) 
4 514 (1024 32 256 ) (1104 32 256 ) (1104 32 304 ) (1024 32 304 ) 
4 515 (1472 448 -224 ) (1632 448 -224 ) (1632 448 -64 ) (1472 448 -64 ) 
4 515 (1344 832 -224 ) (1344 480 -224 ) (1344 480 -64 ) (1344 832 -64 ) 
4 515 (1632 832 -64 ) (1632 448 -64 ) (1632 448 -224 ) (1632 832 -224 ) 
4 515 (1632 832 -224 ) (1632 448 -224 ) (1344 448 -224 ) (1344 832 -224 ) 
4 515 (1344 832 -64 ) (1344 448 -64 ) (1632 448 -64 ) (1632 832 -64 ) 
4 515 (1632 832 -64 ) (1632 832 -224 ) (1344 832 -224 ) (1344 832 -64 ) 
4 516 (1280 480 -112 ) (1280 480 -224 ) (1280 448 -224 ) (1280 448 -112 ) 
4 516 (1280 448 -64 ) (1280 480 -64 ) (1280 480 -112 ) (1280 448 -112 ) 
4 516 (1344 448 -64 ) (1344 480 -64 ) (1280 480 -64 ) (1280 448 -64 ) 
4 516 (1280 448 -224 ) (1280 480 -224 ) (1344 480 -224 ) (1344 448 -224 ) 
4 516 (1280 480 -64 ) (1344 480 -64 ) (1344 480 -224 ) (1280 480 -224 ) 
4 517 (1408 312 -224 ) (1408 288 -224 ) (1408 288 -128 ) (1408 312 -128 ) 
4 517 (1472 288 -64 ) (1472 288 -224 ) (1472 448 -224 ) (1472 448 -64 ) 
4 517 (1408 288 -224 ) (1472 288 -224 ) (1472 288 -64 ) (1408 288 -64 ) 
4 517 (1408 288 -64 ) (1472 288 -64 ) (1472 448 -64 ) (1408 448 -64 ) 
4 517 (1408 448 -224 ) (1472 448 -224 ) (1472 288 -224 ) (1408 288 -224 ) 
4 518 (1280 352 -128 ) (1280 288 -128 ) (1280 288 -112 ) (1280 352 -112 ) 
4 518 (1280 448 -112 ) (1280 448 -128 ) (1280 416 -128 ) (1280 416 -112 ) 
4 518 (1280 288 -64 ) (1280 448 -64 ) (1280 448 -112 ) (1280 288 -112 ) 
4 518 (1408 312 -128 ) (1408 288 -128 ) (1280 288 -128 ) (1280 312 -128 ) 
4 518 (1408 288 -64 ) (1408 448 -64 ) (1280 448 -64 ) (1280 288 -64 ) 
4 518 (1408 288 -128 ) (1408 288 -64 ) (1280 288 -64 ) (1280 288 -128 ) 
4 519 (1280 352 -224 ) (1280 312 -224 ) (1280 312 -128 ) (1280 352 -128 ) 
4 519 (1280 448 -128 ) (1280 448 -224 ) (1280 416 -224 ) (1280 416 -128 ) 
4 519 (1280 312 -224 ) (1280 448 -224 ) (1408 448 -224 ) (1408 312 -224 ) 
4 519 (1280 312 -224 ) (1408 312 -224 ) (1408 312 -128 ) (1280 312 -128 ) 
4 520 (1872 32 -32 ) (1744 32 -32 ) (1744 192 -32 ) (1872 192 -32 ) 
4 520 (1744 192 -16 ) (1744 192 -32 ) (1744 32 -32 ) (1744 32 -16 ) 
4 520 (1744 192 0 ) (2048 192 0 ) (2048 192 -32 ) (1744 192 -32 ) 
4 520 (1744 32 -32 ) (2048 32 -32 ) (2048 32 0 ) (1744 32 0 ) 
4 521 (1712 192 0 ) (1712 192 -16 ) (1712 32 -16 ) (1712 32 0 ) 
4 521 (1712 192 -16 ) (1712 192 0 ) (1744 192 0 ) (1744 192 -16 ) 
4 521 (1744 32 -16 ) (1744 32 0 ) (1712 32 0 ) (1712 32 -16 ) 
4 521 (1712 32 -16 ) (1712 192 -16 ) (1744 192 -16 ) (1744 32 -16 ) 
4 522 (2000 192 -112 ) (2000 32 -112 ) (2000 32 -96 ) (2000 192 -96 ) 
4 522 (2000 192 -64 ) (2048 192 -64 ) (2048 192 -112 ) (2000 192 -112 ) 
4 522 (2000 192 -32 ) (2048 192 -32 ) (2048 192 -64 ) (2000 192 -64 ) 
4 522 (2000 32 -112 ) (2048 32 -112 ) (2048 32 -32 ) (2000 32 -32 ) 
4 522 (2048 32 -112 ) (2000 32 -112 ) (2000 192 -112 ) (2048 192 -112 ) 
4 523 (1872 32 -48 ) (1872 192 -48 ) (1904 192 -48 ) (1904 32 -48 ) 
4 523 (2000 32 -48 ) (2000 32 -32 ) (1872 32 -32 ) (1872 32 -48 ) 
4 523 (1872 192 -48 ) (1872 192 -32 ) (2000 192 -32 ) (2000 192 -48 ) 
4 523 (1872 32 -48 ) (1872 32 -32 ) (1872 192 -32 ) (1872 192 -48 ) 
4 524 (1968 192 -96 ) (1968 32 -96 ) (1968 32 -80 ) (1968 192 -80 ) 
4 524 (1968 192 -96 ) (1968 192 -64 ) (2000 192 -64 ) (2000 192 -96 ) 
4 524 (1968 192 -48 ) (2000 192 -48 ) (2000 192 -64 ) (1968 192 -64 ) 
4 524 (2000 32 -96 ) (2000 32 -48 ) (1968 32 -48 ) (1968 32 -96 ) 
4 524 (1968 192 -96 ) (2000 192 -96 ) (2000 32 -96 ) (1968 32 -96 ) 
4 525 (1904 32 -64 ) (1904 192 -64 ) (1936 192 -64 ) (1936 32 -64 ) 
4 525 (1968 32 -48 ) (1904 32 -48 ) (1904 32 -64 ) (1968 32 -64 ) 
4 525 (1904 192 -48 ) (1968 192 -48 ) (1968 192 -64 ) (1904 192 -64 ) 
4 525 (1904 32 -64 ) (1904 32 -48 ) (1904 192 -48 ) (1904 192 -64 ) 
4 526 (1936 192 -80 ) (1968 192 -80 ) (1968 32 -80 ) (1936 32 -80 ) 
4 526 (1936 32 -80 ) (1968 32 -80 ) (1968 32 -64 ) (1936 32 -64 ) 
4 526 (1968 192 -80 ) (1936 192 -80 ) (1936 192 -64 ) (1968 192 -64 ) 
4 526 (1936 192 -80 ) (1936 32 -80 ) (1936 32 -64 ) (1936 192 -64 ) 
4 527 (1280 352 -224 ) (1280 352 -112 ) (1248 352 -112 ) (1248 352 -224 ) 
4 527 (1248 416 -224 ) (1248 416 -112 ) (1280 416 -112 ) (1280 416 -224 ) 
4 527 (1280 352 -112 ) (1280 416 -112 ) (1248 416 -112 ) (1248 352 -112 ) 
4 527 (1280 352 -224 ) (1248 352 -224 ) (1248 416 -224 ) (1280 416 -224 ) 
4 528 (1216 928 -256 ) (1248 928 -256 ) (1248 928 0 ) (1216 928 0 ) 
4 528 (1248 1024 -112 ) (1248 928 -112 ) (1248 928 -256 ) (1248 1024 -256 ) 
4 528 (1248 928 -112 ) (1248 1024 -112 ) (1248 1024 0 ) (1248 928 0 ) 
4 528 (1024 928 -256 ) (1024 1024 -256 ) (1248 1024 -256 ) (1248 928 -256 ) 
4 529 (1024 736 0 ) (1024 928 0 ) (1024 928 -256 ) (1024 736 -256 ) 
4 529 (1024 736 -256 ) (1024 928 -256 ) (1216 928 -256 ) (1216 736 -256 ) 
4 529 (1216 736 0 ) (1216 736 -256 ) (1216 928 -256 ) (1216 928 0 ) 
3 530 (1120 703.994690 -256 ) (1056 576.023865 -256 ) (1056 703.993713 -252 ) 
5 530 (1184 576 -256 ) (1248 576 -256 ) (1248 576 0 ) (1216 576 0 ) (1184 576 -192 ) 
4 530 (1248 736 -112 ) (1248 576 -112 ) (1248 576 -256 ) (1248 736 -256 ) 
4 530 (1248 576 -112 ) (1248 736 -112 ) (1248 736 0 ) (1248 576 0 ) 
4 530 (1136 736 -256 ) (1248 736 -256 ) (1248 576 -256 ) (1056 576 -256 ) 
4 530 (1216 736 0 ) (1248 736 0 ) (1248 736 -256 ) (1216 736 -256 ) 
4 531 (1215.998779 512 0 ) (1184 512 -191.993515 ) (1184 576 -191.993515 ) (1215.998901 576 0 ) 
4 532 (1184 512 -240 ) (1184 512 -224 ) (1056 512 -224 ) (1056 512 -240 ) 
4 532 (1056 512 -240 ) (1056 512 -192 ) (1056 544 -192 ) (1056 544 -240 ) 
4 532 (1056 512 -240 ) (1056 544 -240 ) (1184 544 -240 ) (1184 512 -240 ) 
4 532 (1184 512 -192 ) (1184 512 -240 ) (1184 576 -240 ) (1184 576 -192 ) 
4 533 (1184 544 -240 ) (1184 544 -256 ) (1184 576 -256 ) (1184 576 -240 ) 
3 533 (1056 544 -252.001160 ) (1056 575.990540 -256 ) (1119.981567 544 -256 ) 
4 533 (1120 544 -256 ) (1056 576 -256 ) (1184 576 -256 ) (1184 544 -256 ) 
5 533 (1184 544 -256 ) (1184 544 -240 ) (1056 544 -240 ) (1056 544 -252 ) (1120 544 -256 ) 
5 534 (1055.989258 576.002380 -256 ) (1024 576.002380 -254 ) (1024 703.994080 -250 ) (1056 703.993713 -252 ) (1056 576.023865 -256 ) 
4 534 (1024 544 -250 ) (1056 544 -252 ) (1056 544 -192 ) (1024 544 -192 ) 
5 534 (1024 544 -250.001144 ) (1024 575.992432 -254 ) (1055.996216 575.992432 -256 ) (1056 575.990540 -256 ) (1056 544 -252.001160 ) 
4 535 (1024 544 -192 ) (1056 544 -192 ) (1056 512 -192 ) (1024 512 -192 ) 
3 536 (1024 712 -250 ) (1024 736 -256 ) (1119.996582 736 -256 ) 
3 537 (1120 736 -256 ) (1136 736 -256 ) (1120 704 -256 ) 
5 537 (1120.007202 703.998779 -256 ) (1024 703.998779 -250 ) (1024 712.003967 -250 ) (1119.984253 736 -255.998520 ) (1120.007935 736 -256 ) 
4 538 (1024 512 -192 ) (1024 512 -224 ) (1024 256 -224 ) (1024 256 -192 ) 
4 538 (1248 256 -224 ) (1248 256 0 ) (1120 256 0 ) (1120 256 -224 ) 
4 538 (1056 512 -192 ) (1056 512 -224 ) (1024 512 -224 ) (1024 512 -192 ) 
5 538 (1184 512 -224 ) (1184 512 -192 ) (1216 512 0 ) (1248 512 0 ) (1248 512 -224 ) 
4 538 (1248 256 -112 ) (1248 512 -112 ) (1248 512 0 ) (1248 256 0 ) 
4 538 (1248 512 -224 ) (1248 512 -112 ) (1248 416 -112 ) (1248 416 -224 ) 
4 538 (1248 352 -224 ) (1248 352 -112 ) (1248 256 -112 ) (1248 256 -224 ) 
4 538 (1248 256 -224 ) (1024 256 -224 ) (1024 512 -224 ) (1248 512 -224 ) 
4 539 (1024 256 -192 ) (1024 256 -224 ) (1024 160 -224 ) (1024 160 -192 ) 
4 539 (1120 160 0 ) (1024 160 0 ) (1024 160 -224 ) (1120 160 -224 ) 
4 539 (1120 160 -224 ) (1024 160 -224 ) (1024 256 -224 ) (1120 256 -224 ) 
4 539 (1120 160 0 ) (1120 160 -224 ) (1120 256 -224 ) (1120 256 0 ) 
3 540 (1104 -16 864 ) (1120 0 816 ) (1104 0 864 ) 
4 540 (1104 0 816 ) (1120 0 816 ) (1120 -16 816 ) (1104 -16 816 ) 
3 540 (1104 -16 864 ) (1104 -16 816 ) (1120 -16 816 ) 
4 541 (1104 -16 864 ) (1120 -16 816 ) (1392 -16 816 ) (1392 -16 864 ) 
4 541 (1120 0 816 ) (1376 0 816 ) (1392 -16 816 ) (1120 -16 816 ) 
3 541 (1392.002075 -16 864 ) (1392.002075 -16 816 ) (1376.002075 0 816 ) 
4 541 (1392 -16 864.009155 ) (1376 0 816.008545 ) (1120 0 816.003845 ) (1104 -16 864.003845 ) 
4 542 (1104 -16 960 ) (1104 0 960 ) (1024 0 960 ) (1024 -16 960 ) 
4 542 (1024 -16 816 ) (1024 0 816 ) (1104 0 816 ) (1104 -16 816 ) 
4 542 (1104 0 864 ) (1104 0 960 ) (1104 -16 960 ) (1104 -16 864 ) 
4 542 (1024 -16 816 ) (1104 -16 816 ) (1104 -16 960 ) (1024 -16 960 ) 
4 543 (192 3072 -80 ) (192 3072 -256 ) (192 3264 -256 ) (192 3264 -80 ) 
4 543 (192 3264 -80 ) (192 3264 -256 ) (0 3264 -256 ) (0 3264 -80 ) 
4 543 (192 3072 -256 ) (0 3072 -256 ) (0 3264 -256 ) (192 3264 -256 ) 
4 543 (0 3072 -80 ) (192 3072 -80 ) (192 3264 -80 ) (0 3264 -80 ) 
4 544 (272 2480 528 ) (552 2480 528 ) (552 2456 528 ) (272 2456 528 ) 
4 544 (552 2480 528 ) (552 2480 668 ) (552 2456 668 ) (552 2456 528 ) 
3 544 (552 2480 668 ) (552 2480 528 ) (272 2480 528 ) 
4 544 (552 2480 667.998474 ) (271.997101 2480 528 ) (271.997101 2456 528 ) (552 2456 667.998474 ) 
4 545 (864 2112 960 ) (832 2112 960 ) (832 2048 960 ) (864 2048 960 ) 
4 545 (864 2112 960 ) (864 2112 672 ) (832 2112 672 ) (832 2112 960 ) 
4 545 (864 2048 960 ) (864 2048 672 ) (864 2112 672 ) (864 2112 960 ) 
4 546 (1024 2112 672 ) (1024 2112 592 ) (832 2112 592 ) (832 2112 672 ) 
4 546 (1024 2112 672 ) (864 2112 672 ) (864 2048 672 ) (1024 2048 672 ) 
4 546 (1024 2056.533936 528 ) (832 2056.533936 528 ) (832 2112 592 ) (1024 2112 592 ) 
4 547 (552 2336 528 ) (552 2456 528 ) (576 2456 528 ) (576 2336 528 ) 
4 547 (576 2456 668 ) (576 2336 668 ) (576 2336 528 ) (576 2456 528 ) 
4 547 (576 2456 668 ) (576 2456 528 ) (552 2456 528 ) (552 2456 668 ) 
4 547 (552 2456 668 ) (552 2336 668 ) (576 2336 668 ) (576 2456 668 ) 
4 548 (576 2336 960 ) (576 2336 801.230713 ) (552 2336 828.923035 ) (552 2336 960 ) 
5 548 (688 2336 672 ) (576 2336 801.230713 ) (576 2336 960 ) (832 2336 960 ) (832 2336 672 ) 
4 548 (832 2336 672 ) (832 2336 960 ) (832 2112 960 ) (832 2112 672 ) 
4 548 (832 2336 960 ) (552 2336 960 ) (552 2048 960 ) (832 2048 960 ) 
4 548 (552 2048 828.922852 ) (552 2336 828.922852 ) (688 2336 672 ) (688 2048 672 ) 
4 549 (672 2048 672 ) (672 2336 672 ) (672 2336 592 ) (672 2048 592 ) 
4 549 (672 2112 592 ) (672 2336 592 ) (832 2336 592 ) (832 2112 592 ) 
4 549 (672 2048 672 ) (688 2048 672 ) (688 2336 672 ) (672 2336 672 ) 
4 549 (832 2336 592 ) (832 2336 672 ) (832 2112 672 ) (832 2112 592 ) 
4 549 (672 2336 592 ) (672 2336 672 ) (832 2336 672 ) (832 2336 592 ) 
4 550 (672 2056.533447 528 ) (672 2048 528 ) (672 2048 592 ) (672 2112 592 ) 
4 550 (672 2056.531250 528 ) (672 2111.997803 592 ) (832 2111.997803 592 ) (832 2056.533936 528 ) 
4 551 (552 2256 528 ) (552 2336 528 ) (576 2336 528 ) (576 2256 528 ) 
4 551 (576 2256 528 ) (576 2256 668 ) (552 2256 668 ) (552 2256 528 ) 
4 551 (576 2256 668 ) (576 2336 668 ) (552 2336 668 ) (552 2256 668 ) 
4 551 (576 2256 668 ) (576 2256 528 ) (576 2336 528 ) (576 2336 668 ) 
4 552 (576 2048 528 ) (552 2048 528 ) (552 2224 528 ) (576 2224 528 ) 
4 552 (576 2224 668 ) (576 2048 668 ) (576 2048 528 ) (576 2224 528 ) 
4 552 (576 2048 668 ) (576 2224 668 ) (552 2224 668 ) (552 2048 668 ) 
4 552 (552 2224 528 ) (552 2224 668 ) (576 2224 668 ) (576 2224 528 ) 
4 553 (480 2336 960 ) (480 2336 912 ) (480 2048 912 ) (480 2048 960 ) 
4 553 (552 2336 960 ) (480 2336 960 ) (480 2048 960 ) (552 2048 960 ) 
4 553 (480 2336 912 ) (480 2336 960 ) (552 2336 960 ) (552 2336 828.923035 ) 
4 553 (480 2048 912.003540 ) (480 2336 912.003540 ) (552 2336 828.924988 ) (552 2048 828.924988 ) 
4 554 (552 2256 668 ) (552 2256 692 ) (394 2256 613 ) (442 2256 613 ) 
3 554 (394 2358 613 ) (394 2362 613 ) (396 2360 613 ) 
4 554 (552 2256 668 ) (552 2336 668 ) (552 2336 672 ) (552 2256 672 ) 
4 554 (552 2256 672 ) (552 2336 672 ) (552 2336 692 ) (552 2256 692 ) 
4 554 (552 2456 668 ) (552 2456 692 ) (552 2336 692 ) (552 2336 668 ) 
4 554 (394 2456 613 ) (552 2456 692 ) (552 2456 668 ) (442 2456 613 ) 
4 554 (394.002014 2336 613 ) (552 2336 691.998840 ) (552 2456 691.998840 ) (394.002014 2456 613 ) 
4 554 (394.002045 2256 613 ) (480 2256 655.998901 ) (480 2336 655.998901 ) (394.002045 2336 613 ) 
4 554 (480 2256 655.998901 ) (552 2256 691.998840 ) (552 2336 691.998840 ) (480 2336 655.998901 ) 
4 555 (442 2256 613 ) (394 2256 613 ) (386 2256 609 ) (434 2256 609 ) 
4 555 (391.997345 2355.997314 609 ) (387.997345 2359.997314 609 ) (387.997986 2359.998047 610 ) (392 2356 612.001038 ) 
4 555 (386.002014 2256 609 ) (394.002045 2256 613 ) (394.002045 2336 613 ) (386.002014 2336 609 ) 
4 555 (386.001984 2361.998047 609 ) (386.001984 2336 609 ) (394.002014 2336 613 ) (394.002014 2353.998047 613 ) 
5 556 (392 2364 609 ) (396 2360 609 ) (396.002686 2360.002686 613 ) (394 2362.005371 613 ) (392.001984 2364.001953 612 ) 
4 556 (386 2456 609 ) (394 2456 613 ) (442 2456 613 ) (434 2456 609 ) 
4 556 (386.001984 2369.998047 609 ) (394.002014 2361.998047 613 ) (394.002014 2456 613 ) (386.001984 2456 609 ) 
5 557 (396.004700 2360.004883 613 ) (396.004700 2360.004883 609 ) (392 2356 609 ) (392 2356 612 ) (394 2358 613 ) 
3 557 (392 2356 612 ) (394.002014 2353.998047 613 ) (394.002014 2358.001953 613 ) 
4 558 (392 2364 612 ) (386.001984 2369.998047 609 ) (386.001984 2361.998047 609 ) (388 2360 610 ) 
4 558 (388 2360 610 ) (388 2360 609 ) (392.004700 2364.004639 609 ) (392.004700 2364.004639 612.002319 ) 
4 559 (240 2256 528 ) (240 2456 528 ) (248 2456 528 ) (248 2256 528 ) 
5 559 (434 2256 609 ) (386 2256 609 ) (240 2256 536 ) (240 2256 528 ) (272 2256 528 ) 
4 559 (396 2360 609 ) (392 2364 609 ) (388 2360 609 ) (392 2356 609 ) 
4 559 (386.002014 2256 609 ) (386.002014 2336 609 ) (240 2336 536 ) (240 2256 536 ) 
4 559 (386.001984 2336 609 ) (386.001984 2456 609 ) (240 2456 536 ) (240 2336 536 ) 
5 559 (386 2456 609 ) (434 2456 609 ) (272 2456 528 ) (240 2456 528 ) (240 2456 536 ) 
4 560 (552 2256 668 ) (552 2224 668 ) (552 2224 528 ) (552 2256 528 ) 
4 560 (552 2256 668 ) (271.998260 2256 528 ) (272.010742 2224 528 ) (552 2224 667.997375 ) 
4 561 (248 2048 528 ) (240 2048 528 ) (240 2224 528 ) (248 2224 528 ) 
5 561 (272 2224 528 ) (240 2224 528 ) (240 2224 536 ) (552 2224 692 ) (552 2224 668 ) 
4 561 (480 2224 655.998901 ) (480 2048 655.998901 ) (552 2048 691.998840 ) (552 2224 691.998840 ) 
4 561 (480 2048 655.998901 ) (480 2224 655.998901 ) (240 2224 536 ) (240 2048 536 ) 
4 561 (552 2224 672 ) (552 2224 692 ) (552 2048 692 ) (552 2048 672 ) 
4 561 (552 2224 668 ) (552 2224 672 ) (552 2048 672 ) (552 2048 668 ) 
3 562 (672 2048 528 ) (672 2056.533447 528 ) (672 2048 518.153748 ) 
4 562 (1024 2056.530762 528 ) (1024 2048 518.156799 ) (672 2048 518.156799 ) (672 2056.530762 528 ) 
4 563 (248 2048 528 ) (248 2456 528 ) (248 2456 496 ) (248 2048 496 ) 
4 563 (248 2456 528 ) (552 2456 528 ) (552 2456 496 ) (248 2456 496 ) 
4 563 (248 2224 528 ) (272 2224 528 ) (272 2256 528 ) (248 2256 528 ) 
4 563 (552 2048 496 ) (552 2456 496 ) (552 2456 528 ) (552 2048 528 ) 
4 564 (240 2048 272 ) (240 2048 448 ) (240 2128 448 ) (240 2128 272 ) 
4 564 (240 2048 448 ) (240 2048 464 ) (240 2128 464 ) (240 2128 448 ) 
4 564 (240 2048 464 ) (240 2048 496 ) (240 2128 496 ) (240 2128 464 ) 
4 564 (240 2144 400 ) (240 2144 272 ) (240 2128 272 ) (240 2128 400 ) 
4 564 (240 2128 496 ) (240 2144 496 ) (240 2144 464 ) (240 2128 464 ) 
4 564 (240 2144 464 ) (240 2144 400 ) (240 2128 400 ) (240 2128 464 ) 
4 564 (240 2148 399 ) (240 2148 273 ) (240 2144 273 ) (240 2144 399 ) 
4 564 (240 2144 496 ) (240 2148 496 ) (240 2148 399 ) (240 2144 399 ) 
4 564 (240 2148 273 ) (240 2148 272 ) (240 2144 272 ) (240 2144 273 ) 
4 564 (240 2150 348 ) (240 2150 286 ) (240 2148 286 ) (240 2148 348 ) 
4 564 (240 2150 286 ) (240 2150 272 ) (240 2148 272 ) (240 2148 286 ) 
4 564 (240 2150 364 ) (240 2150 348 ) (240 2148 348 ) (240 2148 364 ) 
4 564 (240 2150 390 ) (240 2150 364 ) (240 2148 364 ) (240 2148 390 ) 
4 564 (240 2148 496 ) (240 2150 496 ) (240 2150 390 ) (240 2148 390 ) 
4 564 (240 2208 272 ) (240 2150 272 ) (240 2150 384 ) (240 2208 384 ) 
4 564 (240 2464 384 ) (240 2464 272 ) (240 2272 272 ) (240 2272 384 ) 
4 564 (240 2150 496 ) (240 2464 496 ) (240 2464 384 ) (240 2150 384 ) 
4 564 (240 2464 272 ) (240 2464 496 ) (560 2464 496 ) (560 2464 272 ) 
4 564 (552 2464 496 ) (552 2456 496 ) (560 2456 496 ) (560 2464 496 ) 
4 564 (552 2456 496 ) (552 2464 496 ) (240 2464 496 ) (240 2456 496 ) 
4 564 (248 2456 496 ) (240 2456 496 ) (240 2048 496 ) (248 2048 496 ) 
4 564 (560 2456 496 ) (552 2456 496 ) (552 2048 496 ) (560 2048 496 ) 
4 564 (560 2464 272 ) (560 2464 496 ) (560 2048 496 ) (560 2048 272 ) 
4 564 (240 2048 272 ) (240 2464 272 ) (560 2464 272 ) (560 2048 272 ) 
3 565 (240 2256 536.001953 ) (224 2256 528 ) (240 2256 528 ) 
4 565 (240 2256 535.995972 ) (240 2456 535.997498 ) (224.005051 2456 528 ) (224.005035 2256 528 ) 
4 565 (224 2256 528 ) (224 2456 528 ) (240 2456 528 ) (240 2256 528 ) 
3 565 (240 2456 536 ) (240 2456 528 ) (224 2456 528 ) 
4 566 (240 2150 528 ) (224 2150 528 ) (224 2224 528 ) (240 2224 528 ) 
4 566 (240 2224 535.995728 ) (224.005035 2224 528 ) (224.005035 2150 528 ) (240 2150 535.995178 ) 
3 566 (240 2224 528 ) (224 2224 528 ) (240 2224 536.001953 ) 
4 567 (240 2272 384 ) (240 2272 272 ) (226 2272 272 ) (226 2272 384 ) 
4 567 (226 2208 272 ) (226 2272 272 ) (240 2272 272 ) (240 2208 272 ) 
4 567 (240 2208 384 ) (240 2272 384 ) (226 2272 384 ) (226 2208 384 ) 
4 567 (226 2272 272 ) (226 2208 272 ) (226 2208 384 ) (226 2272 384 ) 
4 567 (226 2208 384 ) (226 2208 272 ) (240 2208 272 ) (240 2208 384 ) 
4 568 (240 2148 528 ) (224 2148 528 ) (224 2150 528 ) (240 2150 528 ) 
4 568 (240 2150 536 ) (224.001617 2150 528 ) (224.001617 2148 528 ) (240 2148 535.998657 ) 
4 569 (100 2148 380 ) (100 2148 390 ) (100 2150 390 ) (100 2150 380 ) 
4 569 (100 2150 380 ) (100 2150 384 ) (156 2150 384 ) (156 2150 380 ) 
4 569 (100 2150 390 ) (156 2150 390 ) (156 2150 384 ) (100 2150 384 ) 
4 569 (156 2150 390 ) (100 2150 390 ) (100 2148 390 ) (156 2148 390 ) 
4 569 (156 2150 380 ) (156 2150 390 ) (156 2148 390 ) (156 2148 380 ) 
4 569 (100 2148 380 ) (100 2150 380 ) (156 2150 380 ) (156 2148 380 ) 
4 570 (140 2148 364 ) (116 2148 364 ) (116 2150 364 ) (140 2150 364 ) 
4 570 (142 2148 364 ) (140 2148 364 ) (140 2150 364 ) (142 2150 364 ) 
4 570 (116 2148 364 ) (114 2148 364 ) (114 2150 364 ) (116 2150 364 ) 
4 570 (156 2148 376 ) (156 2150 376 ) (100 2150 376 ) (100 2148 376 ) 
4 570 (156 2150 376 ) (156 2148 376 ) (156 2148 364 ) (156 2150 364 ) 
4 570 (100 2150 376 ) (156 2150 376 ) (156 2150 364 ) (100 2150 364 ) 
4 570 (100 2150 364 ) (100 2148 364 ) (100 2148 376 ) (100 2150 376 ) 
4 571 (142 2148 350 ) (142 2148 364 ) (142 2150 364 ) (142 2150 350 ) 
4 571 (142 2150 348 ) (142 2148 348 ) (142 2148 350 ) (142 2150 350 ) 
4 571 (142 2150 364 ) (156 2150 364 ) (156 2150 348 ) (142 2150 348 ) 
4 571 (156 2150 364 ) (156 2148 364 ) (156 2148 348 ) (156 2150 348 ) 
4 572 (140 2150 362 ) (140 2148 362 ) (140 2148 350 ) (140 2150 350 ) 
4 572 (116 2148 350 ) (116 2148 362 ) (116 2150 362 ) (116 2150 350 ) 
4 572 (140 2150 362 ) (140 2150 350 ) (116 2150 350 ) (116 2150 362 ) 
4 572 (116 2148 350 ) (116 2150 350 ) (140 2150 350 ) (140 2148 350 ) 
4 572 (140 2148 362 ) (140 2150 362 ) (116 2150 362 ) (116 2148 362 ) 
4 573 (100 2150 364 ) (114 2150 364 ) (114 2150 348 ) (100 2150 348 ) 
4 573 (114 2150 364 ) (114 2148 364 ) (114 2148 348 ) (114 2150 348 ) 
4 573 (100 2150 348 ) (100 2148 348 ) (100 2148 364 ) (100 2150 364 ) 
4 574 (100 2148 312 ) (100 2148 348 ) (100 2150 348 ) (100 2150 312 ) 
4 574 (100 2150 312 ) (100 2150 348 ) (156 2150 348 ) (156 2150 312 ) 
4 574 (116 2150 348 ) (114 2150 348 ) (114 2148 348 ) (116 2148 348 ) 
4 574 (142 2150 348 ) (116 2150 348 ) (116 2148 348 ) (142 2148 348 ) 
4 574 (156 2150 312 ) (156 2150 348 ) (156 2148 348 ) (156 2148 312 ) 
4 574 (100 2148 312 ) (100 2150 312 ) (156 2150 312 ) (156 2148 312 ) 
4 575 (156 2148 308 ) (156 2150 308 ) (100 2150 308 ) (100 2148 308 ) 
4 575 (156 2150 308 ) (156 2148 308 ) (156 2148 286 ) (156 2150 286 ) 
4 575 (156 2148 286 ) (100 2148 286 ) (100 2150 286 ) (156 2150 286 ) 
4 575 (100 2150 308 ) (156 2150 308 ) (156 2150 286 ) (100 2150 286 ) 
4 575 (100 2150 286 ) (100 2148 286 ) (100 2148 308 ) (100 2150 308 ) 
4 576 (240 2144 528 ) (224 2144 528 ) (224 2148 528 ) (240 2148 528 ) 
4 576 (240 2148 536 ) (224.001617 2148 528 ) (224.001617 2144 528 ) (240 2144 535.998657 ) 
4 577 (159 2148 399 ) (97 2148 399 ) (97 2144 399 ) (159 2144 399 ) 
4 577 (97 2148 399 ) (159 2148 399 ) (159 2148 390 ) (97 2148 390 ) 
4 577 (97 2148 390 ) (100 2148 390 ) (100 2148 364 ) (97 2148 364 ) 
4 577 (156 2148 390 ) (159 2148 390 ) (159 2148 364 ) (156 2148 364 ) 
4 577 (100 2148 376 ) (100 2148 380 ) (156 2148 380 ) (156 2148 376 ) 
4 577 (156 2148 364 ) (159 2148 364 ) (159 2148 348 ) (156 2148 348 ) 
4 577 (114 2148 364 ) (116 2148 364 ) (116 2148 348 ) (114 2148 348 ) 
4 577 (116 2148 350 ) (142 2148 350 ) (142 2148 348 ) (116 2148 348 ) 
4 577 (140 2148 350 ) (140 2148 364 ) (142 2148 364 ) (142 2148 350 ) 
4 577 (140 2148 362 ) (116 2148 362 ) (116 2148 364 ) (140 2148 364 ) 
4 577 (97 2148 364 ) (100 2148 364 ) (100 2148 348 ) (97 2148 348 ) 
4 577 (159 2148 273 ) (97 2148 273 ) (97 2148 286 ) (159 2148 286 ) 
4 577 (97 2148 348 ) (100 2148 348 ) (100 2148 286 ) (97 2148 286 ) 
4 577 (156 2148 348 ) (159 2148 348 ) (159 2148 286 ) (156 2148 286 ) 
4 577 (100 2148 308 ) (100 2148 312 ) (156 2148 312 ) (156 2148 308 ) 
4 577 (97 2148 399 ) (97 2148 273 ) (97 2144 273 ) (97 2144 399 ) 
4 577 (159 2144 273 ) (97 2144 273 ) (97 2148 273 ) (159 2148 273 ) 
4 577 (159 2148 399 ) (159 2144 399 ) (159 2144 273 ) (159 2148 273 ) 
4 578 (240 2128 528 ) (224 2128 528 ) (224 2144 528 ) (240 2144 528 ) 
4 578 (240 2144 536 ) (224.001617 2144 528 ) (224.001617 2128 528 ) (240 2128 535.998657 ) 
4 579 (127.998894 2128 520.001099 ) (127.998894 2144 520.001099 ) (71.998543 2144 464 ) (71.998543 2128 464 ) 
4 579 (184 2128 464 ) (72 2128 464 ) (72 2144 464 ) (184 2144 464 ) 
3 579 (97 2144 489 ) (97 2144 464 ) (72 2144 464 ) 
4 579 (184 2144 464 ) (97 2144 464 ) (97 2144 489 ) (128 2144 520 ) 
4 579 (127.998840 2144 520.001160 ) (127.998840 2128 520.001160 ) (184 2128 464 ) (184 2144 464 ) 
4 580 (96 2144 272 ) (96 2128 272 ) (96 2128 400 ) (96 2144 400 ) 
4 580 (160 2144 273 ) (159 2144 273 ) (159 2144 399 ) (160 2144 399 ) 
4 580 (160 2144 399 ) (97 2144 399 ) (97 2144 400 ) (160 2144 400 ) 
4 580 (160 2144 272 ) (97 2144 272 ) (97 2144 273 ) (160 2144 273 ) 
4 580 (96 2144 400 ) (97 2144 400 ) (97 2144 272 ) (96 2144 272 ) 
4 580 (160 2144 400 ) (96 2144 400 ) (96 2128 400 ) (160 2128 400 ) 
4 580 (160 2128 272 ) (96 2128 272 ) (96 2144 272 ) (160 2144 272 ) 
4 580 (160 2144 400 ) (160 2128 400 ) (160 2128 272 ) (160 2144 272 ) 
4 581 (224 2128 528 ) (240 2128 528 ) (240 2048 528 ) (224 2048 528 ) 
4 581 (240 2048 536 ) (240 2128 536 ) (224.001617 2128 528 ) (224.001617 2048 528 ) 
4 582 (184 2128 464 ) (192 2128 464 ) (192 2048 464 ) (184 2048 464 ) 
4 582 (64 2128 464 ) (72 2128 464 ) (72 2048 464 ) (64 2048 464 ) 
4 582 (191.998825 2048 464 ) (191.998825 2128 464 ) (128 2128 528 ) (128 2048 528 ) 
4 582 (128 2128 528 ) (132 2128 524 ) (72 2128 464 ) (64 2128 464 ) 
4 582 (128 2128 520 ) (132 2128 524 ) (192 2128 464 ) (184 2128 464 ) 
4 582 (127.998100 2048 527.998108 ) (127.998100 2128 527.998108 ) (64.001076 2128 464 ) (64.001076 2048 464 ) 
4 583 (72 2128 448 ) (72 2048 448 ) (72 2048 464 ) (72 2128 464 ) 
4 583 (72 2128 464 ) (184 2128 464 ) (184 2128 448 ) (72 2128 448 ) 
4 583 (184 2128 464 ) (184 2048 464 ) (184 2048 448 ) (184 2128 448 ) 
4 584 (64 2128 272 ) (192 2128 272 ) (192 2048 272 ) (64 2048 272 ) 
4 584 (160 2128 400 ) (192 2128 400 ) (192 2128 272 ) (160 2128 272 ) 
4 584 (64 2128 400 ) (96 2128 400 ) (96 2128 272 ) (64 2128 272 ) 
4 584 (64 2128 448 ) (192 2128 448 ) (192 2128 400 ) (64 2128 400 ) 
4 584 (64 2048 448 ) (72 2048 448 ) (72 2128 448 ) (64 2128 448 ) 
4 584 (184 2048 448 ) (192 2048 448 ) (192 2128 448 ) (184 2128 448 ) 
4 584 (192 2048 272 ) (192 2128 272 ) (192 2128 448 ) (192 2048 448 ) 
4 584 (64 2128 272 ) (64 2048 272 ) (64 2048 448 ) (64 2128 448 ) 
4 585 (0 2752 -256 ) (192 2752 -256 ) (192 2752 -80 ) (0 2752 -80 ) 
4 585 (192 2752 -80 ) (192 2752 -256 ) (192 3072 -256 ) (192 3072 -80 ) 
4 585 (0 3072 -256 ) (192 3072 -256 ) (192 2752 -256 ) (0 2752 -256 ) 
4 585 (192 3072 -80 ) (0 3072 -80 ) (0 2752 -80 ) (192 2752 -80 ) 
3 586 (672 1556 690.470398 ) (688.007690 1539.992310 672 ) (672 1539.992310 672 ) 
4 587 (672 1728 690.460205 ) (672 2048 690.460205 ) (688 2048 672 ) (688 1728 672 ) 
4 587 (864 1728 960 ) (864 2048 960 ) (672 2048 960 ) (672 1728 960 ) 
4 587 (864 2048 960 ) (864 1728 960 ) (864 1728 672 ) (864 2048 672 ) 
4 588 (864 1728 960 ) (1024 1728 960 ) (1024 1728 672 ) (864 1728 672 ) 
4 588 (1024 1728 960 ) (672 1728 960 ) (672 1024 960 ) (1024 1024 960 ) 
4 588 (672 1555.998779 690.460205 ) (672 1728 690.460205 ) (688 1728 672 ) (688 1540 672 ) 
4 589 (672 1556 672 ) (672 1664 672 ) (672 1664 512 ) (672 1556 512 ) 
4 589 (672 1680 512 ) (672 1664 512 ) (672 1664 528 ) (672 1680 528 ) 
4 589 (672 2016 512 ) (672 1680 512 ) (672 1680 528 ) (672 2016 528 ) 
5 589 (672 2048 528 ) (672 2048 518.153748 ) (672 2042.666748 512 ) (672 2016 512 ) (672 2016 528 ) 
4 589 (672 1664 672 ) (672 2024 672 ) (672 2024 528 ) (672 1664 528 ) 
4 589 (672 2024 672 ) (672 2048 672 ) (672 2048 528 ) (672 2024 528 ) 
6 589 (768 1024 512 ) (672 1024 512 ) (672 1376 512 ) (736 1344 512 ) (800 1216 512 ) (800 1088 512 ) 
4 589 (688 1540 672 ) (688 2048 672 ) (672 2048 672 ) (672 1540 672 ) 
4 589 (864 1728 672 ) (1024 1728 672 ) (1024 2048 672 ) (864 2048 672 ) 
4 589 (672 2048 518.155090 ) (1024 2048 518.155090 ) (1024 2042.665527 512 ) (672 2042.665527 512 ) 
4 590 (800 1087.998657 0 ) (768 1024 0 ) (768 1024 512 ) (800 1087.998535 512 ) 
4 591 (800 1216 512 ) (800 1216 0 ) (800 1088.001587 0 ) (800 1088.001587 512 ) 
5 592 (672 1408 0 ) (672 1376 0 ) (672 1376 32 ) (672 1406 32 ) (672 1408 24 ) 
4 592 (736.003845 1343.997314 0 ) (736.003845 1343.997314 512 ) (672 1376 512 ) (672 1376 0 ) 
4 593 (672 1556 512 ) (672 1664 512 ) (672 1664 352 ) (672 1556 352 ) 
4 593 (672 1840 352 ) (672 1664 352 ) (672 1664 448 ) (672 1840 448 ) 
5 593 (672 1968 425.846069 ) (672 1904 352 ) (672 1840 352 ) (672 1840 448 ) (672 1968 448 ) 
4 593 (672 1664 448 ) (672 1664 464 ) (672 1968 464 ) (672 1968 448 ) 
4 593 (672 1984 444.307587 ) (672 1968 425.846069 ) (672 1968 464 ) (672 1984 464 ) 
3 593 (672 2001.066772 464 ) (672 1984 444.307587 ) (672 1984 464 ) 
4 593 (672 1664 512 ) (672 1680 512 ) (672 1680 464 ) (672 1664 464 ) 
5 593 (672 1680 512 ) (672 2016 512 ) (672 2016 481.230652 ) (672 2001.066772 464 ) (672 1680 464 ) 
3 593 (672 2028.800049 496 ) (672 2016 481.230652 ) (672 2016 496 ) 
4 593 (672 2016 512 ) (672 2042.666748 512 ) (672 2028.800049 496 ) (672 2016 496 ) 
4 593 (800 1216 352 ) (800 1216 512 ) (736 1344 512 ) (736 1344 352 ) 
4 593 (672 2042.661499 512 ) (1024 2042.662109 512 ) (1024 1903.995972 352 ) (672 1903.995972 352 ) 
4 594 (672 1556 272 ) (672 1889.599976 272 ) (672 1744 160 ) (672 1556 160 ) 
4 594 (672 1556 352 ) (672 1664 352 ) (672 1664 272 ) (672 1556 272 ) 
4 594 (672 1664 352 ) (672 1840 352 ) (672 1840 272 ) (672 1664 272 ) 
5 594 (672 1840 352 ) (672 1920 352 ) (672 1920 295.384583 ) (672 1889.599976 272 ) (672 1840 272 ) 
4 594 (672 1920 295.384583 ) (672 1920 352 ) (1024 1920 352 ) (1024 1920 295.384583 ) 
4 594 (1024 1904 352 ) (1024 1920 352 ) (672 1920 352 ) (672 1904 352 ) 
4 594 (800 1216 160 ) (800 1216 352 ) (736 1344 352 ) (736 1344 160 ) 
4 594 (1024 1743.998901 160 ) (672 1743.998901 160 ) (672 1920 295.387299 ) (1024 1920 295.387299 ) 
5 595 (672 1556 0 ) (672 1530 0 ) (672 1530 24 ) (672 1532 32 ) (672 1556 32 ) 
4 595 (672 1636 0 ) (672 1556 0 ) (672 1556 32 ) (672 1636 32 ) 
4 595 (672 1760 0 ) (672 1700 0 ) (672 1700 32 ) (672 1760 32 ) 
4 595 (672 1556 32 ) (672 1556 160 ) (672 1760 160 ) (672 1760 32 ) 
4 595 (800 1216 160 ) (736 1344 160 ) (736 1344 0 ) (800 1216 0 ) 
4 595 (1024 1744 160 ) (1024 1760 160 ) (672 1760 160 ) (672 1744 160 ) 
4 595 (1024 1760 0 ) (672 1760 0 ) (672 1760 160 ) (1024 1760 160 ) 
4 596 (552 2048 528 ) (576 2048 528 ) (576 2024 528 ) (552 2024 528 ) 
4 596 (552 2024 528 ) (576 2024 528 ) (576 2024 668 ) (552 2024 668 ) 
4 596 (576 2048 668 ) (576 2024 668 ) (576 2024 528 ) (576 2048 528 ) 
4 596 (576 2024 668 ) (576 2048 668 ) (552 2048 668 ) (552 2024 668 ) 
4 597 (224 2048 528 ) (248 2048 528 ) (248 2024 528 ) (224 2024 528 ) 
5 597 (224 2024 528 ) (272 2024 528 ) (552 2024 668 ) (552 2024 672 ) (512 2024 672 ) 
3 597 (552 2024 672 ) (552 2024 692 ) (512 2024 672 ) 
4 597 (552 2048 668 ) (552 2048 692 ) (552 2024 692 ) (552 2024 668 ) 
4 597 (224.002304 2048 528 ) (224.002304 2024 528 ) (552 2024 691.998840 ) (552 2048 691.998840 ) 
3 598 (64 1726.938721 800 ) (111.543098 1672 736.609192 ) (64 1672 800 ) 
5 598 (0 1800.887817 885.333374 ) (0 1824 912.001038 ) (480 1824 912.001038 ) (320.002197 1664 727.387146 ) (118.459633 1664 727.387146 ) 
4 598 (438.399963 1789.600098 960 ) (438.399963 1824 960 ) (0 1824 960 ) (0 1789.600098 960 ) 
4 598 (0 1824 912 ) (0 1824 960 ) (438.400024 1824 960 ) (480 1824 912 ) 
5 598 (480.002838 1824 911.996704 ) (480 1748 912 ) (396 1664 815.076355 ) (319.998840 1664 727.380249 ) (480.001099 1824 911.994690 ) 
3 599 (480.001648 1747.997070 912.001831 ) (563.997375 1664 815.082153 ) (396.004547 1664 815.082153 ) 
4 599 (438.399963 1664 960 ) (438.399963 1789.600098 960 ) (0 1789.600098 960 ) (0 1664 960 ) 
4 600 (16.463436 1672 736.617859 ) (0 1672 736.617859 ) (0 1800.887817 885.333374 ) (64 1726.931641 800 ) 
3 600 (64 1672 800 ) (16.461571 1672 736.615356 ) (64 1726.938599 800 ) 
3 601 (63.996078 1672 799.994751 ) (111.523392 1672 736.625000 ) (16.468773 1672 736.625000 ) 
4 601 (0 1672 736.617859 ) (111.536613 1672 736.617859 ) (118.459633 1664 727.387146 ) (0 1664 727.387146 ) 
4 602 (496 2000 528 ) (272 2000 528 ) (272 2016 528 ) (496 2016 528 ) 
4 602 (512 2000 528 ) (496 2000 528 ) (496 2016 528 ) (512 2016 528 ) 
4 602 (552 2016 528 ) (552 2000 528 ) (512 2000 528 ) (512 2016 528 ) 
4 602 (272 2024 528 ) (552 2024 528 ) (552 2016 528 ) (272 2016 528 ) 
3 602 (272 2000 528 ) (552 2000 528 ) (552 2000 668 ) 
4 602 (552 2000 668 ) (552 2000 528 ) (552 2024 528 ) (552 2024 668 ) 
4 602 (272.010742 2000 528 ) (552 2000 667.997375 ) (552 2024 667.997375 ) (272.005219 2024 528 ) 
4 603 (480 1824 912.007690 ) (480 2024 912.007629 ) (672 2024 690.467041 ) (672 1824 690.467041 ) 
4 603 (552 2024 828.929932 ) (480 2024 912.007690 ) (480 2048 912.007690 ) (552 2048 828.929932 ) 
4 603 (576 2024 801.237366 ) (552 2024 828.929932 ) (552 2048 828.929932 ) (576 2048 801.237366 ) 
4 603 (576 2024 801.237366 ) (576 2048 801.237366 ) (672 2048 690.467041 ) (672 2024 690.467041 ) 
4 603 (480 1824 960 ) (672 1824 960 ) (672 2048 960 ) (480 2048 960 ) 
4 603 (480 2048 912 ) (480 1824 912 ) (480 1824 960 ) (480 2048 960 ) 
3 604 (480 1824 960 ) (480 1824 912.005188 ) (438.404266 1824 960 ) 
4 604 (438.399963 1824 960 ) (438.399963 1664 960 ) (672 1664 960 ) (672 1824 960 ) 
4 604 (480.006866 1824 912 ) (672 1824 690.467041 ) (672 1664 690.467041 ) (640.005127 1664 727.384521 ) 
5 604 (480.003326 1748.003418 912.003845 ) (480.003326 1824 912.003845 ) (480.006866 1824 912 ) (640.005127 1664 727.384521 ) (564.005798 1664 815.076904 ) 
4 605 (64 2048 464 ) (72 2048 464 ) (72 1984 464 ) (64 1984 464 ) 
4 605 (192 2016 464 ) (192 1984 464 ) (184 1984 464 ) (184 2016 464 ) 
4 605 (184 2048 464 ) (192 2048 464 ) (192 2016 464 ) (184 2016 464 ) 
4 605 (192 1984 464 ) (192 2016 464 ) (128 2016 528 ) (128 1984 528 ) 
4 605 (192 2016 464 ) (192 2048 464 ) (160 2048 496 ) (160 2016 496 ) 
4 605 (160 2048 496 ) (128 2048 528 ) (128 2016 528 ) (160 2016 496 ) 
4 605 (184 1984 464 ) (192 1984 464 ) (132 1984 524 ) (128 1984 520 ) 
5 605 (64 1984 464 ) (72 1984 464 ) (132 1984 524 ) (128.001740 1984 528 ) (128 1984 528 ) 
4 605 (127.998100 2048 527.998108 ) (64 2048 464 ) (64 1984 464 ) (127.998100 1984 527.998108 ) 
4 606 (128 1984 520 ) (72 1984 464 ) (72 1968 464 ) (128 1968 520 ) 
4 606 (184 1984 464 ) (127.998840 1984 520.001160 ) (127.998840 1968 520.001160 ) (184.001709 1968 464 ) 
4 607 (64 1968 464 ) (72 1968 464 ) (72 1840 464 ) (64 1840 464 ) 
4 607 (184 1968 464 ) (192 1968 464 ) (192 1960 464 ) (184 1960 464 ) 
4 607 (192 1848 464 ) (192 1840 464 ) (184 1840 464 ) (184 1848 464 ) 
3 607 (192 1840 464 ) (128 1904 528 ) (128 1840 528 ) 
3 607 (192 1968 464 ) (128 1968 528 ) (128 1904 528 ) 
4 607 (64 1840 464 ) (72 1840 464 ) (128 1840 520 ) (124 1840 524 ) 
5 607 (184 1840 464 ) (192 1840 464 ) (128.001740 1840 528 ) (128 1840 528 ) (124 1840 524 ) 
4 607 (128 1968 520 ) (132 1968 524 ) (192 1968 464 ) (184 1968 464 ) 
5 607 (128 1968 528 ) (128.001740 1968 528 ) (132 1968 524 ) (72 1968 464 ) (64 1968 464 ) 
4 607 (127.998100 1968 527.998108 ) (64.002121 1968 464 ) (64 1840 464 ) (127.998100 1840 527.998108 ) 
4 608 (184 1840 464 ) (128 1840 520 ) (128 1824 520 ) (184.001251 1824 464 ) 
4 608 (72 1824 464 ) (127.998528 1824 519.998535 ) (127.998528 1840 519.998535 ) (71.998718 1840 464 ) 
4 609 (64 1824 464 ) (72 1824 464 ) (72 1680 464 ) (64 1680 464 ) 
4 609 (184 1824 464 ) (192 1824 464 ) (192 1680 464 ) (184 1680 464 ) 
4 609 (184 1680 464 ) (192 1680 464 ) (132 1680 524 ) (128 1680 520 ) 
4 609 (64 1680 464 ) (72 1680 464 ) (132 1680 524 ) (128 1680 528 ) 
4 609 (128 1680 528 ) (192 1680 464 ) (192 1824 464 ) (128 1824 528 ) 
5 609 (124 1824 524 ) (128 1824 528 ) (128.001740 1824 528 ) (192 1824 464 ) (184 1824 464 ) 
4 609 (124 1824 524 ) (128 1824 520 ) (72 1824 464 ) (64 1824 464 ) 
4 609 (64 1680 464 ) (127.998100 1680 527.998108 ) (127.998100 1824 527.998108 ) (64.002121 1824 464 ) 
4 610 (552 2048 528 ) (552 2024 528 ) (552 2024 496 ) (552 2048 496 ) 
4 610 (248 2048 496 ) (248 2024 496 ) (248 2024 528 ) (248 2048 528 ) 
4 610 (248 2024 528 ) (248 2024 496 ) (552 2024 496 ) (552 2024 528 ) 
4 611 (240 2016 464 ) (496 2016 464 ) (496 2016 496 ) (240 2016 496 ) 
4 611 (496 2016 464 ) (512 2016 464 ) (512 2016 496 ) (496 2016 496 ) 
4 611 (512 2016 464 ) (560 2016 464 ) (560 2016 496 ) (512 2016 496 ) 
4 611 (240 2048 464 ) (240 2016 464 ) (240 2016 496 ) (240 2048 496 ) 
4 611 (552 2024 496 ) (248 2024 496 ) (248 2016 496 ) (552 2016 496 ) 
4 611 (560 2048 496 ) (552 2048 496 ) (552 2016 496 ) (560 2016 496 ) 
4 611 (248 2048 496 ) (240 2048 496 ) (240 2016 496 ) (248 2016 496 ) 
4 611 (560 2048 496 ) (560 2016 496 ) (560 2016 464 ) (560 2048 464 ) 
4 612 (496 1903.998901 520.001221 ) (496 1847.997681 464 ) (512 1847.998535 464 ) (512 1904 520 ) 
3 612 (512 1904 520 ) (512 1848 464 ) (512 1960 464 ) 
4 612 (496 1960 464 ) (496 1904 520 ) (512 1904 520 ) (512 1960 464 ) 
4 613 (352 1960 464 ) (352 1968 464 ) (496 1968 464 ) (496 1960 464 ) 
4 613 (352 1840 464 ) (352 1848 464 ) (496 1848 464 ) (496 1840 464 ) 
5 613 (352 1904.007324 528 ) (352 1908.003784 524.003601 ) (352 1848 464 ) (352 1840 464 ) (352 1904 528 ) 
4 613 (352 1908.003784 524.003601 ) (352 1968.007080 464 ) (352 1960 464 ) (352 1904 520 ) 
4 613 (496 1908 524 ) (496 1904 520 ) (496 1960 464 ) (496 1968 464 ) 
4 613 (496 1908 524 ) (496 1904 528 ) (496 1840 464 ) (496 1848 464 ) 
4 613 (352 1904.001099 528 ) (496 1904.002563 528 ) (496 1968.002563 464 ) (352 1968.001221 464 ) 
4 613 (496 1840 464 ) (496 1904 528 ) (352 1904 528 ) (352 1840 464 ) 
4 614 (336 1904 520 ) (336 1848 464 ) (352 1848 464 ) (352 1904 520 ) 
4 614 (336 1960 464 ) (336 1904 520 ) (352 1904 520 ) (352 1960 464 ) 
4 615 (208 1960 464 ) (208 1968 464 ) (336 1968 464 ) (336 1960 464 ) 
4 615 (208 1840 464 ) (208 1848 464 ) (336 1848 464 ) (336 1840 464 ) 
4 615 (208 1968 464 ) (208 1960 464 ) (208 1904 520 ) (208 1908 524 ) 
4 615 (208 1848 464 ) (208 1840 464 ) (208 1904 528 ) (208 1908 524 ) 
4 615 (336 1904 528 ) (336 1968.001099 464 ) (208 1968 464 ) (208 1904 528 ) 
4 615 (336 1904 520 ) (336 1960 464 ) (336 1968.007080 464 ) (336 1908.003784 524.003601 ) 
5 615 (336 1904 528 ) (336 1840 464 ) (336 1848 464 ) (336 1908.003784 524.003601 ) (336 1904.007324 528 ) 
4 615 (208 1904 528 ) (208 1840 464 ) (336 1840 464 ) (336 1904 528 ) 
4 616 (192 1904 520 ) (192 1848 464 ) (208 1848 464 ) (208 1904 520 ) 
4 616 (192 1960 464 ) (192 1904 520 ) (208 1904 520 ) (208 1960 464 ) 
3 617 (192 1904.002563 528 ) (192 1968.002441 464 ) (128 1904.002441 528 ) 
5 617 (192 1904 528 ) (192 1840.003540 464.003418 ) (192 1848.003418 464.003418 ) (192 1908.004028 524.003845 ) (192 1904.007812 528 ) 
4 617 (192 1904 520 ) (192 1959.996582 464.003418 ) (192 1968.004395 464.003418 ) (192 1908.004028 524.003845 ) 
3 617 (127.995056 1904 528 ) (192 1840 464 ) (192 1904 528 ) 
3 618 (128 1664 520 ) (72 1664 464 ) (184 1664 464 ) 
4 618 (127.998940 1664 520.001038 ) (127.998947 1680 520.001038 ) (72 1680 464 ) (72 1664 464 ) 
4 618 (184 1664 464 ) (184 1680 464 ) (127.998840 1680 520.001160 ) (127.998840 1664 520.001160 ) 
4 619 (240 2048 272 ) (560 2048 272 ) (560 2016 272 ) (240 2016 272 ) 
4 619 (456 2016 272 ) (560 2016 272 ) (560 2016 384 ) (456 2016 384 ) 
4 619 (240 2016 272 ) (392 2016 272 ) (392 2016 384 ) (240 2016 384 ) 
4 619 (560 2016 384 ) (560 2016 464 ) (240 2016 464 ) (240 2016 384 ) 
4 619 (240 2048 272 ) (240 2016 272 ) (240 2016 464 ) (240 2048 464 ) 
4 619 (560 2048 464 ) (560 2016 464 ) (560 2016 272 ) (560 2048 272 ) 
4 620 (184 2048 272 ) (192 2048 272 ) (192 2016 272 ) (184 2016 272 ) 
4 620 (192 2048 448 ) (192 2016 448 ) (192 2016 272 ) (192 2048 272 ) 
4 620 (184 2048 448 ) (184 2016 448 ) (192 2016 448 ) (192 2048 448 ) 
4 621 (456 1984 272 ) (392 1984 272 ) (392 2016 272 ) (456 2016 272 ) 
4 621 (392 1984 272 ) (392 1984 384 ) (392 2016 384 ) (392 2016 272 ) 
4 621 (456 2016 384 ) (392 2016 384 ) (392 1984 384 ) (456 1984 384 ) 
4 621 (456 2016 272 ) (456 2016 384 ) (456 1984 384 ) (456 1984 272 ) 
4 622 (192 1984 272 ) (184 1984 272 ) (184 2016 272 ) (192 2016 272 ) 
4 622 (192 1984 448 ) (192 1984 384 ) (192 2016 384 ) (192 2016 448 ) 
4 622 (192 1984 384 ) (192 1984 272 ) (192 2016 272 ) (192 2016 384 ) 
4 622 (184 1984 448 ) (192 1984 448 ) (192 2016 448 ) (184 2016 448 ) 
4 623 (488 1968 272 ) (360 1968 272 ) (360 1984 272 ) (488 1984 272 ) 
4 623 (360 1984 432 ) (360 1984 272 ) (360 1968 272 ) (360 1968 432 ) 
4 623 (488 1968 432 ) (488 1968 272 ) (488 1984 272 ) (488 1984 432 ) 
4 623 (456 1984 384 ) (488 1984 384 ) (488 1984 272 ) (456 1984 272 ) 
4 623 (360 1984 384 ) (392 1984 384 ) (392 1984 272 ) (360 1984 272 ) 
4 623 (488 1984 432 ) (488 1984 384 ) (360 1984 384 ) (360 1984 432 ) 
4 623 (488 1968 432 ) (488 1984 432 ) (360 1984 432 ) (360 1968 432 ) 
4 624 (192 1968 272 ) (184 1968 272 ) (184 1984 272 ) (192 1984 272 ) 
4 624 (192 1968 448 ) (192 1968 272 ) (192 1984 272 ) (192 1984 448 ) 
4 624 (184 1968 448 ) (192 1968 448 ) (192 1984 448 ) (184 1984 448 ) 
4 625 (184 1848 464 ) (184 1848 448 ) (512 1848 448 ) (512 1848 464 ) 
4 625 (512 1960 464 ) (512 1848 464 ) (512 1848 448 ) (512 1960 448 ) 
4 625 (512 1960 464 ) (512 1960 448 ) (184 1960 448 ) (184 1960 464 ) 
4 626 (512 1840 272 ) (184 1840 272 ) (184 1968 272 ) (512 1968 272 ) 
4 626 (512 1840 448 ) (192 1840 448 ) (192 1840 272 ) (512 1840 272 ) 
4 626 (512 1960 448 ) (512 1968 448 ) (184 1968 448 ) (184 1960 448 ) 
4 626 (512 1840 448 ) (512 1848 448 ) (184 1848 448 ) (184 1840 448 ) 
4 626 (488 1968 448 ) (512 1968 448 ) (512 1968 272 ) (488 1968 272 ) 
4 626 (192 1968 448 ) (360 1968 448 ) (360 1968 272 ) (192 1968 272 ) 
4 626 (360 1968 432 ) (360 1968 448 ) (488 1968 448 ) (488 1968 432 ) 
4 626 (512 1968 272 ) (512 1968 448 ) (512 1840 448 ) (512 1840 272 ) 
4 627 (192 1664 272 ) (184 1664 272 ) (184 1840 272 ) (192 1840 272 ) 
4 627 (184 1664 272 ) (192 1664 272 ) (192 1664 384 ) (184 1664 384 ) 
4 627 (192 1664 384 ) (192 1664 448 ) (184 1664 448 ) (184 1664 384 ) 
4 627 (192 1840 448 ) (184 1840 448 ) (184 1664 448 ) (192 1664 448 ) 
4 627 (192 1664 448 ) (192 1664 272 ) (192 1840 272 ) (192 1840 448 ) 
4 628 (72 2048 272 ) (184 2048 272 ) (184 1664 272 ) (72 1664 272 ) 
4 628 (160 1664 272 ) (184 1664 272 ) (184 1664 384 ) (160 1664 384 ) 
4 628 (72 1664 272 ) (96 1664 272 ) (96 1664 384 ) (72 1664 384 ) 
4 628 (184 1664 384 ) (184 1664 464 ) (72 1664 464 ) (72 1664 384 ) 
4 628 (72 1664 448 ) (72 1664 464 ) (72 2048 464 ) (72 2048 448 ) 
4 628 (184 1960 448 ) (184 1968 448 ) (184 1968 464 ) (184 1960 464 ) 
4 628 (184 1848 448 ) (184 1848 464 ) (184 1664 464 ) (184 1664 448 ) 
4 628 (184 1984 448 ) (184 1984 464 ) (184 1968 464 ) (184 1968 448 ) 
4 628 (184 2016 448 ) (184 2016 464 ) (184 1984 464 ) (184 1984 448 ) 
4 628 (184 2048 448 ) (184 2048 464 ) (184 2016 464 ) (184 2016 448 ) 
4 629 (64 2048 272 ) (72 2048 272 ) (72 1664 272 ) (64 1664 272 ) 
4 629 (64 1664 272 ) (72 1664 272 ) (72 1664 384 ) (64 1664 384 ) 
4 629 (72 1664 384 ) (72 1664 448 ) (64 1664 448 ) (64 1664 384 ) 
4 629 (64 2048 272 ) (64 1664 272 ) (64 1664 448 ) (64 2048 448 ) 
4 629 (72 1664 448 ) (72 2048 448 ) (64 2048 448 ) (64 1664 448 ) 
3 630 (288 1631.994141 690.461548 ) (288 1664 727.391357 ) (320.005829 1664 727.391357 ) 
4 630 (395.990479 1664 815.066162 ) (288 1556.008057 690.462830 ) (288 1632.007812 690.460876 ) (319.992188 1664 727.374939 ) 
4 631 (640 1664 727.384521 ) (672 1632 690.461243 ) (672 1556 690.461243 ) (564 1664 815.076843 ) 
3 631 (640 1664 727.384521 ) (672 1664 690.461243 ) (672 1632 690.461243 ) 
3 632 (480.001038 1596 799.998535 ) (432.457825 1596 736.607788 ) (480 1650.938721 799.998657 ) 
4 632 (432.467377 1596 736.623169 ) (328.006744 1596 736.623169 ) (396.008667 1664 815.086914 ) (491.315186 1664 815.086914 ) 
4 632 (288 1596 960 ) (600 1596 960 ) (600 1664 960 ) (288 1664 960 ) 
4 633 (600 1596 960 ) (672 1596 960 ) (672 1664 960 ) (600 1664 960 ) 
5 633 (527.532593 1596 736.623169 ) (480 1650.925049 800 ) (491.315186 1664 815.086914 ) (563.991272 1664 815.086914 ) (631.993225 1596 736.623108 ) 
3 633 (527.531982 1596 736.624023 ) (480.003113 1596 799.998413 ) (480.003113 1650.931885 799.998413 ) 
3 634 (480 1596 800 ) (527.542908 1596 736.609375 ) (432.457031 1596 736.609375 ) 
4 634 (288 1596 960 ) (288 1408 960 ) (672 1408 960 ) (672 1596 960 ) 
6 634 (328.006744 1596 736.623169 ) (631.993225 1596 736.623108 ) (672 1555.994385 690.461487 ) (672 1539.994873 672 ) (288 1539.994873 672 ) (288 1555.994385 690.461548 ) 
4 635 (608 1408 512 ) (480 1408 512 ) (480 1408 272 ) (608 1408 272 ) 
4 635 (288 1504 272 ) (288 1472 272 ) (288 1472 304 ) (288 1504 304 ) 
4 635 (288 1556 272 ) (288 1504 272 ) (288 1504 304 ) (288 1556 304 ) 
4 635 (288 1457.454590 448 ) (288 1472 448 ) (288 1456 439.200012 ) (288 1456 447.199982 ) 
4 635 (288 1476 448 ) (288 1500 448 ) (288 1500 432 ) (288 1476 432 ) 
3 635 (288 1556 502.200012 ) (288 1556 448 ) (288 1457.454590 448 ) 
4 635 (672 1540 672 ) (672 1556 672 ) (288 1556 672 ) (288 1540 672 ) 
4 635 (672 1556 272 ) (288 1556 272 ) (288 1556 672 ) (672 1556 672 ) 
4 636 (288 1632 960 ) (288 1664 960 ) (0 1664 960 ) (0 1632 960 ) 
4 636 (0 1664 727.388428 ) (288 1664 727.388428 ) (288 1632 690.465332 ) (0 1632 690.465332 ) 
4 637 (96 1664 272 ) (160 1664 272 ) (160 1632 272 ) (96 1632 272 ) 
4 637 (96 1632 272 ) (96 1632 384 ) (96 1664 384 ) (96 1664 272 ) 
4 637 (160 1664 384 ) (96 1664 384 ) (96 1632 384 ) (160 1632 384 ) 
4 637 (160 1664 272 ) (160 1664 384 ) (160 1632 384 ) (160 1632 272 ) 
3 638 (288 1539.997437 672 ) (271.997437 1539.997437 672 ) (288 1556 690.463989 ) 
5 639 (288 1556.002930 690.464844 ) (271.998962 1540 672 ) (271.998962 1616.006836 672 ) (287.992371 1632 690.452698 ) (288 1632 690.464844 ) 
5 639 (0 1632 690.465332 ) (288 1632 690.465332 ) (288 1631.996704 690.461548 ) (272 1615.996704 672 ) (0 1615.996704 672 ) 
4 639 (288 1408 960 ) (288 1632 960 ) (0 1632 960 ) (0 1408 960 ) 
4 640 (272 1616 672 ) (272 1540 672 ) (288 1540 672 ) (288 1616 672 ) 
4 640 (0 1616 672 ) (288 1616 672 ) (288 1632 672 ) (0 1632 672 ) 
4 640 (0 1632 544 ) (0 1632 672 ) (288 1632 672 ) (288 1632 544 ) 
4 640 (288 1632 544 ) (288 1632 672 ) (288 1556 672 ) (288 1556 502.199982 ) 
4 640 (288 1457.451538 448 ) (0 1457.451538 448 ) (0 1632 544.001831 ) (288 1632 544.001831 ) 
4 641 (288 1620 432 ) (288 1632 432 ) (288 1632 448 ) (288 1620 448 ) 
3 641 (264 1620 448 ) (288 1620 448 ) (288 1632 448 ) 
4 641 (288 1632 432 ) (264.002502 1620 432 ) (264.002502 1620 448 ) (288 1631.998779 448 ) 
4 642 (288 1620 432 ) (288 1620 448 ) (288 1556 448 ) (288 1556 432 ) 
4 642 (0 1620 448 ) (0 1500 448 ) (288 1500 448 ) (288 1620 448 ) 
4 642 (0 1620 448 ) (264 1620 448 ) (264 1620 432 ) (0 1620 432 ) 
4 642 (0 1500 432 ) (288 1500 432 ) (288 1500 448 ) (0 1500 448 ) 
4 643 (288 1456 447.199829 ) (0 1456 447.199829 ) (0 1457.454956 448 ) (288 1457.454956 448 ) 
4 644 (0 1476 448 ) (0 1472 448 ) (288 1472 448 ) (288 1476 448 ) 
4 644 (0 1476 448 ) (288 1476 448 ) (288 1476 432 ) (0 1476 432 ) 
4 644 (288 1471.998535 448 ) (0 1471.998535 448 ) (0 1456 439.201050 ) (288 1456 439.201050 ) 
4 645 (0 1456 439.200012 ) (0 1456 447.199982 ) (288 1456 447.199982 ) (288 1456 439.200012 ) 
4 646 (288 1504 304 ) (288 1472 304 ) (0 1472 304 ) (0 1504 304 ) 
4 646 (258 1632 304 ) (288 1632 304 ) (288 1504 304 ) (258 1504 304 ) 
4 646 (160 1632 304 ) (160 1632 384 ) (288 1632 384 ) (288 1632 304 ) 
4 646 (0 1632 304 ) (0 1632 384 ) (96 1632 384 ) (96 1632 304 ) 
4 646 (0 1632 384 ) (0 1632 432 ) (288 1632 432 ) (288 1632 384 ) 
4 646 (288 1632 304 ) (288 1632 432 ) (288 1556 432 ) (288 1556 304 ) 
4 646 (0 1620 432 ) (264 1620 432 ) (288 1632 432 ) (0 1632 432 ) 
4 646 (0 1500 432 ) (0 1476 432 ) (288 1476 432 ) (288 1500 432 ) 
4 647 (0 1504 272 ) (0 1556 272 ) (258 1556 272 ) (258 1504 272 ) 
4 647 (0 1556 272 ) (0 1632 272 ) (258 1632 272 ) (258 1556 272 ) 
4 647 (0 1504 272 ) (258 1504 272 ) (258 1504 304 ) (0 1504 304 ) 
4 647 (160 1632 304 ) (258 1632 304 ) (258 1632 272 ) (160 1632 272 ) 
4 647 (0 1632 304 ) (96 1632 304 ) (96 1632 272 ) (0 1632 272 ) 
4 647 (258 1632 272 ) (258 1632 304 ) (258 1504 304 ) (258 1504 272 ) 
4 648 (0 1472 304 ) (288 1472 304 ) (288 1472 272 ) (0 1472 272 ) 
4 649 (672 1700 32 ) (672 1700 0 ) (658 1700 0 ) (658 1700 32 ) 
4 649 (672 1636 32 ) (672 1700 32 ) (658 1700 32 ) (658 1636 32 ) 
4 649 (658 1700 0 ) (658 1636 0 ) (658 1636 32 ) (658 1700 32 ) 
4 649 (658 1636 32 ) (658 1636 0 ) (672 1636 0 ) (672 1636 32 ) 
4 650 (640 1532 32 ) (640 1556 32 ) (672 1556 32 ) (672 1532 32 ) 
4 650 (640 1556 32 ) (640 1556 272 ) (672 1556 272 ) (672 1556 32 ) 
4 651 (672 1530 24 ) (640 1530 24 ) (640 1532 32 ) (672 1532 32 ) 
4 652 (672 1530 0 ) (672 1408 0 ) (640 1408 0 ) (640 1530 0 ) 
4 652 (640 1408 0 ) (672 1408 0 ) (672 1408 24 ) (640 1408 24 ) 
4 652 (672 1530 24 ) (672 1530 0 ) (640 1530 0 ) (640 1530 24 ) 
4 653 (288 1556 0 ) (312 1556 0 ) (608 1408 0 ) (288 1408 0 ) 
4 653 (312 1556 0 ) (640 1556 0 ) (640 1408 0 ) (608 1408 0 ) 
4 653 (480 1408 0 ) (608 1408 0 ) (608 1408 272 ) (480 1408 272 ) 
4 653 (288 1556 272 ) (288 1556 0 ) (288 1472 0 ) (288 1472 272 ) 
5 653 (640 1532 32 ) (640 1530 24 ) (640 1530 0 ) (640 1556 0 ) (640 1556 32 ) 
4 653 (288 1556 32 ) (640 1556 32 ) (640 1556 0 ) (288 1556 0 ) 
4 653 (640 1556 32 ) (288 1556 32 ) (288 1556 272 ) (640 1556 272 ) 
4 654 (0 1408 0 ) (0 1472 0 ) (288 1472 0 ) (288 1408 0 ) 
4 654 (0 1472 272 ) (288 1472 272 ) (288 1472 0 ) (0 1472 0 ) 
8 655 (596.443848 1226.568481 520 ) (628.417603 1179.902954 520 ) (616.664185 1116.991455 520 ) (569.998352 1085.017578 520 ) (507.087097 1096.770996 520 ) (475.113281 1143.436646 520 ) (486.866760 1206.348267 520 ) (533.532349 1238.322021 520 ) 
4 655 (672 1408 960 ) (0 1408 960 ) (0 1024 960 ) (672 1024 960 ) 
5 656 (672 1065.961182 512 ) (672 1024 512 ) (320 1024 512 ) (288 1088 512 ) (288 1137.701904 512 ) 
4 656 (569.998169 1085.017456 512 ) (507.087219 1096.770752 512 ) (507.086792 1096.771362 520 ) (569.998718 1085.017822 520 ) 
5 657 (480 1408 512 ) (608 1408 512 ) (672 1376 512 ) (672 1116.294678 512 ) (474.140198 1405.070068 512 ) 
4 657 (596.448669 1226.567627 512 ) (628.418518 1179.907715 512 ) (628.418457 1179.907593 520 ) (596.448425 1226.567627 520 ) 
4 658 (474.140198 1405.070068 512 ) (596.443848 1226.568481 512 ) (319.183990 1278.367920 512 ) (352 1344 512 ) 
4 658 (533.532898 1238.322388 512 ) (596.437683 1226.570068 512 ) (596.437683 1226.570068 520 ) (533.532898 1238.322388 520 ) 
5 659 (507.087097 1096.770996 512 ) (288 1137.701904 512 ) (288 1216 512 ) (319.183990 1278.367920 512 ) (391.981415 1264.767456 512 ) 
4 659 (507.077759 1096.771484 520 ) (507.077759 1096.771484 512 ) (475.111511 1143.427246 512 ) (475.111511 1143.427246 520 ) 
3 660 (475.113281 1143.436646 512 ) (391.981415 1264.767456 512 ) (494.212708 1245.667969 512 ) 
4 660 (475.111542 1143.434570 520 ) (475.111542 1143.434570 512 ) (486.864960 1206.347046 512 ) (486.864960 1206.347046 520 ) 
4 661 (653.996643 1142.570435 512 ) (672 1116.294678 512 ) (672 1065.961182 512 ) (569.998352 1085.017578 512 ) 
4 661 (616.664307 1116.992554 512 ) (569.997437 1085.017822 512 ) (569.997437 1085.017822 520 ) (616.664307 1116.992554 520 ) 
3 662 (628.417603 1179.902954 512 ) (653.996643 1142.570435 512 ) (616.664185 1116.991455 512 ) 
4 662 (628.416443 1179.904663 520 ) (628.416443 1179.904663 512 ) (616.662964 1116.993042 512 ) (616.662964 1116.993042 520 ) 
3 663 (486.866760 1206.348267 512 ) (494.212708 1245.667969 512 ) (533.532349 1238.322021 512 ) 
4 663 (486.865356 1206.347168 520 ) (486.865356 1206.347168 512 ) (533.532349 1238.322021 512 ) (533.532349 1238.322021 520 ) 
4 664 (672 1376 32 ) (672 1376 512 ) (640 1392 512 ) (640 1392 32 ) 
4 664 (672 1376 32 ) (640 1392 32 ) (640 1406 32 ) (672 1406 32 ) 
4 665 (672 1405.998901 32 ) (640 1405.998901 32 ) (640 1408 23.995605 ) (672 1408 23.995607 ) 
3 666 (608 1408 0 ) (640 1408 0 ) (640 1392 0 ) 
4 666 (640 1392 512 ) (607.998596 1408 512 ) (607.998596 1408 0 ) (640 1392 0 ) 
5 666 (640 1408 0 ) (640 1408 24 ) (640 1406 32 ) (640 1391.996094 32 ) (640 1391.996094 0 ) 
4 667 (288 1088 128 ) (288 1088 512 ) (320 1024 512 ) (320 1024 128 ) 
3 667 (288 1024 128 ) (288 1088 128 ) (320 1024 128 ) 
3 668 (320 1408 0 ) (384 1408 0 ) (320 1280 0 ) 
4 668 (320 1280 0 ) (352 1344 0 ) (352 1344 512 ) (320 1280 512 ) 
4 668 (320 1279.988281 0 ) (320 1279.988281 64.005875 ) (320 1376 16 ) (320 1376 0 ) 
4 669 (288 1376 0 ) (288 1408 0 ) (320 1408 0 ) (320 1376 0 ) 
4 669 (288 1376 16 ) (288 1376 0 ) (320 1376 0 ) (320 1376 16 ) 
4 670 (288 1216 512 ) (288 1216 96 ) (320 1280 64 ) (320 1280 512 ) 
4 670 (288 1376 15.998452 ) (320 1376 15.998452 ) (320 1280 63.998444 ) (288 1216 95.998444 ) 
3 671 (352 1344 0 ) (384 1408 0 ) (480 1408 0 ) 
4 671 (351.997864 1343.998901 512 ) (351.997864 1343.998901 0 ) (480 1408 0 ) (480 1408 512 ) 
3 672 (160 1248 80 ) (160 1184 80 ) (160 1184 112 ) 
4 672 (160 1184 80 ) (160 1216 80 ) (288 1216 80 ) (288 1184 80 ) 
4 672 (160 1184 96 ) (160 1184 80 ) (288 1184 80 ) (288 1184 96 ) 
4 672 (288 1184 80 ) (288 1216 80 ) (288 1216 512 ) (288 1184 512 ) 
3 672 (288 1248 80 ) (288 1216 96 ) (288 1216 80 ) 
4 673 (160 1184 112 ) (160 1184 96 ) (160 1152 96 ) (160 1152 128 ) 
4 673 (160 1152 112 ) (160 1152 96 ) (288 1152 96 ) (288 1152 112 ) 
4 673 (288 1152 96 ) (288 1184 96 ) (288 1184 512 ) (288 1152 512 ) 
4 673 (288 1152 96 ) (160 1152 96 ) (160 1184 96 ) (288 1184 96 ) 
4 674 (160 1280 64 ) (160 1216 64 ) (160 1216 80 ) (160 1248 80 ) 
4 674 (160 1216 64 ) (160 1248 64 ) (288 1248 64 ) (288 1216 64 ) 
4 674 (288 1280 64 ) (288 1248 80 ) (288 1216 80 ) (288 1216 64 ) 
4 674 (160 1216 64 ) (288 1216 64 ) (288 1216 80 ) (160 1216 80 ) 
4 675 (160 1152 128 ) (160 1152 112 ) (160 1120 112 ) (160 1120 144 ) 
4 675 (160 1120 128 ) (160 1120 112 ) (288 1120 112 ) (288 1120 128 ) 
4 675 (288 1120 112 ) (288 1152 112 ) (288 1152 512 ) (288 1120 512 ) 
4 675 (288 1120 112 ) (160 1120 112 ) (160 1152 112 ) (288 1152 112 ) 
3 676 (160 1376 16 ) (160 1312 16 ) (160 1312 48 ) 
4 676 (160 1312 16 ) (160 1344 16 ) (288 1344 16 ) (288 1312 16 ) 
4 676 (160 1312 16 ) (288 1312 16 ) (288 1312 32 ) (160 1312 32 ) 
3 676 (288 1312 48 ) (288 1312 16 ) (288 1376 16 ) 
4 677 (160 1248 48 ) (160 1248 64 ) (160 1280 64 ) (160 1312 48 ) 
4 677 (288 1248 48 ) (160 1248 48 ) (160 1280 48 ) (288 1280 48 ) 
4 677 (288 1312 48 ) (288 1280 64 ) (288 1248 64 ) (288 1248 48 ) 
4 677 (288 1248 48 ) (288 1248 64 ) (160 1248 64 ) (160 1248 48 ) 
4 678 (160 1280 48 ) (160 1312 48 ) (160 1312 32 ) (160 1280 32 ) 
4 678 (288 1280 32 ) (288 1312 32 ) (288 1312 48 ) (288 1280 48 ) 
4 678 (160 1280 32 ) (160 1312 32 ) (288 1312 32 ) (288 1280 32 ) 
4 678 (160 1280 32 ) (288 1280 32 ) (288 1280 48 ) (160 1280 48 ) 
4 679 (160 1088 128 ) (160 1088 144 ) (160 1120 144 ) (160 1120 128 ) 
4 679 (288 1088 128 ) (288 1120 128 ) (288 1120 512 ) (288 1088 512 ) 
4 679 (288 1088 128 ) (160 1088 128 ) (160 1120 128 ) (288 1120 128 ) 
4 680 (160 1408 0 ) (288 1408 0 ) (288 1344 0 ) (160 1344 0 ) 
4 680 (160 1344 16 ) (160 1376 16 ) (160 1376 0 ) (160 1344 0 ) 
4 680 (288 1344 16 ) (288 1344 0 ) (288 1376 0 ) (288 1376 16 ) 
4 680 (288 1344 0 ) (288 1344 16 ) (160 1344 16 ) (160 1344 0 ) 
4 681 (160 1120 144 ) (160 1088 144 ) (0 1088 144 ) (0 1120 144 ) 
4 682 (0 1376 0 ) (0 1408 0 ) (160 1408 0 ) (160 1376 0 ) 
4 682 (128 1376 0 ) (160 1376 0 ) (160 1376 16 ) (128 1376 16 ) 
4 683 (160 1120 144 ) (128 1120 144 ) (128 1376 15.998452 ) (160 1376 15.998452 ) 
4 684 (0 1120 0 ) (0 1152 0 ) (128 1152 0 ) (128 1120 0 ) 
4 684 (0 1152 0 ) (0 1376 0 ) (128 1376 0 ) (128 1152 0 ) 
4 684 (128 1120 144 ) (128 1120 0 ) (128 1376 0 ) (128 1376 16 ) 
4 684 (0 1120 0 ) (128 1120 0 ) (128 1120 144 ) (0 1120 144 ) 
4 685 (0 1088 128 ) (0 1088 144 ) (160 1088 144 ) (160 1088 128 ) 
4 685 (0 1088 128 ) (288 1088 128 ) (288 1024 128 ) (0 1024 128 ) 
4 686 (672 1700 0 ) (672 1760 0 ) (672 1760 -80 ) (672 1700 -80 ) 
4 686 (950 1680 -80 ) (954 1680 -80 ) (954 1680 -78.800003 ) (950 1680 -78.800003 ) 
4 686 (950 1680 -78.800003 ) (954 1680 -78.800003 ) (954 1680 -52 ) (950 1680 -52 ) 
4 686 (960 1680 -80 ) (672 1680 -80 ) (672 1760 -80 ) (960 1760 -80 ) 
4 686 (1024 1760 0 ) (1024 1760 -80 ) (672 1760 -80 ) (672 1760 0 ) 
4 687 (992 1680 -96 ) (960 1680 -96 ) (960 1760 -96 ) (992 1760 -96 ) 
4 687 (960 1760 -80 ) (1024 1760 -80 ) (1024 1760 -96 ) (960 1760 -96 ) 
4 687 (960 1760 -96 ) (960 1680 -96 ) (960 1680 -80 ) (960 1760 -80 ) 
4 688 (992 1680 -112 ) (992 1680 -96 ) (992 1760 -96 ) (992 1760 -112 ) 
4 688 (992 1760 -112 ) (992 1760 -96 ) (1024 1760 -96 ) (1024 1760 -112 ) 
4 688 (1024 1680 -112 ) (992 1680 -112 ) (992 1760 -112 ) (1024 1760 -112 ) 
5 689 (954 1680 -52 ) (954 1680 -78.800003 ) (954 1678.800049 -78.800003 ) (954 1678 -78 ) (954 1678 -54 ) 
4 690 (954 1678 -77.994659 ) (954 1678.805298 -78.800003 ) (950 1678.804321 -78.800003 ) (950 1678 -77.994659 ) 
4 691 (954 1680 -52.001305 ) (954 1678 -54 ) (950 1678 -54 ) (950 1680 -52 ) 
4 692 (954 1678 -54 ) (954 1678 -78 ) (950 1678 -78 ) (950 1678 -54 ) 
4 693 (673.007996 1529.839966 -0.961527 ) (673.007996 1529.839966 -78.577499 ) (810.992004 1529.839966 -78.577499 ) (810.992004 1529.839966 -69.953506 ) 
5 693 (950 1678 -54 ) (950 1678 -78 ) (950 1678.800049 -78.800003 ) (950 1680 -78.800003 ) (950 1680 -52 ) 
4 694 (810.992004 1529.839966 -69.953506 ) (810.992004 1529.839966 -78.577499 ) (810.992004 1514.160034 -78.577499 ) (810.992004 1514.160034 -69.953506 ) 
4 695 (673.007996 1529.839966 -0.961446 ) (810.992004 1529.839966 -69.953445 ) (810.992004 1514.160034 -69.953445 ) (673.007996 1514.160034 -0.962265 ) 
4 696 (810.992004 1529.839966 -78.577499 ) (673.007996 1529.839966 -78.577499 ) (673.007996 1514.160034 -78.577499 ) (810.992004 1514.160034 -78.577499 ) 
4 697 (673.007996 1512.800049 -78.800003 ) (805.600037 1512.800049 -78.800003 ) (805.600037 1512.800049 -67.599998 ) (673.007996 1512.800049 -67.599998 ) 
4 697 (673.007996 1512.800049 -9.200000 ) (673.007996 1512.800049 -67.599998 ) (694.800049 1512.800049 -67.599998 ) (694.800049 1512.800049 -9.200000 ) 
4 697 (760.800049 1512.800049 -56.400002 ) (760.800049 1512.800049 -67.599998 ) (783.200012 1512.800049 -67.599998 ) (783.200012 1512.800049 -56.400002 ) 
4 697 (760.800049 1512.800049 -45.200001 ) (694.800049 1512.800049 -45.200001 ) (694.800049 1512.800049 -67.599998 ) (760.800049 1512.800049 -67.599998 ) 
4 697 (694.800049 1512.800049 -21.200001 ) (694.800049 1512.800049 -45.200001 ) (716.800049 1512.800049 -45.200001 ) (716.800049 1512.800049 -21.200001 ) 
4 697 (738.800049 1512.800049 -33.200001 ) (716.800049 1512.800049 -33.200001 ) (716.800049 1512.800049 -45.200001 ) (738.800049 1512.800049 -45.200001 ) 
4 697 (810.992004 1514.160034 -69.953506 ) (810.992004 1514.160034 -78.577499 ) (673.007996 1514.160034 -78.577499 ) (673.007996 1514.160034 -0.961527 ) 
4 698 (672 1512.800049 0 ) (672 1636 0 ) (672 1636 -78.800003 ) (672 1512.800049 -78.800003 ) 
4 698 (672.400024 1512.800049 -78.800003 ) (673.007996 1512.800049 -78.800003 ) (673.007996 1512.800049 -67.599998 ) (672.400024 1512.800049 -67.599998 ) 
4 698 (673.007996 1512.800049 -67.599998 ) (673.007996 1512.800049 -9.200000 ) (672.400024 1512.800049 -9.200000 ) (672.400024 1512.800049 -67.599998 ) 
4 698 (673.007996 1529.839966 -78.577499 ) (673.007996 1529.839966 -0.961527 ) (673.007996 1514.160034 -0.961526 ) (673.007996 1514.160034 -78.577499 ) 
4 699 (716.800049 1512.800049 -21.200001 ) (716.800049 1512.800049 -33.200001 ) (716.800049 1423.199951 -33.200001 ) (716.800049 1423.199951 -21.200001 ) 
4 699 (738.800049 1423.199951 -33.200001 ) (716.800049 1423.199951 -33.200001 ) (716.800049 1512.800049 -33.200001 ) (738.800049 1512.800049 -33.200001 ) 
4 700 (760.800049 1423.199951 -45.200001 ) (738.800049 1423.199951 -45.200001 ) (738.800049 1512.800049 -45.200001 ) (760.800049 1512.800049 -45.200001 ) 
4 700 (738.800049 1512.800049 -45.200001 ) (738.800049 1423.199951 -45.200001 ) (738.800049 1423.199951 -33.200001 ) (738.800049 1512.800049 -33.200001 ) 
4 701 (694.800049 1512.800049 -9.200000 ) (694.800049 1512.800049 -21.200001 ) (694.800049 1423.199951 -21.200001 ) (694.800049 1423.199951 -9.200000 ) 
4 701 (694.800049 1423.199951 -21.200001 ) (694.800049 1512.800049 -21.200001 ) (716.800049 1512.800049 -21.200001 ) (716.800049 1423.199951 -21.200001 ) 
4 702 (805.600037 1423.199951 -67.599998 ) (783.200012 1423.199951 -67.599998 ) (783.200012 1512.800049 -67.599998 ) (805.600037 1512.800049 -67.599998 ) 
4 702 (783.200012 1512.800049 -67.599998 ) (783.200012 1423.199951 -67.599998 ) (783.200012 1423.199951 -56.400002 ) (783.200012 1512.800049 -56.400002 ) 
4 703 (760.800049 1423.199951 -56.400002 ) (760.800049 1423.199951 -45.200001 ) (760.800049 1512.800049 -45.200001 ) (760.800049 1512.800049 -56.400002 ) 
4 703 (760.800049 1423.199951 -56.400002 ) (760.800049 1512.800049 -56.400002 ) (783.200012 1512.800049 -56.400002 ) (783.200012 1423.199951 -56.400002 ) 
4 704 (672.400024 1423.199951 -9.200000 ) (672.400024 1512.800049 -9.200000 ) (694.800049 1512.800049 -9.200000 ) (694.800049 1423.199951 -9.200000 ) 
4 705 (805.600037 1423.199951 -67.599998 ) (805.600037 1512.800049 -67.599998 ) (805.600037 1512.800049 -78.800003 ) (805.600037 1423.199951 -78.800003 ) 
4 706 (672 1423.199951 0 ) (672 1512.800049 0 ) (672 1512.800049 -78.800003 ) (672 1423.199951 -78.800003 ) 
4 706 (672.400024 1423.199951 -67.599998 ) (672.400024 1423.199951 -78.800003 ) (672.400024 1512.800049 -78.800003 ) (672.400024 1512.800049 -67.599998 ) 
4 706 (672.400024 1423.199951 -9.200000 ) (672.400024 1423.199951 -67.599998 ) (672.400024 1512.800049 -67.599998 ) (672.400024 1512.800049 -9.200000 ) 
4 707 (960 1423.199951 -80 ) (954 1423.199951 -80 ) (954 1680 -80 ) (960 1680 -80 ) 
3 707 (954 1680 -80 ) (954 1678.800049 -78.800003 ) (954 1680 -78.800003 ) 
4 708 (954 1423.199951 -80 ) (950 1423.199951 -80 ) (950 1680 -80 ) (954 1680 -80 ) 
4 708 (954 1678.803223 -78.800003 ) (954 1680 -79.994637 ) (950 1680 -80 ) (950 1678.799927 -78.800003 ) 
4 709 (672 1636 -80 ) (672 1423.199951 -80 ) (672 1423.199951 -78.800003 ) (672 1636 -78.800003 ) 
4 709 (950 1423.199951 -80 ) (672 1423.199951 -80 ) (672 1680 -80 ) (950 1680 -80 ) 
3 709 (950 1680 -78.800003 ) (950 1678.800049 -78.800003 ) (950 1680 -80 ) 
4 709 (805.600037 1512.800049 -78.800003 ) (672.400024 1512.800049 -78.800003 ) (672.400024 1423.199951 -78.800003 ) (805.600037 1423.199951 -78.800003 ) 
4 710 (960 1536 -192 ) (960 1536 -224 ) (1024 1536 -224 ) (1024 1536 -192 ) 
4 710 (960 1680 -96 ) (992 1680 -96 ) (992 1680 -224 ) (960 1680 -224 ) 
4 710 (992 1680 -112 ) (1024 1680 -112 ) (1024 1680 -224 ) (992 1680 -224 ) 
4 710 (960 1536 -80 ) (960 1680 -80 ) (960 1680 -224 ) (960 1536 -224 ) 
4 710 (1024 1536 -224 ) (960 1536 -224 ) (960 1680 -224 ) (1024 1680 -224 ) 
4 711 (960 1504 -80 ) (960 1536 -80 ) (960 1536 -192 ) (960 1504 -192 ) 
4 711 (1024 1504 -192 ) (960 1504 -192 ) (960 1536 -192 ) (1024 1536 -192 ) 
4 712 (1024 1504 -192 ) (1024 1504 -256 ) (960 1504 -256 ) (960 1504 -192 ) 
4 712 (1024 1504 -256 ) (1024 1423.199951 -256 ) (960 1423.199951 -256 ) (960 1504 -256 ) 
4 712 (960 1423.199951 -256 ) (960 1423.199951 -80 ) (960 1504 -80 ) (960 1504 -256 ) 
4 713 (960 1423.199951 -96 ) (960 1423.199951 -256 ) (960 1338 -256 ) (960 1338 -96 ) 
4 713 (960 1423.199951 -80 ) (960 1423.199951 -96 ) (960 1322 -96 ) (960 1322 -80 ) 
4 713 (1024 1024 -256 ) (960 1024 -256 ) (960 1423.199951 -256 ) (1024 1423.199951 -256 ) 
4 714 (810.992004 1423.199951 -80 ) (960 1423.199951 -80 ) (960 1322 -80 ) (810.992004 1322 -80 ) 
4 714 (810.992004 1406.160034 -78.577499 ) (810.992004 1406.160034 -69.953506 ) (810.992004 1421.839966 -69.953506 ) (810.992004 1421.839966 -78.577499 ) 
4 715 (696.400024 1423.199951 -80 ) (810.992004 1423.199951 -80 ) (810.992004 1421.839966 -80 ) (697.080078 1421.839966 -80 ) 
4 715 (673.007996 1421.839966 -80 ) (673.007996 1423.199951 -80 ) (696.400024 1423.199951 -80 ) (697.080078 1421.839966 -80 ) 
4 715 (673.007996 1421.839966 -0.961527 ) (673.007996 1421.839966 -78.577499 ) (810.992004 1421.839966 -78.577499 ) (810.992004 1421.839966 -69.953506 ) 
4 715 (738.800049 1423.199951 -45.200001 ) (716.800049 1423.199951 -45.200001 ) (716.800049 1423.199951 -33.200001 ) (738.800049 1423.199951 -33.200001 ) 
4 715 (716.800049 1423.199951 -21.200001 ) (716.800049 1423.199951 -45.200001 ) (694.800049 1423.199951 -45.200001 ) (694.800049 1423.199951 -21.200001 ) 
4 715 (760.800049 1423.199951 -67.599998 ) (694.800049 1423.199951 -67.599998 ) (694.800049 1423.199951 -45.200001 ) (760.800049 1423.199951 -45.200001 ) 
4 715 (783.200012 1423.199951 -56.400002 ) (783.200012 1423.199951 -67.599998 ) (760.800049 1423.199951 -67.599998 ) (760.800049 1423.199951 -56.400002 ) 
4 715 (673.007996 1423.199951 -9.200000 ) (694.800049 1423.199951 -9.200000 ) (694.800049 1423.199951 -67.599998 ) (673.007996 1423.199951 -67.599998 ) 
4 715 (673.007996 1423.199951 -67.599998 ) (805.600037 1423.199951 -67.599998 ) (805.600037 1423.199951 -78.800003 ) (673.007996 1423.199951 -78.800003 ) 
4 716 (673.007996 1421.839966 -0.960561 ) (810.992004 1421.839966 -69.952560 ) (810.992004 1406.160034 -69.953445 ) (673.007996 1406.160034 -0.962265 ) 
4 717 (697.080078 1421.839966 -80 ) (810.992004 1421.839966 -80 ) (810.992004 1406.160034 -80 ) (704.919983 1406.160034 -80 ) 
4 717 (673.007996 1406.160034 -80 ) (673.007996 1421.839966 -80 ) (697.080078 1421.839966 -80 ) (704.919983 1406.160034 -80 ) 
4 717 (810.992004 1421.839966 -78.577499 ) (673.007996 1421.839966 -78.577499 ) (673.007996 1406.160034 -78.577499 ) (810.992004 1406.160034 -78.577499 ) 
4 718 (800 1406.160034 -80 ) (810.992004 1406.160034 -80 ) (810.992004 1322 -80 ) (800 1322 -80 ) 
4 718 (800 1216 -80 ) (800 1088 -80 ) (800 1088 0 ) (800 1216 0 ) 
4 718 (800 1406.160034 -64.457504 ) (810.992004 1406.160034 -69.953506 ) (810.992004 1406.160034 -78.577499 ) (800 1406.160034 -78.577499 ) 
4 719 (800 1088 0 ) (800 1088 -80 ) (768 1024 -80 ) (768 1024 0 ) 
5 720 (704.919983 1406.160034 -80 ) (800 1406.160034 -80 ) (800 1322 -80 ) (780 1322 -80 ) (736 1344 -80 ) 
4 720 (673.007996 1375.496094 -80 ) (673.007996 1406.160034 -80 ) (704.919983 1406.160034 -80 ) (736 1344 -80 ) 
4 720 (673.007996 1375.495483 0 ) (673.007996 1375.495483 -80 ) (736 1344 -80 ) (736 1344 0 ) 
4 720 (800 1406.160034 -64.457504 ) (800 1406.160034 -78.577499 ) (673.007996 1406.160034 -78.577499 ) (673.007996 1406.160034 -0.961527 ) 
3 721 (736 1344 -80 ) (780 1322 -80 ) (747 1322 -80 ) 
4 721 (736.005432 1343.989136 0 ) (736.005432 1343.989136 -80 ) (800 1216 -80 ) (800 1216 0 ) 
4 722 (800 1216 -80 ) (800 1216 -256 ) (800 1088 -256 ) (800 1088 -80 ) 
3 722 (896 1024 -256 ) (800 1024 -256 ) (800 1216 -256 ) 
3 723 (800 1024 -256 ) (768 1024 -256 ) (800 1088 -256 ) 
4 723 (800 1088 -80 ) (800 1088 -256 ) (768 1024 -256 ) (768 1024 -80 ) 
4 724 (747 1322 -96 ) (800 1216 -96 ) (800 1216 -80 ) (747 1322 -80 ) 
4 724 (960 1322 -80 ) (960 1322 -96 ) (747 1322 -96 ) (747 1322 -80 ) 
4 725 (739 1338 -256 ) (800 1216 -256 ) (800 1216 -96 ) (739 1338 -96 ) 
4 725 (960 1024 -256 ) (896 1024 -256 ) (739 1338 -256 ) (960 1338 -256 ) 
4 725 (960 1322 -96 ) (960 1338 -96 ) (739 1338 -96 ) (747 1322 -96 ) 
4 725 (738.992188 1338 -256 ) (738.992188 1338 -96 ) (960 1338 -96 ) (960 1338 -256 ) 
4 726 (672 1376 0 ) (672 1423.199951 0 ) (672 1423.199951 -80 ) (672 1376 -80 ) 
4 726 (672 1376 -80 ) (672 1423.199951 -80 ) (673.007996 1423.199951 -80 ) (673.007996 1375.496094 -80 ) 
4 726 (673.007996 1421.839966 -78.577499 ) (673.007996 1421.839966 -0.961527 ) (673.007996 1406.160034 -0.961526 ) (673.007996 1406.160034 -78.577499 ) 
4 726 (672.400024 1423.199951 -67.599998 ) (673.007996 1423.199951 -67.599998 ) (673.007996 1423.199951 -78.800003 ) (672.400024 1423.199951 -78.800003 ) 
4 726 (673.007996 1423.199951 -9.200000 ) (673.007996 1423.199951 -67.599998 ) (672.400024 1423.199951 -67.599998 ) (672.400024 1423.199951 -9.200000 ) 
4 726 (672 1376 0 ) (672 1376 -80 ) (673.007996 1375.495728 -80 ) (673.007996 1375.495728 0 ) 
4 727 (672 1636 -80 ) (672 1636 0 ) (658 1636 0 ) (658 1636 -80 ) 
4 727 (658 1700 0 ) (658 1700 -80 ) (658 1636 -80 ) (658 1636 0 ) 
4 727 (658 1700 -80 ) (658 1700 0 ) (672 1700 0 ) (672 1700 -80 ) 
4 727 (672 1636 -80 ) (658 1636 -80 ) (658 1700 -80 ) (672 1700 -80 ) 
4 728 (256 1024 -32 ) (256 1024 -192 ) (256 1152 -192 ) (256 1152 -32 ) 
4 728 (0 1152 -32 ) (256 1152 -32 ) (256 1152 -192 ) (0 1152 -192 ) 
4 728 (256 1024 -192 ) (0 1024 -192 ) (0 1152 -192 ) (256 1152 -192 ) 
4 728 (0 1024 -32 ) (256 1024 -32 ) (256 1152 -32 ) (0 1152 -32 ) 
4 729 (0 1500 -1338 ) (620 1500 -1338 ) (620 1500 -1546 ) (0 1500 -1546 ) 
4 729 (620 1500 -1338 ) (0 1500 -1338 ) (0 1024 -1338 ) (620 1024 -1338 ) 
4 729 (620 1024 -1546 ) (0 1024 -1546 ) (0 1500 -1546 ) (620 1500 -1546 ) 
4 729 (620 1024 -1338 ) (620 1024 -1546 ) (620 1500 -1546 ) (620 1500 -1338 ) 
4 730 (0 0 960 ) (0 0 816 ) (288 0 816 ) (288 0 960 ) 
4 730 (0 0 816 ) (0 0 768 ) (1024 0 768 ) (1024 0 816 ) 
5 730 (492 256 768 ) (480 256 768 ) (352 320 768 ) (288 448 768 ) (288 460 768 ) 
5 730 (800 460 768 ) (800 448 768 ) (736 320 768 ) (608 256 768 ) (596 256 768 ) 
4 730 (328 420 768 ) (288 460 768 ) (288 576 768 ) (328 656 768 ) 
6 730 (800 576 768 ) (800 568 768 ) (798.857117 565.142883 768 ) (596 768 768 ) (608 768 768 ) (736 704 768 ) 
15 730 (760 468 768 ) (728 388 768 ) (668 328 768 ) (588 296 768 ) (500 296 768 ) (420 328 768 ) (360 388 768 ) (328 468 768 ) (328 656 768 ) (352 704 768 ) (400 728 768 ) (588 728 768 ) (668 696 768 ) (728 636 768 ) (760 556 768 ) 
4 730 (480 768 768 ) (488 768 768 ) (588 728 768 ) (400 728 768 ) 
3 730 (728 636 768 ) (760 604 768 ) (760 556 768 ) 
3 730 (500 296 768 ) (452 296 768 ) (420 328 768 ) 
3 730 (488 768 768 ) (596 768 768 ) (668 696 768 ) 
3 730 (798.857117 565.142883 768 ) (760 468 768 ) (760 604 768 ) 
3 730 (360 388 768 ) (328 420 768 ) (328 468 768 ) 
3 730 (800 568 768 ) (800 460 768 ) (728 388 768 ) 
3 730 (668 328 768 ) (636 296 768 ) (588 296 768 ) 
4 730 (636 296 768 ) (596 256 768 ) (492 256 768 ) (452 296 768 ) 
4 730 (1024 1024 960 ) (0 1024 960 ) (0 0 960 ) (1024 0 960 ) 
3 731 (936 928 68 ) (932.571411 928 72.571442 ) (924 928 76 ) 
3 731 (948 928 52 ) (941.142822 928 69.142860 ) (932.571411 928 72.571442 ) 
3 731 (941.142822 928 69.142860 ) (937.913025 928 77.217422 ) (904 928 84 ) 
3 731 (956 928 32 ) (950.666748 928 74.666679 ) (937.913025 928 77.217422 ) 
3 731 (824 928 84 ) (812.571472 928 81.714294 ) (804 928 76 ) 
4 731 (960 928 0 ) (1024 928 0 ) (1024 928 60 ) (950.666748 928 74.666679 ) 
3 731 (800 928 79.200005 ) (800 928 73.333321 ) (812.571472 928 81.714294 ) 
3 731 (1024 928 60 ) (1024 928 88 ) (884 928 88 ) 
3 731 (800 928 88 ) (800 928 79.200005 ) (844 928 88 ) 
4 731 (800 928 136 ) (800 928 88 ) (1024 928 88 ) (1024 928 164 ) 
4 732 (1024 736 164 ) (800 736 136 ) (800 928 136 ) (1024 928 164 ) 
4 733 (948.001953 736 51.996132 ) (948.001953 928 51.996136 ) (935.996704 928 68.002174 ) (935.996643 736 68.002213 ) 
4 733 (955.997681 736 32.005718 ) (955.997681 928 32.005726 ) (948 928 52 ) (948 736 52 ) 
4 733 (960.001343 928 0 ) (956.001404 928 31.996580 ) (956 736 31.998356 ) (960 736 0 ) 
4 733 (904.002197 928 84 ) (883.997742 928 88 ) (883.997742 736 88 ) (904.002319 736 84 ) 
4 733 (884 928 88 ) (844 928 88 ) (844 736 88 ) (884 736 88 ) 
4 733 (824.005066 736 84.002007 ) (843.995667 736 88 ) (843.995667 928 88 ) (824.004333 928 84.001740 ) 
4 733 (800 736 73.335922 ) (803.990295 736 75.996109 ) (803.990295 928 75.996117 ) (800 928 73.335930 ) 
4 733 (804.008118 928 76.004417 ) (804.008118 736 76.004417 ) (823.993225 736 83.998642 ) (823.993225 928 83.998642 ) 
4 733 (903.996948 928 84 ) (903.996948 736 84 ) (924.002686 736 75.998215 ) (924.002686 928 75.998222 ) 
4 733 (924 928 76 ) (924 736 76 ) (936.006836 736 67.995461 ) (936.006836 928 67.995461 ) 
4 734 (976 160 288 ) (912 160 288 ) (912 160 256 ) (976 160 256 ) 
4 734 (1024 160 256 ) (1024 160 288 ) (1023 160 288 ) (1023 160 256 ) 
4 734 (864 160 0 ) (1024 160 0 ) (1024 160 256 ) (864 160 256 ) 
3 734 (864 192 0 ) (864 160 0 ) (864 160 192 ) 
3 734 (924 736 76 ) (932.571411 736 72.571442 ) (936 736 68 ) 
3 734 (932.571411 736 72.571442 ) (941.142822 736 69.142860 ) (948 736 52 ) 
3 734 (904 736 84 ) (937.913025 736 77.217422 ) (941.142822 736 69.142860 ) 
3 734 (937.913025 736 77.217422 ) (950.666748 736 74.666679 ) (956 736 32 ) 
4 734 (950.666748 736 74.666679 ) (1024 736 60 ) (1024 736 0 ) (960 736 0 ) 
3 734 (884 736 88 ) (1024 736 88 ) (1024 736 60 ) 
4 734 (864 736 144 ) (1024 736 164 ) (1024 736 88 ) (864 736 88 ) 
4 735 (800 504 113 ) (800 504 132 ) (800 508 132 ) (800 508 113 ) 
4 735 (800 516 0 ) (800 504 0 ) (800 504 113 ) (800 516 113 ) 
4 735 (800 520 0 ) (800 516 0 ) (800 516 132 ) (800 520 132 ) 
4 735 (800 516 369 ) (800 516 204 ) (800 508 204 ) (800 508 369 ) 
4 735 (800 516 388 ) (800 520 388 ) (800 520 142 ) (800 516 142 ) 
4 735 (800 504 142 ) (800 504 388 ) (800 508 388 ) (800 508 142 ) 
4 735 (800 576 0 ) (800 520 0 ) (800 520 398 ) (800 576 398 ) 
4 735 (800 576 460 ) (800 576 398 ) (800 516 398 ) (800 516 460 ) 
4 735 (800 508 704 ) (800 576 704 ) (800 576 460 ) (800 508 460 ) 
4 735 (800 504 398 ) (800 504 704 ) (800 508 704 ) (800 508 398 ) 
4 735 (800 504 0 ) (800 448 0 ) (800 448 704 ) (800 504 704 ) 
4 735 (800 448 768 ) (800 460 768 ) (800 460 704 ) (800 448 704 ) 
4 735 (800 568 768 ) (800 576 768 ) (800 576 704 ) (800 568 704 ) 
4 735 (800 460 768 ) (800 568 768 ) (800 568 704 ) (800 460 704 ) 
4 735 (800 160 288 ) (800 160 256 ) (864 160 256 ) (864 160 288 ) 
4 735 (800 160 256 ) (800 160 192 ) (864 160 192 ) (864 160 256 ) 
5 735 (800 160 304 ) (800 160 288 ) (856 160 288 ) (856 160 299.500031 ) (848 160 304 ) 
3 735 (856 160 288 ) (864 160 288 ) (856 160 300 ) 
4 735 (864 736 144 ) (864 736 88 ) (800 736 88 ) (800 736 136 ) 
3 735 (844 736 88 ) (800 736 79.200005 ) (800 736 88 ) 
3 735 (812.571472 736 81.714294 ) (800 736 73.333321 ) (800 736 79.200005 ) 
3 735 (804 736 76 ) (812.571472 736 81.714294 ) (824 736 84 ) 
4 735 (864 191.998672 0 ) (864 160 191.992081 ) (800 160 191.992081 ) (800 191.998657 0 ) 
4 736 (976 128 288 ) (912 128 288 ) (912 160 288 ) (976 160 288 ) 
4 736 (1024 128 288 ) (1023 128 288 ) (1023 160 288 ) (1024 160 288 ) 
4 736 (864 160 288 ) (864 128 288 ) (856 128 300.002472 ) (856 160 300.002472 ) 
4 737 (800 160 304 ) (848 160 304 ) (848 128 304 ) (800 128 304 ) 
4 738 (856 128 300 ) (856 128 299.500061 ) (856 160 299.500061 ) (856 160 300 ) 
4 738 (848 128 304 ) (848 160 304 ) (856 160 299.499268 ) (856 128 299.499268 ) 
4 739 (976 160 256 ) (976 128 256 ) (976 128 288 ) (976 160 288 ) 
4 739 (1023 128 256 ) (976 128 256 ) (976 160 256 ) (1023 160 256 ) 
4 739 (1023 160 288 ) (1023 128 288 ) (1023 128 256 ) (1023 160 256 ) 
4 740 (912 128 256 ) (864 128 256 ) (864 160 256 ) (912 160 256 ) 
4 740 (864 160 256 ) (864 128 256 ) (864 128 288 ) (864 160 288 ) 
4 740 (912 160 288 ) (912 128 288 ) (912 128 256 ) (912 160 256 ) 
4 741 (992 32 304 ) (896 32 304 ) (896 32 256 ) (992 32 256 ) 
4 741 (1024 32 256 ) (1024 32 304 ) (1008 32 304 ) (1008 32 256 ) 
4 741 (880 32 304 ) (800 32 304 ) (800 32 256 ) (880 32 256 ) 
4 741 (800 32 256 ) (800 32 271 ) (800 128 271 ) (800 128 256 ) 
3 741 (856 128 300 ) (864 128 288 ) (856 128 288 ) 
5 741 (848 128 304 ) (856 128 299.500031 ) (856 128 288 ) (800 128 288 ) (800 128 304 ) 
4 741 (1023 128 288 ) (1024 128 288 ) (1024 128 256 ) (1023 128 256 ) 
4 741 (864 128 288 ) (864 128 256 ) (800 128 256 ) (800 128 288 ) 
4 741 (912 128 288 ) (976 128 288 ) (976 128 256 ) (912 128 256 ) 
4 741 (1024 32 256 ) (800 32 256 ) (800 128 256 ) (1024 128 256 ) 
4 742 (596 768 704 ) (608 768 704 ) (608 768 768 ) (596 768 768 ) 
4 742 (480 768 704 ) (488 768 704 ) (488 768 768 ) (480 768 768 ) 
4 742 (488 768 704 ) (596 768 704 ) (596 768 768 ) (488 768 768 ) 
4 743 (330 660 704 ) (352 704 704 ) (352 704 720 ) (330 660 720 ) 
4 743 (328 656 720 ) (328 656 704 ) (330 660 704 ) (330 660 720 ) 
4 743 (328 656 768 ) (328 656 720 ) (352 704 720 ) (352 704 768 ) 
4 744 (399.998108 728 768 ) (399.998108 728 704 ) (479.998444 768 704 ) (479.998444 768 768 ) 
4 745 (352 704.001282 768 ) (352 704.001282 720 ) (399.998108 728 720 ) (399.998108 728 768 ) 
4 746 (360 387.997803 704 ) (419.997650 328 704 ) (419.997650 328 720 ) (360 387.997803 720 ) 
4 746 (668 328 704 ) (728 388 704 ) (728 388 720 ) (668 328 720 ) 
4 746 (328 556 704 ) (328 468 704 ) (328 468 720 ) (328 556 720 ) 
4 746 (728 636 704 ) (668 696 704 ) (668 696 720 ) (728 636 720 ) 
4 746 (420 696 720 ) (499.997375 728 720 ) (499.997375 728 704 ) (420 696 704 ) 
4 746 (360.001099 636.001099 704 ) (328 555.998901 704 ) (328 555.998901 720 ) (360.001099 636.001099 720 ) 
4 746 (500 728 720 ) (588 728 720 ) (588 728 704 ) (500 728 704 ) 
4 746 (420.003693 327.996338 720 ) (420.003693 327.996338 704 ) (499.994690 296 704 ) (499.994690 296 720 ) 
4 746 (760 556 720 ) (760 468 720 ) (760 468 704 ) (760 556 704 ) 
4 746 (328 467.998657 720 ) (328 467.998657 704 ) (359.998993 388.001038 704 ) (359.998993 388.001038 720 ) 
4 746 (500 296 704 ) (588 296 704 ) (588 296 720 ) (500 296 720 ) 
4 746 (587.995911 296 720 ) (587.995911 296 704 ) (668.003662 328.003845 704 ) (668.003662 328.003845 720 ) 
4 746 (727.998291 387.996338 720 ) (727.998291 387.996338 704 ) (760 468 704 ) (760 468 720 ) 
4 746 (667.995789 696.002991 720 ) (667.995789 696.002991 704 ) (588.003540 728 704 ) (588.003540 728 720 ) 
4 746 (760 556.003113 720 ) (760 556.003113 704 ) (728.001953 635.998047 704 ) (728.001953 635.998047 720 ) 
16 746 (360 636 720 ) (328 556 720 ) (328 468 720 ) (360 388 720 ) (420.001526 327.998474 720 ) (499.998077 296 720 ) (588 296 720 ) (668 328 720 ) (728 388 720 ) (760 468 720 ) (760 556 720 ) (728 636 720 ) (668 696 720 ) (588 728 720 ) (500 728 720 ) (420 696 720 ) 
4 746 (420 696 720 ) (420 696 704 ) (359.996490 635.996460 704 ) (359.996490 635.996460 720 ) 
4 747 (400 728 704 ) (400 728 720 ) (352 704 720 ) (352 704 704 ) 
4 748 (735.996765 704.006470 768 ) (735.996765 704.006470 704 ) (800 576 704 ) (800 576 768 ) 
4 749 (736 704 768 ) (608 768 768 ) (608 768 704 ) (736 704 704 ) 
4 750 (288 576.002991 768 ) (288 576.002991 704 ) (328 656.002930 704 ) (328 656.002930 768 ) 
4 751 (735.995728 319.997864 768 ) (735.995728 319.997864 704 ) (608 256 704 ) (608 256 768 ) 
4 752 (736 320 768 ) (800 448 768 ) (800 448 704 ) (736 320 704 ) 
4 753 (352 320 704 ) (288 448 704 ) (288 448 768 ) (352 320 768 ) 
4 754 (480 256 768 ) (480 256 704 ) (352.005798 319.997101 704 ) (352.005798 319.997101 768 ) 
4 755 (480 256 768 ) (492 256 768 ) (492 256 704 ) (480 256 704 ) 
4 755 (596 256 768 ) (608 256 768 ) (608 256 704 ) (596 256 704 ) 
4 755 (492 256 768 ) (596 256 768 ) (596 256 704 ) (492 256 704 ) 
4 756 (288 256 400 ) (288 256 128 ) (384 256 128 ) (384 256 400 ) 
4 756 (352 320 128 ) (288.001404 447.997223 128 ) (288.001404 447.997223 704 ) (352 320 704 ) 
3 756 (384 256 128 ) (288 256 128 ) (288 448 128 ) 
4 757 (384 256 400 ) (384 256 128 ) (480 256 128 ) (480 256 400 ) 
3 757 (480 256 128 ) (384 256 128 ) (352 320 128 ) 
4 757 (480 256 704 ) (480 256 128 ) (352.005798 319.997101 128 ) (352.005768 319.997101 704 ) 
3 758 (780 928 52 ) (773.400024 928 43.200081 ) (772 928 32 ) 
3 758 (792 928 68 ) (775.090942 928 56.727306 ) (773.400024 928 43.200081 ) 
3 758 (768 928 52 ) (768 928 0 ) (775.090942 928 56.727306 ) 
4 758 (768 928 132 ) (768 928 52 ) (800 928 73.333344 ) (800 928 136 ) 
4 759 (800 736 136 ) (768 736 132 ) (768 928 132 ) (800 928 136 ) 
4 760 (779.997742 736 51.994408 ) (792.003174 736 68.001633 ) (792.003174 928 68.001633 ) (779.997742 928 51.994408 ) 
4 760 (792.004883 736 68.006546 ) (800 736 73.336571 ) (800 928 73.335922 ) (792.003967 928 68.005219 ) 
4 760 (768 736 0 ) (772 736 32 ) (772 928 32 ) (768 928 0 ) 
4 760 (771.997559 928 31.988062 ) (771.997559 736 31.988060 ) (780.005676 736 52.006447 ) (780.005676 928 52.006435 ) 
4 761 (800 516 460 ) (798 516 460 ) (798 508 460 ) (800 508 460 ) 
4 761 (798 508 398 ) (800 508 398 ) (800 508 460 ) (798 508 460 ) 
4 761 (798 516 460 ) (800 516 460 ) (800 516 398 ) (798 516 398 ) 
4 761 (798 516 460 ) (798 516 398 ) (798 508 398 ) (798 508 460 ) 
4 762 (794 508 460 ) (794 508 398 ) (794 516 398 ) (794 516 460 ) 
4 762 (792 516 460 ) (794 516 460 ) (794 516 398 ) (792 516 398 ) 
4 762 (792 508 460 ) (792 508 398 ) (794 508 398 ) (794 508 460 ) 
4 762 (794 516 460 ) (792 516 460 ) (792 508 460 ) (794 508 460 ) 
4 763 (798 516 388 ) (798 520 388 ) (800 520 388 ) (800 516 388 ) 
4 763 (800 504 388 ) (798 504 388 ) (798 508 388 ) (800 508 388 ) 
4 763 (798 520 398 ) (798 520 388 ) (798 504 388 ) (798 504 398 ) 
4 763 (798 504 388 ) (800 504 388 ) (800 504 398 ) (798 504 398 ) 
4 763 (800 508 398 ) (798 508 398 ) (798 504 398 ) (800 504 398 ) 
4 763 (798 516 398 ) (800 516 398 ) (800 520 398 ) (798 520 398 ) 
4 763 (798 520 388 ) (798 520 398 ) (800 520 398 ) (800 520 388 ) 
4 764 (792 516 388 ) (792 520 388 ) (794 520 388 ) (794 516 388 ) 
4 764 (794 504 388 ) (792 504 388 ) (792 508 388 ) (794 508 388 ) 
4 764 (794 520 388 ) (792 520 388 ) (792 520 398 ) (794 520 398 ) 
4 764 (794 516 398 ) (794 520 398 ) (792 520 398 ) (792 516 398 ) 
4 764 (794 508 398 ) (792 508 398 ) (792 504 398 ) (794 504 398 ) 
4 764 (792 504 398 ) (792 504 388 ) (794 504 388 ) (794 504 398 ) 
4 764 (794 504 398 ) (794 504 388 ) (794 520 388 ) (794 520 398 ) 
4 765 (798 516 388 ) (798 516 369 ) (798 508 369 ) (798 508 388 ) 
4 765 (800 508 369 ) (798 508 369 ) (798 516 369 ) (800 516 369 ) 
4 765 (798 516 369 ) (798 516 388 ) (800 516 388 ) (800 516 369 ) 
4 765 (800 508 369 ) (800 508 388 ) (798 508 388 ) (798 508 369 ) 
4 766 (794 508 388 ) (792 508 388 ) (792 508 369 ) (794 508 369 ) 
4 766 (794 516 369 ) (792 516 369 ) (792 516 388 ) (794 516 388 ) 
4 766 (794 508 369 ) (792 508 369 ) (792 516 369 ) (794 516 369 ) 
4 766 (794 508 388 ) (794 508 369 ) (794 516 369 ) (794 516 388 ) 
4 767 (800 516 204 ) (798 516 204 ) (798 508 204 ) (800 508 204 ) 
4 767 (798 516 204 ) (800 516 204 ) (800 516 142 ) (798 516 142 ) 
4 767 (798 508 142 ) (800 508 142 ) (800 508 204 ) (798 508 204 ) 
4 767 (798 508 142 ) (798 508 204 ) (798 516 204 ) (798 516 142 ) 
4 768 (794 516 142 ) (794 516 204 ) (794 508 204 ) (794 508 142 ) 
4 768 (792 508 142 ) (794 508 142 ) (794 508 204 ) (792 508 204 ) 
4 768 (792 516 204 ) (794 516 204 ) (794 516 142 ) (792 516 142 ) 
4 768 (794 516 204 ) (792 516 204 ) (792 508 204 ) (794 508 204 ) 
4 769 (800 504 132 ) (798 504 132 ) (798 508 132 ) (800 508 132 ) 
4 769 (798 516 132 ) (798 520 132 ) (800 520 132 ) (800 516 132 ) 
4 769 (798 520 132 ) (798 504 132 ) (798 504 142 ) (798 520 142 ) 
4 769 (798 504 132 ) (800 504 132 ) (800 504 142 ) (798 504 142 ) 
4 769 (798 520 132 ) (798 520 142 ) (800 520 142 ) (800 520 132 ) 
4 769 (800 508 142 ) (798 508 142 ) (798 504 142 ) (800 504 142 ) 
4 769 (798 516 142 ) (800 516 142 ) (800 520 142 ) (798 520 142 ) 
4 770 (794 504 132 ) (792 504 132 ) (792 508 132 ) (794 508 132 ) 
4 770 (792 516 132 ) (792 520 132 ) (794 520 132 ) (794 516 132 ) 
4 770 (794 516 142 ) (794 520 142 ) (792 520 142 ) (792 516 142 ) 
4 770 (794 508 142 ) (792 508 142 ) (792 504 142 ) (794 504 142 ) 
4 770 (794 520 132 ) (792 520 132 ) (792 520 142 ) (794 520 142 ) 
4 770 (792 504 142 ) (792 504 132 ) (794 504 132 ) (794 504 142 ) 
4 770 (794 520 142 ) (794 504 142 ) (794 504 132 ) (794 520 132 ) 
4 771 (798 516 132 ) (798 516 113 ) (798 508 113 ) (798 508 132 ) 
4 771 (798 508 113 ) (800 508 113 ) (800 508 132 ) (798 508 132 ) 
4 771 (798 516 113 ) (798 516 132 ) (800 516 132 ) (800 516 113 ) 
4 771 (798 516 113 ) (800 516 113 ) (800 508 113 ) (798 508 113 ) 
4 772 (792 508 113 ) (792 516 113 ) (794 516 113 ) (794 508 113 ) 
4 772 (794 516 113 ) (792 516 113 ) (792 516 132 ) (794 516 132 ) 
4 772 (792 508 113 ) (794 508 113 ) (794 508 132 ) (792 508 132 ) 
4 772 (794 508 132 ) (794 508 113 ) (794 516 113 ) (794 516 132 ) 
4 773 (800 575.996948 0 ) (800 575.996948 398 ) (792 591.996948 398 ) (792 591.996948 0 ) 
4 773 (800 575.996948 398 ) (800 575.996948 460 ) (792 591.996948 460 ) (792 591.996948 398 ) 
4 773 (800 575.996948 460 ) (800 575.996948 704 ) (792 591.996948 704 ) (792 591.996948 460 ) 
4 773 (792 736 135 ) (800 736 136 ) (800 736 73.333344 ) (792 736 68 ) 
4 774 (792 504 364 ) (768 488 364 ) (768 536 364 ) (792 520 364 ) 
4 774 (792 508 369 ) (792 508 364 ) (792 516 364 ) (792 516 369 ) 
4 774 (792 516 364 ) (792 520 364 ) (792 520 388 ) (792 516 388 ) 
4 774 (792 508 364 ) (792 508 388 ) (792 504 388 ) (792 504 364 ) 
4 774 (792 520 460 ) (792 516 460 ) (792 516 398 ) (792 520 398 ) 
4 774 (792 520 464 ) (792 508 464 ) (792 508 460 ) (792 520 460 ) 
4 774 (792 508 398 ) (792 508 464 ) (792 504 464 ) (792 504 398 ) 
4 774 (768 487.994415 464 ) (768 487.994415 364 ) (792 503.996521 364 ) (792 503.996521 464 ) 
4 774 (792 520 464 ) (768 536 464 ) (768 488 464 ) (792 504 464 ) 
4 774 (792 520.002625 364 ) (768 536.002625 364 ) (768 536 464 ) (792 520 464 ) 
4 775 (792 504 108 ) (768 488 108 ) (768 536 108 ) (792 520 108 ) 
4 775 (792 520 208 ) (768 536 208 ) (768 488 208 ) (792 504 208 ) 
4 775 (768 487.994385 208 ) (768 487.994385 108 ) (792 503.996521 108 ) (792 503.996521 208 ) 
4 775 (792 508 142 ) (792 508 208 ) (792 504 208 ) (792 504 142 ) 
4 775 (792 516 208 ) (792 516 142 ) (792 520 142 ) (792 520 208 ) 
4 775 (792 508 208 ) (792 508 204 ) (792 516 204 ) (792 516 208 ) 
4 775 (792 520 108 ) (792 520 132 ) (792 516 132 ) (792 516 108 ) 
4 775 (792 516 108 ) (792 516 113 ) (792 504 113 ) (792 504 108 ) 
4 775 (792 508 113 ) (792 508 132 ) (792 504 132 ) (792 504 113 ) 
4 775 (792 520.002625 108 ) (768 536.002625 108 ) (768 536 208 ) (792 520 208 ) 
4 776 (768 639.997131 208 ) (768 639.997131 108 ) (792 591.996948 108 ) (792 591.996948 208 ) 
4 776 (768 639.997131 108 ) (768 639.997131 0 ) (792 591.996948 0 ) (792 591.996948 108 ) 
4 776 (768 639.997131 464 ) (768 639.997131 364 ) (792 591.996948 364 ) (792 591.996948 464 ) 
4 776 (768 639.997131 364 ) (768 639.997131 208 ) (792 591.996948 208 ) (792 591.996948 364 ) 
4 776 (768 639.997131 704 ) (768 639.997131 464 ) (792 591.996948 464 ) (792 591.996948 704 ) 
3 776 (772 736 32 ) (773.400024 736 43.200081 ) (780 736 52 ) 
3 776 (773.400024 736 43.200081 ) (775.090942 736 56.727306 ) (792 736 68 ) 
3 776 (775.090942 736 56.727306 ) (768 736 0 ) (768 736 52 ) 
4 776 (792 736 135 ) (792 736 68 ) (768 736 52 ) (768 736 132 ) 
4 777 (736 960 0 ) (736 928 0 ) (736 928 488 ) (736 960 488 ) 
4 777 (736 928 128 ) (736 928 0 ) (768 928 0 ) (768 928 132 ) 
4 777 (768 1024 0 ) (736 960.001953 0 ) (736 960.001953 512 ) (768 1024 512 ) 
4 778 (768 1024 512 ) (768 1023.998596 512 ) (736 959.998413 512 ) (736 1024 512 ) 
4 779 (736 768 128 ) (736 768 488 ) (736 784 488 ) (736 784 128 ) 
3 779 (736 880 304 ) (736 880 272 ) (736 832 288 ) 
4 779 (736 880 488 ) (736 880 304 ) (736 784 272 ) (736 784 488 ) 
4 779 (736 928 488 ) (736 928 128 ) (736 880 128 ) (736 880 488 ) 
4 779 (768 768 132 ) (736 768 128 ) (736 928 128 ) (768 928 132 ) 
4 780 (576 768 512 ) (608 768 512 ) (608 768 576 ) (576 768 576 ) 
4 780 (480 768 512 ) (512 768 512 ) (512 768 576 ) (480 768 576 ) 
4 780 (608 768 576 ) (608 768 704 ) (480 768 704 ) (480 768 576 ) 
3 780 (320 1024 512 ) (352 1024 512 ) (352 960 512 ) 
4 780 (352 960 512 ) (352 1024 512 ) (384 1024 512 ) (384 944 512 ) 
4 780 (384 944 512 ) (384 1024 512 ) (480 1024 512 ) (480 896 512 ) 
4 780 (480 896 512 ) (480 920 512 ) (500 920 512 ) (500 896 512 ) 
4 780 (584 920 512 ) (608 920 512 ) (608 896 512 ) (584 896 512 ) 
4 780 (480 920 512 ) (480 1024 512 ) (608 1024 512 ) (608 920 512 ) 
4 780 (608 896 512 ) (608 1024 512 ) (704 1024 512 ) (704 944 512 ) 
4 780 (736 1024 512 ) (736 960 512 ) (704 944 512 ) (704 1024 512 ) 
4 781 (736 960.001709 512 ) (736 960.001709 488 ) (704 944 488 ) (704 944 512 ) 
4 781 (736 880 488 ) (704 880 488 ) (704 944 488 ) (736 960 488 ) 
4 782 (736 784 488 ) (704 784 488 ) (704 880 488 ) (736 880 488 ) 
4 783 (724 784 224 ) (736 784 224 ) (736 784 272 ) (724 784 272 ) 
5 783 (724 880 224 ) (724 784 224 ) (724 784 272 ) (724 832.001221 288 ) (724 880 272 ) 
4 783 (724 880 272 ) (736 880 272 ) (736 880 224 ) (724 880 224 ) 
4 783 (724 831.996460 288.001160 ) (724 784 272.002319 ) (736 784 272.002319 ) (736 831.996460 288.001190 ) 
4 783 (736 880 272.001587 ) (724 880 272.001587 ) (724 832.012268 287.997223 ) (736 832.012268 287.997223 ) 
4 784 (704 784 272 ) (704 784 224 ) (716 784 224 ) (716 784 272 ) 
4 784 (704 832.004883 288 ) (716 832.004883 288 ) (716 880 272.001312 ) (704 880 272.001312 ) 
4 784 (704 831.996460 288.001160 ) (704 784 272.002319 ) (716 784 272.002319 ) (716 831.996460 288.001190 ) 
4 784 (716 880 272 ) (716 880 224 ) (704 880 224 ) (704 880 272 ) 
5 784 (716 784 224 ) (716 880 224 ) (716 880 271.994843 ) (716 831.984375 288 ) (716 784 272.005280 ) 
4 785 (704 784 224 ) (704 784 128 ) (736 784 128 ) (736 784 224 ) 
4 785 (724 880 224 ) (716 880 224 ) (716 784 224 ) (724 784 224 ) 
4 785 (736 784 128 ) (704 784 128 ) (704 880 128 ) (736 880 128 ) 
4 785 (736 880 224 ) (736 880 128 ) (704 880 128 ) (704 880 224 ) 
4 786 (704 768 488 ) (704 784 488 ) (736 784 488 ) (736 768 488 ) 
4 787 (704 944 464 ) (704 768 464 ) (608 768 464 ) (608 896 464 ) 
4 787 (608 888 496 ) (608 896 496 ) (608 896 480 ) (608 888 480 ) 
4 787 (608 896 464 ) (608 856 464 ) (608 856 480 ) (608 896 480 ) 
4 787 (704 784 464 ) (704 784 488 ) (704 768 488 ) (704 768 464 ) 
4 787 (704 880 464 ) (704 880 488 ) (704 784 488 ) (704 784 464 ) 
4 787 (704 944 464 ) (704 944 488 ) (704 880 488 ) (704 880 464 ) 
4 787 (704 944 512 ) (704 944 464 ) (608 896 464 ) (608 896 512 ) 
4 788 (584 896 512 ) (584 896 496 ) (584 920 496 ) (584 920 512 ) 
4 788 (500 920 512 ) (584 920 512 ) (584 920 496 ) (500 920 496 ) 
4 788 (584 896 496 ) (500 896 496 ) (500 920 496 ) (584 920 496 ) 
4 788 (500 920 512 ) (500 920 496 ) (500 896 496 ) (500 896 512 ) 
4 789 (480 888 496 ) (480 896 496 ) (608 896 496 ) (608 888 496 ) 
4 789 (500 896 512 ) (500 896 496 ) (480 896 496 ) (480 896 512 ) 
4 789 (584 896 512 ) (608 896 512 ) (608 896 496 ) (584 896 496 ) 
4 790 (608 856 480 ) (480 856 480 ) (480 888 480 ) (608 888 480 ) 
4 790 (480 888 496 ) (608 888 496 ) (608 888 480 ) (480 888 480 ) 
4 791 (608 768 512 ) (576 768 512 ) (576 768 464 ) (608 768 464 ) 
4 791 (512 768 512 ) (480 768 512 ) (480 768 464 ) (512 768 464 ) 
4 791 (608 856 464 ) (608 768 464 ) (480 768 464 ) (480 856 464 ) 
4 791 (608 856 480 ) (608 856 464 ) (480 856 464 ) (480 856 480 ) 
4 792 (384 768 464 ) (384 944 464 ) (480 896 464 ) (480 768 464 ) 
4 792 (480 896 480 ) (480 856 480 ) (480 856 464 ) (480 896 464 ) 
4 792 (480 888 480 ) (480 896 480 ) (480 896 496 ) (480 888 496 ) 
4 792 (480 896 512 ) (480 896 464 ) (384 944 464 ) (384 944 512 ) 
3 793 (384 768 320 ) (384 784 336 ) (384 784 320 ) 
5 793 (384 784 336 ) (384 832 384 ) (384 880 336 ) (384 880 320 ) (384 784 320 ) 
3 793 (384 880 336 ) (384 896 320 ) (384 880 320 ) 
4 793 (384 768 320 ) (384 776 320 ) (704 776 320 ) (704 768 320 ) 
4 793 (384 888 320 ) (384 896 320 ) (704 896 320 ) (704 888 320 ) 
4 793 (384 832 384 ) (704 832 384 ) (704 896.002380 320 ) (384 896.002380 320 ) 
3 793 (704 896 320 ) (704 880 336 ) (704 880 320 ) 
5 793 (704 880 320 ) (704 880 336 ) (704 832 384 ) (704 784 336 ) (704 784 320 ) 
3 793 (704 784 320 ) (704 784 336 ) (704 768 320 ) 
4 793 (704 832.001343 384.001373 ) (384 832.001343 384.001373 ) (384 768 320 ) (704 768 320 ) 
4 794 (384 776 320 ) (384 784 320 ) (384 784 304 ) (384 776 304 ) 
4 794 (384 784 320 ) (384 880 320 ) (384 880 304 ) (384 784 304 ) 
4 794 (384 880 320 ) (384 888 320 ) (384 888 304 ) (384 880 304 ) 
4 794 (384 888 320 ) (704 888 320 ) (704 888 304 ) (384 888 304 ) 
4 794 (704 776 304 ) (704 784 304 ) (704 784 320 ) (704 776 320 ) 
4 794 (704 880 304 ) (704 880 320 ) (704 784 320 ) (704 784 304 ) 
4 794 (704 888 304 ) (704 888 320 ) (704 880 320 ) (704 880 304 ) 
4 794 (384 776 304 ) (704 776 304 ) (704 776 320 ) (384 776 320 ) 
4 795 (704 768 128 ) (704 768 304 ) (608 768 304 ) (608 768 128 ) 
4 795 (608 768 304 ) (512 768 304 ) (512 768 128 ) (608 768 128 ) 
4 795 (512 768 304 ) (480 768 304 ) (480 768 128 ) (512 768 128 ) 
4 795 (480 768 304 ) (384 768 304 ) (384 768 128 ) (480 768 128 ) 
4 795 (384 768 128 ) (384 768 304 ) (384 784 304 ) (384 784 128 ) 
3 795 (384 784 304 ) (384 832 288 ) (384 784 272 ) 
3 795 (384 784 304 ) (384 880 304 ) (384 880 272 ) 
4 795 (384 880 304 ) (384 896 304 ) (384 896 128 ) (384 880 128 ) 
4 795 (384 768 128 ) (384 896 128 ) (704 896 128 ) (704 768 128 ) 
4 795 (704 768 304 ) (704 776 304 ) (384 776 304 ) (384 768 304 ) 
4 795 (704 888 304 ) (704 896 304 ) (384 896 304 ) (384 888 304 ) 
4 795 (704 784 128 ) (704 784 304 ) (704 768 304 ) (704 768 128 ) 
3 795 (704 880 272 ) (704 880 304 ) (704 832 288 ) 
3 795 (704 880 304 ) (704 784 304 ) (704 784 272 ) 
4 795 (704 896 128 ) (704 896 304 ) (704 880 304 ) (704 880 128 ) 
4 795 (384 896 304 ) (704 896 304 ) (704 896 128 ) (384 896 128 ) 
4 796 (384 784 464 ) (352 784 464 ) (352 880 464 ) (384 880 464 ) 
4 796 (352 880 464 ) (352 960 464 ) (384 944 464 ) (384 880 464 ) 
4 796 (384 944 512 ) (384 944 464 ) (352 960 464 ) (352 960 512 ) 
4 797 (352 784 272 ) (352 784 128 ) (384 784 128 ) (384 784 272 ) 
4 797 (384 880 272.002167 ) (352 880 272.002167 ) (352 832.003296 288.001068 ) (384 832.003296 288.001068 ) 
4 797 (352 880 128 ) (352 880 272 ) (384 880 272 ) (384 880 128 ) 
4 797 (384 784 128 ) (352 784 128 ) (352 880 128 ) (384 880 128 ) 
4 797 (384 831.993958 288 ) (352 831.993958 288 ) (352 784 272.002533 ) (384 784 272.002533 ) 
4 798 (352 768 464 ) (352 784 464 ) (384 784 464 ) (384 768 464 ) 
4 799 (352 960 512 ) (352 960 128 ) (320 1024 128 ) (320 1024 512 ) 
4 799 (352 784 128 ) (352 784 464 ) (352 768 464 ) (352 768 128 ) 
3 799 (352 832 288 ) (352 784 304 ) (352 784 272 ) 
4 799 (352 880 272 ) (352 880 464 ) (352 784 464 ) (352 784 304 ) 
4 799 (352 960 128 ) (352 960 464 ) (352 880 464 ) (352 880 128 ) 
4 799 (320 1024 128 ) (352 960 128 ) (352 768 128 ) (320 768 128 ) 
3 800 (352 704 464 ) (352 768 464 ) (480 768 464 ) 
4 800 (352 704 704 ) (352 704 464 ) (479.997955 767.998962 464 ) (479.997986 767.998962 704 ) 
4 801 (320 639.998535 704 ) (320 639.998535 128 ) (352 703.998047 128 ) (352 703.998047 704 ) 
4 801 (352 704 464 ) (352 704 128 ) (352 768 128 ) (352 768 464 ) 
4 801 (320 768 128 ) (352 768 128 ) (352 704 128 ) (320 640 128 ) 
4 802 (512 756 576 ) (512 756 464 ) (576 756 464 ) (576 756 576 ) 
4 802 (576 768 576 ) (576 756 576 ) (576 756 464 ) (576 768 464 ) 
4 802 (512 756 576 ) (512 768 576 ) (512 768 464 ) (512 756 464 ) 
4 802 (576 756 576 ) (576 768 576 ) (512 768 576 ) (512 756 576 ) 
4 802 (512 756 464 ) (512 768 464 ) (576 768 464 ) (576 756 464 ) 
4 803 (576 736 464 ) (512 736 464 ) (512 748 464 ) (576 748 464 ) 
4 803 (576 748 576 ) (512 748 576 ) (512 736 576 ) (576 736 576 ) 
4 803 (512 736 464 ) (512 736 576 ) (512 748 576 ) (512 748 464 ) 
4 803 (576 748 576 ) (576 736 576 ) (576 736 464 ) (576 748 464 ) 
4 803 (576 748 576 ) (576 748 464 ) (512 748 464 ) (512 748 576 ) 
4 804 (671.996277 704.001526 416 ) (671.996277 704.001526 704 ) (736.001343 639.996704 704 ) (736.001343 639.996704 416 ) 
4 804 (600 732.796875 432 ) (600 732.796875 416 ) (600 512 416 ) (600 512 432 ) 
4 804 (600 732.796875 448 ) (600 732.796875 432 ) (600 512 432 ) (600 512 448 ) 
4 804 (600 732.796875 592 ) (600 732.796875 576 ) (600 728 576 ) (600 728 592 ) 
4 804 (768 560 704 ) (768 560 416 ) (735.996094 640.009766 416 ) (735.996094 640.009766 704 ) 
4 804 (736.002686 384.002655 704 ) (736.002686 384.002655 416 ) (768 463.995667 416 ) (768 463.995667 704 ) 
4 804 (736 384 704 ) (744 404 704 ) (652 312 704 ) (672 320 704 ) 
4 804 (652 712 704 ) (744 620 704 ) (736 640 704 ) (672 704 704 ) 
4 804 (760 556 704 ) (760 580 704 ) (744 620 704 ) (728 636 704 ) 
4 804 (600 732.800049 704 ) (600 723.200073 704 ) (668 696 704 ) (652 712 704 ) 
4 804 (760 580 704 ) (760 468 704 ) (768 488 704 ) (768 560 704 ) 
4 804 (768 464 704 ) (768 488 704 ) (728 388 704 ) (744 404 704 ) 
5 804 (600 300.799988 704 ) (600 296 704 ) (612 296 704 ) (652 312 704 ) (668 328 704 ) 
3 804 (600 291.200012 704 ) (612 296 704 ) (600 296 704 ) 
4 804 (768 488 416 ) (768 488 704 ) (768 464 704 ) (768 464 416 ) 
4 804 (768 560 464 ) (768 560 704 ) (768 488 704 ) (768 488 464 ) 
4 804 (768 536 416 ) (768 560 416 ) (768 560 464 ) (768 536 464 ) 
4 804 (600 291.198853 416 ) (671.997864 319.997833 416 ) (671.997864 319.997833 704 ) (600 291.198853 704 ) 
4 804 (672 320 704 ) (672 320 416 ) (736.006470 384.006470 416 ) (736.006470 384.006470 704 ) 
4 804 (600 732.799744 704 ) (672 704 704 ) (672 704 576 ) (600 732.799744 576 ) 
4 804 (600 732.799744 576 ) (672 704 576 ) (672 704 416 ) (600 732.799744 416 ) 
6 805 (600 728 592 ) (488 728 592 ) (488 732.799988 592 ) (496 736 592 ) (592 736 592 ) (600 732.799988 592 ) 
4 805 (496 736 704 ) (476 728 704 ) (588 728 704 ) (568 736 704 ) 
5 805 (600 728 704 ) (600 732.800049 704 ) (592 736 704 ) (568 736 704 ) (588 728 704 ) 
4 805 (496 736 592 ) (496 736 704 ) (592 736 704 ) (592 736 592 ) 
4 805 (600 732.799744 704 ) (600 732.799744 592 ) (592 736 592 ) (592 736 704 ) 
4 805 (475.985565 728 592 ) (475.985565 728 704 ) (495.985779 736 704 ) (495.985779 736 592 ) 
4 806 (475.985565 728 592 ) (488 732.805725 592 ) (488 732.805725 576 ) (475.985565 728 576 ) 
4 806 (488 732.799988 576 ) (488 732.799988 592 ) (488 728 592 ) (488 728 576 ) 
4 807 (320 464 576 ) (320 464 704 ) (320 560 704 ) (320 560 576 ) 
4 807 (488 728 592 ) (600 728 592 ) (600 728 576 ) (488 728 576 ) 
4 807 (475.985565 728 704 ) (475.985565 728 576 ) (416.010101 704.010071 576 ) (416.010101 704.010071 704 ) 
4 807 (351.998322 639.997925 704 ) (351.998322 639.997925 576 ) (320 560.001526 576 ) (320 560.001526 704 ) 
4 807 (320 464 704 ) (320 464 576 ) (352 384 576 ) (352 384 704 ) 
4 807 (600 291.198853 576 ) (600 291.198853 704 ) (592.002808 288 704 ) (592.002808 288 576 ) 
4 807 (495.996460 288 704 ) (495.996460 288 576 ) (592 288 576 ) (592 288 704 ) 
5 807 (600 291.200012 704 ) (600 296 704 ) (476 296 704 ) (496 288 704 ) (592 288 704 ) 
3 807 (600 300.799988 704 ) (588 296 704 ) (600 296 704 ) 
4 807 (328 468 704 ) (328 444 704 ) (344 404 704 ) (360 388 704 ) 
3 807 (600 728 704 ) (588 728 704 ) (600 723.200073 704 ) 
4 807 (420 328 704 ) (436 312 704 ) (476 296 704 ) (500 296 704 ) 
4 807 (368 656 704 ) (352 640 704 ) (328 580 704 ) (328 556 704 ) 
4 807 (420 696 704 ) (400 688 704 ) (368 656 704 ) (360 636 704 ) 
4 807 (416 704 704 ) (400 688 704 ) (500 728 704 ) (476 728 704 ) 
4 807 (320 560 704 ) (320 464 704 ) (328 444 704 ) (328 580 704 ) 
4 807 (352 384 704 ) (416 320 704 ) (436 312 704 ) (344 404 704 ) 
4 807 (416 320 576 ) (416 320 704 ) (352 384 704 ) (352 384 576 ) 
4 807 (496 288 576 ) (496 288 704 ) (415.996124 320 704 ) (415.996124 320 576 ) 
4 807 (416 704 576 ) (352 640 576 ) (352 640 704 ) (416 704 704 ) 
4 808 (320 512 576 ) (320 560 576 ) (320 560 448 ) (320 512 448 ) 
5 808 (600 512 448 ) (544 512 448 ) (496 736 448 ) (591.995422 736 448 ) (600 732.798218 448 ) 
4 808 (416 704 576 ) (416 704 464 ) (352 640 464 ) (352 640 576 ) 
4 808 (416 704 448 ) (352 640 448 ) (352 640 464 ) (416 704 464 ) 
4 808 (496 736 576 ) (512 736 576 ) (512 736 448 ) (496 736 448 ) 
4 808 (512 736 448 ) (512 736 464 ) (592 736 464 ) (592 736 448 ) 
4 808 (592 736 464 ) (576 736 464 ) (576 736 576 ) (592 736 576 ) 
4 808 (351.998322 639.997925 576 ) (351.998322 639.997925 448 ) (320 560.001526 448 ) (320 560.001526 576 ) 
4 808 (600 732.799744 576 ) (600 732.799744 448 ) (592 736 448 ) (592 736 576 ) 
6 808 (488 728 576 ) (600 728 576 ) (600 732.796875 576 ) (591.992188 736 576 ) (496 736 576 ) (488 732.799988 576 ) 
4 808 (416.001343 704.001343 576 ) (495.997498 736 576 ) (496 736 448 ) (416 704 448 ) 
4 809 (320 560 448 ) (320 560 432 ) (320 512 432 ) (320 512 448 ) 
3 809 (544 512 432 ) (416 704 432 ) (496 736 432 ) 
4 809 (416 704 432 ) (352 640 432 ) (352 640 448 ) (416 704 448 ) 
4 809 (351.998322 639.997925 448 ) (351.998322 639.997925 432 ) (320 560.001526 432 ) (320 560.001526 448 ) 
4 809 (495.990387 736 432 ) (416.006073 704.006104 432 ) (416.006073 704.006104 448 ) (495.990387 736 448 ) 
4 809 (544 512 432 ) (496 735.996216 432 ) (496 735.996216 448 ) (543.998596 512 448 ) 
4 810 (320 560 432 ) (320 560 416 ) (320 512 416 ) (320 512 432 ) 
4 810 (351.998474 640.001038 416 ) (415.998596 704 416 ) (416 704 416 ) (544 512 416 ) 
4 810 (416 704 432 ) (416 704 416 ) (352 640 416 ) (352 640 432 ) 
4 810 (351.998322 639.997925 432 ) (351.998322 639.997925 416 ) (320 560.001526 416 ) (320 560.001526 432 ) 
4 810 (416 704 432 ) (544 512 432 ) (544 512 416 ) (416 704 416 ) 
4 811 (320 464 416 ) (320 464 576 ) (320 512 576 ) (320 512 416 ) 
4 811 (544 512 432 ) (600 512 432 ) (600 512 416 ) (544 512 416 ) 
4 811 (544 512 432 ) (544 512 448 ) (600 512 448 ) (600 512 432 ) 
4 811 (496 288 416 ) (496 288 576 ) (415.996124 320 576 ) (415.996124 320 416 ) 
4 811 (416 320 416 ) (416 320 576 ) (352 384 576 ) (352 384 416 ) 
4 811 (495.996460 288 576 ) (495.996460 288 416 ) (592 288 416 ) (592 288 576 ) 
4 811 (600 291.198853 416 ) (600 291.198853 576 ) (592.002808 288 576 ) (592.002808 288 416 ) 
4 811 (320 464 576 ) (320 464 416 ) (352 384 416 ) (352 384 576 ) 
4 812 (320 464 400 ) (320 464 416 ) (320 560 416 ) (320 560 400 ) 
6 812 (320 560 400 ) (320 560.017273 400 ) (351.992615 639.995178 400 ) (351.998474 640.001038 400 ) (543.990723 512.006226 400 ) (543.994019 512.001282 400 ) 
4 812 (496 288 400 ) (496 288 416 ) (415.996124 320 416 ) (415.996124 320 400 ) 
4 812 (416 320 400 ) (416 320 416 ) (352 384 416 ) (352 384 400 ) 
4 812 (495.996460 288 416 ) (495.996460 288 400 ) (592 288 400 ) (592 288 416 ) 
4 812 (671.997864 319.997833 400 ) (671.997864 319.997833 416 ) (592.002808 288 416 ) (592.002808 288 400 ) 
4 812 (320 464 416 ) (320 464 400 ) (352 384 400 ) (352 384 416 ) 
4 812 (351.998322 639.997925 416 ) (351.998322 639.997925 400 ) (320 560.001526 400 ) (320 560.001526 416 ) 
4 812 (543.993286 512.007080 416 ) (543.993286 512.007080 400 ) (352 640.002014 400 ) (352 640.002075 416 ) 
4 813 (320 464 384 ) (320 464 400 ) (320 560 400 ) (320 560 384 ) 
4 813 (320.003143 464 384 ) (320 464.008514 384 ) (320 547 384 ) (436.200073 488.899994 384 ) 
5 813 (320 547 384 ) (320 560 384 ) (492 523.142883 384 ) (492 500.857117 384 ) (436.200073 488.899994 384 ) 
4 813 (492 523.142883 384 ) (543.994019 512.001282 384 ) (543.995544 512 384 ) (492 500.857117 384 ) 
5 813 (492 500.857117 384 ) (543.995544 512 384 ) (543.996460 511.997650 384 ) (499.157867 482.105255 384 ) (492 500 384 ) 
6 813 (499.157867 482.105255 384 ) (543.996460 511.997650 384 ) (543.997437 511.996185 384 ) (514.105286 467.157928 384 ) (512 468 384 ) (500 480 384 ) 
4 813 (544.002502 511.988586 384 ) (573.890686 467.156281 384 ) (556 460 384 ) (555.142883 460 384 ) 
5 813 (543.997437 511.996185 384 ) (544.002502 511.988586 384 ) (555.142883 460 384 ) (532 460 384 ) (514.105286 467.157928 384 ) 
4 813 (543.995850 512 384 ) (320 560 384 ) (320 559.997742 400 ) (544.011169 511.996765 400 ) 
4 813 (496 288 384 ) (496 288 400 ) (415.996124 320 400 ) (415.996124 320 384 ) 
4 813 (416 320 384 ) (416 320 400 ) (352 384 400 ) (352 384 384 ) 
4 813 (495.996460 288 400 ) (495.996460 288 384 ) (592 288 384 ) (592 288 400 ) 
4 813 (671.997864 319.997833 384 ) (671.997864 319.997833 400 ) (592.002808 288 400 ) (592.002808 288 384 ) 
4 813 (320 464 400 ) (320 464 384 ) (352 384 384 ) (352 384 400 ) 
5 814 (514.101257 556.840454 384 ) (543.990784 512.006165 384 ) (499.157867 541.894775 384 ) (500 544 384 ) (512 556 384 ) 
3 814 (543.990723 512.006226 400 ) (415.996918 703.996887 400 ) (351.998474 640.001038 400 ) 
4 814 (416 704 400 ) (416 704 384 ) (352 640 384 ) (352 640 400 ) 
4 814 (543.988281 512.013000 400 ) (352.003754 640.003784 400 ) (352 640.002075 384 ) (543.996765 512.004761 384 ) 
4 815 (514.103271 467.158691 352 ) (514.103271 467.158691 336 ) (513.598511 466.401520 336 ) (513.598511 466.401520 352 ) 
4 815 (513.598511 466.401520 352 ) (513.598511 466.401520 336 ) (509.330811 460 336 ) (509.330811 460 352 ) 
3 815 (532 460 336 ) (509.333313 460 336 ) (514.104614 467.158173 336 ) 
4 815 (532 460 384 ) (532 460 336 ) (514.105164 467.157745 336 ) (514.105164 467.157745 384 ) 
4 816 (509.330811 460 352 ) (509.330811 460 336 ) (508.499023 458.752319 336 ) (508.499023 458.752319 352 ) 
4 816 (508.499023 458.752319 352 ) (508.499023 458.752319 336 ) (415.998230 320 336 ) (415.998260 320 352 ) 
5 816 (415.997955 320.002045 336 ) (509.330231 460 336 ) (532.857178 460 336 ) (496 288 336 ) (416 320 336 ) 
4 816 (495.996460 288 384 ) (495.996460 288 336 ) (592 288 336 ) (592 288 384 ) 
4 816 (496 288 336 ) (496 288 384 ) (415.996124 320 384 ) (415.996124 320 336 ) 
4 816 (532 460 384 ) (555.140625 460 384 ) (555.140625 460 336 ) (532 460 336 ) 
4 817 (532.857178 460 320 ) (555.139526 460 320 ) (591.996704 288 320 ) (496 288 320 ) 
4 817 (532.857178 460 336 ) (555.140625 460 336 ) (555.140625 460 320 ) (532.857178 460 320 ) 
4 817 (495.996460 288 336 ) (495.996460 288 320 ) (592 288 320 ) (592 288 336 ) 
4 817 (496 288 336 ) (532.856262 460 336 ) (532.856262 460 320 ) (495.998718 288 320 ) 
3 818 (532 460 320 ) (514.102722 467.158905 320 ) (509.330170 460 320 ) 
4 818 (532 460 320 ) (532 460 144 ) (514.104553 467.158173 144 ) (514.104553 467.158173 320 ) 
4 819 (532.857178 460 304 ) (532 460 304 ) (532 460 320 ) (532.857178 460 320 ) 
4 819 (496 288 304 ) (496 288 320 ) (415.996124 320 320 ) (415.996124 320 304 ) 
4 819 (496 288 320 ) (532.857178 460 320 ) (509.330170 460 320 ) (415.997925 320 320 ) 
4 819 (495.998718 288 304 ) (532.856262 460 304 ) (532.856262 460 320 ) (496 288 320 ) 
4 820 (555.141418 460 288 ) (555.141418 460 304 ) (591.998718 288 304 ) (591.998718 288 288 ) 
5 820 (496 288 304 ) (496.001068 288 304 ) (591.997925 288 304 ) (555.140625 460 304 ) (532.857178 460 304 ) 
4 820 (495.996460 288 304 ) (495.996429 288 144 ) (592 288 144 ) (592 288 304 ) 
4 820 (496 288 144 ) (496 288 304 ) (415.996124 320 304 ) (415.996155 320 144 ) 
4 820 (532 460 144 ) (532 460 304 ) (555.140625 460 304 ) (555.140625 460 144 ) 
3 821 (578.673340 460 304 ) (556 460 304 ) (573.899292 467.159698 304 ) 
4 821 (573.894958 467.157990 304 ) (556 460 304 ) (556 460 384 ) (573.894531 467.158173 384 ) 
4 822 (671.997864 319.997833 304 ) (671.997864 319.997833 384 ) (592.002808 288 384 ) (592.002808 288 304 ) 
4 822 (591.998718 288 304 ) (591.998718 288 320 ) (555.141418 460 320 ) (555.141418 460 304 ) 
4 822 (556 460 384 ) (556 460 304 ) (555.140625 460 304 ) (555.140625 460 384 ) 
4 822 (591.997925 288 304 ) (555.140625 460 304 ) (578.666626 460 304 ) (672 320 304 ) 
4 823 (573.893433 467.157349 272 ) (573.893555 467.157410 288 ) (578.665161 460 288 ) (578.664978 460 272 ) 
3 823 (556 460 288 ) (578.666687 460 288 ) (573.894775 467.157898 288 ) 
4 823 (556.002747 460 144 ) (556.002747 460 288 ) (573.895264 467.157013 288 ) (573.895264 467.157013 144 ) 
4 824 (578.664978 460 272 ) (578.665161 460 288 ) (671.998718 320 288 ) (671.998535 320 272 ) 
4 824 (556 460 144 ) (555.140625 460 144 ) (555.140625 460 288 ) (556 460 288 ) 
4 824 (671.997864 319.997833 144 ) (671.997864 319.997833 288 ) (592.002808 288 288 ) (592.002808 288 144 ) 
5 824 (592 288 288 ) (672 320 288 ) (578.666687 460 288 ) (555.139465 460 288 ) (591.996582 288 288 ) 
4 825 (352.003052 383.996826 352 ) (352.003235 383.996735 368 ) (492 477.329956 368 ) (492 477.330017 352 ) 
4 825 (499.158936 482.102661 368 ) (499.158905 482.102722 352 ) (492 477.330017 352 ) (492 477.329956 368 ) 
4 825 (499.996063 480.003998 352 ) (499.157928 482.099335 352 ) (499.157928 482.099335 384 ) (499.996063 480.003998 384 ) 
4 825 (416 320 352 ) (416 320 384 ) (352 384 384 ) (352 384 352 ) 
5 825 (351.998352 384.004089 352 ) (499.156219 482.109375 352 ) (508.499969 458.749969 352 ) (416 320 352 ) (352 384 352 ) 
4 826 (499.996063 480.003998 144 ) (499.157928 482.099335 144 ) (499.157928 482.099335 336 ) (499.996063 480.003998 336 ) 
5 826 (352 384 336 ) (416 320 336 ) (508.499969 458.749969 336 ) (499.156219 482.109375 336 ) (351.998352 384.004089 336 ) 
4 826 (508.499023 458.752319 336 ) (415.998230 320 336 ) (415.998199 320 320 ) (508.499054 458.752380 320 ) 
4 826 (416 320 144 ) (416 320 336 ) (352 384 336 ) (352 384 144 ) 
4 827 (512 468 352 ) (499.998932 480.001068 352 ) (499.998932 480.001068 384 ) (512 468 384 ) 
3 827 (508.495087 458.742737 352 ) (499.993744 480.006256 352 ) (513.599976 466.400024 352 ) 
3 828 (513.596375 466.403625 352 ) (512 468 352 ) (514.100586 467.159790 352 ) 
4 828 (514.106567 467.156586 384 ) (514.106567 467.156586 352 ) (512.008240 467.996704 352 ) (512.008240 467.996704 384 ) 
4 829 (499.998932 480.001068 144 ) (499.998932 480.001068 336 ) (512 468 336 ) (512 468 144 ) 
4 829 (513.598511 466.401520 336 ) (509.330811 460 336 ) (509.330780 460 320 ) (513.598450 466.401581 320 ) 
4 829 (508.499023 458.752319 336 ) (508.499054 458.752380 320 ) (509.330780 460 320 ) (509.330811 460 336 ) 
3 829 (513.600586 466.399414 336 ) (500 480 336 ) (508.501404 458.750397 336 ) 
3 830 (512 468 336 ) (513.600586 466.399414 336 ) (514.106018 467.157593 336 ) 
4 830 (514.103271 467.158691 336 ) (513.598511 466.401520 336 ) (513.598450 466.401581 320 ) (514.103210 467.158691 320 ) 
4 830 (512.008240 467.996704 144 ) (512.008240 467.996704 336 ) (514.105225 467.157898 336 ) (514.105225 467.157898 144 ) 
3 831 (499.159515 482.101135 368 ) (492 477.328125 368 ) (492 500 368 ) 
4 831 (499.158813 482.102966 384 ) (499.158813 482.102966 368 ) (492 499.997894 368 ) (492 499.997894 384 ) 
4 832 (492 477.330078 336 ) (499.158875 482.102753 336 ) (499.158905 482.102722 352 ) (492 477.330017 352 ) 
3 832 (492 500 352 ) (492 477.328125 352 ) (499.159515 482.101135 352 ) 
4 832 (492 499.990631 144 ) (492 499.990631 352 ) (499.154938 482.103302 352 ) (499.154938 482.103302 144 ) 
4 833 (320 464 368 ) (320 464 384 ) (436.199829 488.900116 384 ) (436.199829 488.900146 368 ) 
4 833 (436.199829 488.900116 384 ) (492 500.857361 384 ) (492 500.857361 368 ) (436.199829 488.900146 368 ) 
4 833 (492 500 384 ) (492 500 368 ) (492 500.858215 368 ) (492 500.858215 384 ) 
4 833 (320 464 384 ) (320 464 368 ) (352 384 368 ) (352 384 384 ) 
5 833 (320 464.002045 368 ) (492 500.859314 368 ) (492 477.328125 368 ) (352.003113 383.996887 368 ) (352 384 368 ) 
5 834 (352 384 352 ) (352.003113 383.996887 352 ) (492 477.328125 352 ) (492 500.859314 352 ) (320 464.002045 352 ) 
4 834 (492 477.330078 336 ) (492 477.330017 352 ) (352.003052 383.996826 352 ) (352.002869 383.996918 336 ) 
4 834 (320 464 352 ) (320 464 144 ) (352 384 144 ) (352 384 352 ) 
4 834 (492 500 352 ) (492 500 144 ) (492 500.858215 144 ) (492 500.858215 352 ) 
4 835 (509.330750 564 176 ) (514.103210 556.841309 176 ) (514.103088 556.841248 160 ) (509.330597 564 160 ) 
4 835 (492 589.995972 160 ) (492 589.996216 176 ) (509.330750 564 176 ) (509.330597 564 160 ) 
3 835 (492 548 160 ) (492 590 160 ) (514.105042 556.842041 160 ) 
4 835 (511.995911 555.995911 160 ) (514.106567 556.840149 160 ) (514.106567 556.840149 384 ) (511.995911 555.995911 384 ) 
4 836 (492 546.666626 160 ) (492 548 160 ) (503.428558 552.571411 160 ) (499.157867 541.894714 160 ) 
4 836 (492 523.991638 384 ) (492 523.991638 160 ) (500.004395 544.004395 160 ) (500.004395 544.004395 384 ) 
3 836 (492 524 384 ) (499.157867 541.894775 384 ) (492 546.666687 384 ) 
3 837 (500 544 160 ) (503.428558 552.571411 160 ) (512 556 160 ) 
4 837 (500.002258 544.002258 384 ) (500.002258 544.002258 160 ) (512.002441 556.002441 160 ) (512.002441 556.002441 384 ) 
3 838 (492 524 144 ) (492 546.666626 144 ) (499.157898 541.894775 144 ) 
4 838 (499.159729 541.893494 160 ) (492 523.994141 160 ) (492 523.994141 144 ) (499.159729 541.893494 144 ) 
4 838 (499.160095 541.895874 160 ) (499.160095 541.895874 144 ) (492 546.669250 144 ) (492 546.669250 160 ) 
4 839 (492 523.142822 368 ) (492 524 368 ) (492 524 384 ) (492 523.142822 384 ) 
6 839 (492 523.142883 384 ) (492 546.666687 384 ) (351.998474 640.001038 384 ) (351.992615 639.995178 384 ) (320 560.017273 384 ) (320 560 384 ) 
4 839 (416 704 384 ) (416 704 368 ) (352 640 368 ) (352 640 384 ) 
4 839 (351.998322 639.997925 384 ) (351.998322 639.997925 368 ) (320 560.001526 368 ) (320 560.001526 384 ) 
4 839 (320 560 384 ) (320 560 368 ) (492 523.142761 368 ) (492 523.142761 384 ) 
4 840 (320 560 304 ) (320 560 272 ) (320 547 276.333313 ) (320 547 299.666687 ) 
4 840 (320 560 368 ) (320 560 304 ) (320 547 299.666687 ) (320 547 368 ) 
4 840 (416.001465 703.994141 160 ) (416.001373 703.994507 176 ) (492 589.996216 176 ) (492 589.995972 160 ) 
4 840 (386 514 352 ) (384 515 352 ) (384 515 350 ) (386 514 350 ) 
4 840 (416 704 160 ) (492 590.001770 160 ) (492 546.666626 160 ) (352 640 160 ) 
4 840 (492 524 160 ) (492 524 368 ) (492 500.854340 368 ) (492 500.854340 160 ) 
4 840 (436.199829 488.900146 352 ) (492 500.857361 352 ) (492 500.857361 368 ) (436.199829 488.900146 368 ) 
4 840 (416 704 368 ) (416 704 160 ) (352 640 160 ) (352 640 368 ) 
4 840 (351.998322 639.997925 368 ) (351.998322 639.997925 160 ) (320 560.001526 160 ) (320 560.001526 368 ) 
5 840 (320 560 368 ) (320 547 368 ) (436.199982 488.899994 368 ) (492 500.851532 368 ) (492 523.142883 368 ) 
6 841 (320 560 144 ) (320 560.017273 144 ) (351.992615 639.995178 144 ) (351.998474 640.001038 144 ) (492 546.666626 144 ) (492 523.142883 144 ) 
4 841 (351.998322 639.997925 160 ) (351.998322 639.997925 144 ) (320 560.001526 144 ) (320 560.001526 160 ) 
4 841 (492 524 144 ) (492 524 160 ) (492 500.854340 160 ) (492 500.854340 144 ) 
4 841 (352.002930 640.002991 160 ) (492 546.671509 160 ) (492 546.671509 144 ) (352.002899 640.002930 144 ) 
4 842 (320 464 352 ) (320 464 368 ) (320 547 368 ) (320 547 352 ) 
8 842 (384 515 352 ) (386 514 352 ) (387 512 352 ) (386 510 352 ) (384 509 352 ) (382 510 352 ) (381 512 352 ) (382 514 352 ) 
4 842 (436.199829 488.900146 352 ) (436.199829 488.900146 368 ) (320 464 368 ) (320 464 352 ) 
3 842 (320 463.997986 368 ) (436.203125 488.898499 368 ) (320 547 368 ) 
4 843 (320 464 350 ) (320 464 352 ) (320 547 352 ) (320 547 350 ) 
4 843 (381 512 350 ) (382 514 350 ) (382 514 352 ) (381 512 352 ) 
4 844 (384 509 350 ) (382 510 350 ) (382 510 352 ) (384 509 352 ) 
4 845 (381.996796 513.998413 352 ) (381.996796 513.998413 350 ) (384 515 350 ) (384.003693 515.001831 352 ) 
4 846 (386 514 350 ) (387 512 350 ) (387 512 352 ) (386 514 352 ) 
4 847 (387 512 352 ) (387 512 350 ) (386 510 350 ) (386 510 352 ) 
4 848 (382 510 352 ) (382 510 350 ) (381 512 350 ) (381 512 352 ) 
4 849 (386.002533 510.001282 352 ) (386.002533 510.001282 350 ) (384 509 350 ) (384 509 352 ) 
3 850 (320 512 288 ) (320 547 299.666687 ) (320 547 276.333313 ) 
4 850 (320 464 272 ) (320 464 350 ) (320 547 350 ) (320 547 299.666687 ) 
8 850 (382 514 350 ) (381 512 350 ) (382 510 350 ) (384 509 350 ) (386 510 350 ) (387 512 350 ) (386 514 350 ) (384 515 350 ) 
4 851 (671.996277 704.001526 384 ) (671.996277 704.001526 416 ) (736.001343 639.996704 416 ) (736.001343 639.996704 384 ) 
5 851 (552 524 384 ) (552 549.333435 384 ) (555.142822 564 384 ) (556 564 384 ) (573.894775 556.842102 384 ) 
6 851 (552 517.333313 384 ) (552 524 384 ) (573.894775 556.842041 384 ) (576 556 384 ) (588 544 384 ) (588.842102 541.894836 384 ) 
3 851 (552 549.333435 384 ) (552 564 384 ) (555.142822 564 384 ) 
5 851 (552 510.285736 384 ) (552 517.333313 384 ) (588.842102 541.894775 384 ) (596 524 384 ) (596 500.857147 384 ) 
5 851 (552 506.666595 384 ) (552 510.285736 384 ) (596 500.857147 384 ) (596 500 384 ) (588.842041 482.105225 384 ) 
6 851 (573.896729 467.158691 384 ) (552 500.003967 384 ) (552 506.666595 384 ) (588.842102 482.105225 384 ) (588 480 384 ) (576 468 384 ) 
4 851 (552 728 384 ) (552 560 384 ) (552 560 416 ) (552 728 416 ) 
5 851 (552 512 416 ) (600 512 416 ) (600 732.796875 416 ) (591.992188 736 416 ) (552 736 416 ) 
4 851 (672 704 416 ) (672 704 384 ) (592 736 384 ) (592 736 416 ) 
4 851 (552 736 384 ) (552 736 416 ) (592 736 416 ) (592 736 384 ) 
4 851 (672 320 416 ) (672 320 384 ) (736.006470 384.006470 384 ) (736.006470 384.006470 416 ) 
4 851 (768 536 416 ) (768 536 384 ) (768 560 384 ) (768 560 416 ) 
4 851 (768 488 384 ) (768 488 416 ) (768 464 416 ) (768 464 384 ) 
4 851 (736.002686 384.002655 416 ) (736.002686 384.002655 384 ) (768 463.995667 384 ) (768 463.995667 416 ) 
4 851 (768 560 416 ) (768 560 384 ) (735.996094 640.009766 384 ) (735.996094 640.009766 416 ) 
4 852 (536 728 416 ) (536 728 384 ) (552 728 384 ) (552 728 416 ) 
4 852 (552 736 384 ) (536 736 384 ) (536 736 416 ) (552 736 416 ) 
4 852 (536 728 416 ) (552 728 416 ) (552 736 416 ) (536 736 416 ) 
4 853 (540 518.004028 384 ) (536 524.004089 384 ) (536 560 384 ) (540 560 384 ) 
4 853 (552 500.003967 384 ) (540 518.004028 384 ) (540 560 384 ) (552 560 384 ) 
4 853 (536 524 400 ) (544 512 400 ) (544 512 416 ) (536 524 416 ) 
5 853 (536 560 416 ) (536 524 416 ) (544 512 416 ) (552 512 416 ) (552 560 416 ) 
4 853 (552 560 416 ) (552 560 384 ) (536 560 384 ) (536 560 416 ) 
4 854 (576 468 288 ) (573.894897 467.157623 288 ) (573.894897 467.157623 384 ) (576 468 384 ) 
4 854 (672 320 384 ) (672 320 288 ) (736.006470 384.006470 288 ) (736.006470 384.006470 384 ) 
4 854 (573.893555 467.157410 288 ) (578.665161 460 288 ) (578.665344 460 304 ) (573.893677 467.157471 304 ) 
4 854 (578.665344 460 304 ) (578.665161 460 288 ) (671.998718 320 288 ) (671.998901 320 304 ) 
4 854 (672 320 288 ) (573.894531 467.158142 288 ) (597.250000 476.501587 288 ) (736 384 288 ) 
4 855 (597.253845 476.501556 256 ) (597.253845 476.501556 272 ) (736.001343 384.003448 272 ) (736.001343 384.003479 256 ) 
4 855 (576 468 144 ) (573.894897 467.157623 144 ) (573.894897 467.157623 272 ) (576 468 272 ) 
4 855 (736 384 272 ) (597.250000 476.501587 272 ) (573.894531 467.158142 272 ) (672 320 272 ) 
4 855 (672 320 272 ) (672 320 144 ) (736.006470 384.006470 144 ) (736.006470 384.006470 272 ) 
4 856 (588 480 288 ) (575.993958 467.993958 288 ) (575.993958 467.993958 384 ) (588 480 384 ) 
3 856 (597.250000 476.500763 288 ) (576.011414 468.003601 288 ) (589.604675 481.596863 288 ) 
3 857 (589.604065 481.596283 288 ) (587.994751 479.986938 288 ) (588.841736 482.104523 288 ) 
4 857 (588.842957 482.107361 384 ) (588.842957 482.107361 288 ) (588 479.997345 288 ) (588 479.997345 384 ) 
4 858 (589.602478 481.602478 256 ) (589.602478 481.602478 272 ) (596 477.337463 272 ) (596 477.337463 256 ) 
4 858 (596 477.337463 256 ) (596 477.337463 272 ) (597.253845 476.501556 272 ) (597.253845 476.501556 256 ) 
4 858 (576 468 144 ) (576 468 272 ) (588 480 272 ) (588 480 144 ) 
3 858 (589.600830 481.600830 272 ) (576.002625 468.002625 272 ) (597.250000 476.501587 272 ) 
4 859 (588.843445 482.108521 256 ) (588.843445 482.108521 272 ) (589.602478 481.602478 272 ) (589.602478 481.602478 256 ) 
3 859 (588 480 272 ) (589.600830 481.600830 272 ) (588.842529 482.106323 272 ) 
4 859 (588 479.997345 144 ) (588 479.997345 272 ) (588.842712 482.104828 272 ) (588.842712 482.104828 144 ) 
4 860 (596 500.858215 384 ) (596 500.858215 272 ) (596 500 272 ) (596 500 384 ) 
4 860 (736.002686 384.002655 384 ) (736.002686 384.002655 272 ) (768 463.995667 272 ) (768 463.995667 384 ) 
4 860 (736.001343 384.003448 272 ) (736.001343 384.003418 288 ) (597.253845 476.501556 288 ) (597.253845 476.501556 272 ) 
4 860 (596 477.337463 288 ) (596 477.337463 272 ) (597.253845 476.501556 272 ) (597.253845 476.501556 288 ) 
5 860 (735.996887 383.996887 272 ) (596 477.328125 272 ) (596 500.857117 272 ) (768 464 272 ) (736 384 272 ) 
4 861 (596 500.855957 240 ) (596 500.855957 256 ) (768 463.998962 256 ) (768 463.998962 240 ) 
4 861 (596 500.858215 256 ) (596 500.858215 144 ) (596 500 144 ) (596 500 256 ) 
5 861 (736 384 256 ) (768 464 256 ) (596 500.857117 256 ) (596 477.328125 256 ) (735.996887 383.996887 256 ) 
4 861 (736.002686 384.002655 256 ) (736.002686 384.002655 144 ) (768 463.995667 144 ) (768 463.995667 256 ) 
3 862 (596 500 272 ) (596 477.328125 272 ) (588.840454 482.101166 272 ) 
4 862 (588.843445 482.108521 272 ) (589.602478 481.602478 272 ) (589.602478 481.602478 288 ) (588.843445 482.108521 288 ) 
4 862 (596 477.337463 288 ) (589.602478 481.602478 288 ) (589.602478 481.602478 272 ) (596 477.337463 272 ) 
4 862 (596 499.995880 384 ) (596 499.995880 272 ) (588.843384 482.104401 272 ) (588.843384 482.104401 384 ) 
3 863 (588.840454 482.101166 256 ) (596 477.328125 256 ) (596 500 256 ) 
4 863 (588.842529 482.106262 144 ) (588.842529 482.106262 256 ) (596 500.003143 256 ) (596 500.003143 144 ) 
5 864 (767.998108 463.995178 256 ) (596 500.851776 256 ) (596 523.142883 256 ) (768 560 256 ) (768 464 256 ) 
4 864 (596 524 256 ) (596 500.857147 256 ) (596 500.857147 384 ) (596 524 384 ) 
4 864 (768 536 384 ) (768 536 364 ) (768 560 364 ) (768 560 384 ) 
4 864 (768 560 256 ) (768 560 364 ) (768 488 364 ) (768 488 256 ) 
4 864 (768 488 256 ) (768 488 384 ) (768 464 384 ) (768 464 256 ) 
4 864 (768 560 384 ) (768 560 256 ) (735.996094 640.009766 256 ) (735.996094 640.009766 384 ) 
4 864 (768 463.998962 256 ) (768 463.998962 272 ) (596 500.855957 272 ) (596 500.855957 256 ) 
4 865 (588.844910 541.895508 384 ) (588.844910 541.895508 256 ) (596 524.006409 256 ) (596 524.006409 384 ) 
4 866 (596 523.142883 256 ) (596 524 256 ) (596 524 240 ) (596 523.142822 240 ) 
4 866 (596 523.142883 240 ) (596 546.656250 240 ) (736.003296 639.991821 240 ) (768 560 240 ) 
4 866 (768 560 256 ) (768 560 240 ) (735.996094 640.009766 240 ) (735.996094 640.009766 256 ) 
4 866 (768 560 256 ) (596 523.142700 256 ) (596 523.142700 240 ) (768 560 240 ) 
4 867 (596 512 224 ) (596 500.857147 224 ) (596 500.856903 240 ) (596 512 240 ) 
4 867 (768 488 224 ) (768 488 240 ) (768 464 240 ) (768 464 224 ) 
4 867 (768 512 224 ) (768 512 240 ) (768 488 240 ) (768 488 224 ) 
4 867 (768 512 240 ) (596 512 240 ) (596 500.856659 240 ) (768 464 240 ) 
4 867 (768 512 224 ) (596 512 224 ) (596 512 240 ) (768 512 240 ) 
3 868 (588.842896 541.892700 240 ) (596 546.664062 240 ) (596 524 240 ) 
4 868 (588.844910 541.895508 240 ) (596 524.010010 240 ) (596 524.010010 256 ) (588.845276 541.896851 256 ) 
4 869 (596 546.661804 224 ) (736.001526 639.996155 224 ) (736.001526 639.996155 208 ) (596 546.661804 208 ) 
4 869 (596 500.856659 144 ) (596 500.856659 224 ) (596 524 224 ) (596 524 144 ) 
4 869 (768 560 224 ) (768 560 144 ) (735.996094 640.009766 144 ) (735.996094 640.009766 224 ) 
4 869 (768 488 144 ) (768 488 224 ) (768 464 224 ) (768 464 144 ) 
4 869 (768 560 208 ) (768 560 224 ) (768 488 224 ) (768 488 208 ) 
4 869 (768 536 144 ) (768 560 144 ) (768 560 208 ) (768 536 208 ) 
5 869 (768 512 224 ) (768 560 224 ) (736.001709 639.995911 224 ) (596 546.661438 224 ) (596 512 224 ) 
4 870 (588.843628 541.890930 224 ) (589.602905 542.397095 224 ) (589.602905 542.397095 208 ) (588.843628 541.890930 208 ) 
4 870 (589.602905 542.397095 224 ) (596 546.661804 224 ) (596 546.661804 208 ) (589.602905 542.397095 208 ) 
3 870 (596 524 224 ) (596 546.661438 224 ) (588.843750 541.890625 224 ) 
4 870 (596 524.006409 144 ) (596 524.006409 224 ) (588.844116 541.896057 224 ) (588.844116 541.896057 144 ) 
4 871 (552 584 192 ) (552 564 192 ) (552 564 304 ) (552 584 304 ) 
4 871 (552 564 384 ) (552 712 384 ) (552 712 304 ) (552 564 304 ) 
4 871 (552 712 384 ) (552 728 384 ) (552 728 192 ) (552 712 192 ) 
4 871 (592 736 192 ) (592 736 208 ) (555.142700 564 208 ) (555.142700 564 192 ) 
4 871 (555.140625 564 192 ) (552 564 192 ) (552 736 192 ) (591.997925 736 192 ) 
4 871 (552 564 384 ) (552 564 192 ) (555.140625 564 192 ) (555.140625 564 384 ) 
4 871 (552 736 192 ) (552 736 384 ) (592 736 384 ) (592 736 192 ) 
4 872 (552 736 144 ) (552 736 176 ) (592 736 176 ) (592 736 144 ) 
4 872 (552 564 176 ) (552 564 144 ) (555.140625 564 144 ) (555.140625 564 176 ) 
4 872 (591.997925 736 176 ) (552 736 176 ) (552 564 176 ) (555.140625 564 176 ) 
4 873 (671.996277 704.001526 224 ) (671.996277 704.001526 384 ) (736.001343 639.996704 384 ) (736.001343 639.996704 224 ) 
4 873 (576 556 224 ) (588 544 224 ) (588 544 384 ) (576 556 384 ) 
4 873 (596 546.661804 240 ) (596 546.661804 224 ) (736.001526 639.996155 224 ) (736.001526 639.996155 240 ) 
4 873 (589.602905 542.397095 224 ) (596 546.661804 224 ) (596 546.661804 240 ) (589.602905 542.397095 240 ) 
5 873 (735.993408 640.006531 224 ) (589.589355 542.402832 224 ) (574.393311 557.598877 224 ) (671.995300 704.001831 224 ) (672 704 224 ) 
4 874 (671.996277 704.001526 144 ) (671.996277 704.001526 208 ) (736.001343 639.996704 208 ) (736.001343 639.996704 144 ) 
4 874 (574.398132 557.601929 192 ) (574.398132 557.601929 208 ) (578.663513 564 208 ) (578.663513 564 192 ) 
4 874 (671.997498 704 208 ) (671.997498 704 192 ) (578.663513 564 192 ) (578.663513 564 208 ) 
4 874 (576 556 144 ) (588 544 144 ) (588 544 208 ) (576 556 208 ) 
5 874 (672 704 208 ) (671.995300 704.001831 208 ) (574.393311 557.598877 208 ) (589.589355 542.402832 208 ) (735.993408 640.006531 208 ) 
4 875 (573.891174 556.839661 384 ) (573.891174 556.839661 224 ) (576.002380 555.997498 224 ) (576.002380 555.997498 384 ) 
3 875 (576 555.998413 224 ) (573.893860 556.840881 224 ) (574.397461 557.602539 224 ) 
3 876 (588.001099 543.997314 224 ) (589.599060 542.399353 224 ) (588.842163 541.894714 224 ) 
4 876 (588.843628 541.890930 224 ) (589.602905 542.397095 224 ) (589.602905 542.397095 240 ) (588.843628 541.890930 240 ) 
4 876 (588.005188 543.994812 384 ) (588.005188 543.994812 224 ) (588.844543 541.896362 224 ) (588.844543 541.896362 384 ) 
4 877 (573.892212 556.843079 208 ) (574.398132 557.601929 208 ) (574.398132 557.601929 192 ) (573.892212 556.843079 192 ) 
4 877 (576.009644 555.994568 144 ) (576.009644 555.994568 208 ) (573.893921 556.840881 208 ) (573.893921 556.840881 144 ) 
3 877 (575.987061 556.005127 208 ) (574.401062 557.591125 208 ) (573.900146 556.839905 208 ) 
3 878 (588.842102 541.894714 208 ) (589.595337 542.396851 208 ) (588.005188 543.987000 208 ) 
4 878 (588.847168 541.891846 144 ) (588.847168 541.891846 208 ) (588.002808 543.998840 208 ) (588.002808 543.998840 144 ) 
4 879 (555.140869 564 384 ) (555.140869 564 208 ) (556 564 208 ) (556 564 384 ) 
4 879 (672 704 384 ) (672 704 208 ) (592 736 208 ) (592 736 384 ) 
4 879 (578.663513 564 224 ) (578.663513 564 208 ) (671.997498 704 208 ) (671.997498 704 224 ) 
4 879 (578.664062 564 208 ) (555.142883 564 208 ) (592 736 208 ) (671.997925 704 208 ) 
4 880 (555.140869 564 192 ) (555.140869 564 144 ) (556 564 144 ) (556 564 192 ) 
4 880 (671.997925 704 192 ) (592 736 192 ) (555.142883 564 192 ) (578.664062 564 192 ) 
4 880 (672 704 192 ) (672 704 144 ) (592 736 144 ) (592 736 192 ) 
4 880 (555.142700 564 176 ) (555.142700 564 192 ) (592 736 192 ) (592 736 176 ) 
3 881 (556 564 208 ) (578.656250 564 208 ) (573.886536 556.845398 208 ) 
4 881 (573.892212 556.843079 224 ) (573.892212 556.843079 208 ) (574.398132 557.601929 208 ) (574.398132 557.601929 224 ) 
4 881 (578.663513 564 224 ) (574.398132 557.601929 224 ) (574.398132 557.601929 208 ) (578.663513 564 208 ) 
4 881 (555.996582 564 384 ) (555.996582 564 208 ) (573.894043 556.841003 208 ) (573.894043 556.841003 384 ) 
3 882 (573.886536 556.845398 192 ) (578.656250 564 192 ) (556 564 192 ) 
4 882 (573.896484 556.841431 144 ) (573.896484 556.841431 192 ) (555.996582 564 192 ) (555.996582 564 144 ) 
4 883 (548 728 384 ) (548 728 192 ) (552 728 192 ) (552 728 384 ) 
4 883 (548 728 192 ) (548 736 192 ) (552 736 192 ) (552 728 192 ) 
4 883 (552 736 192 ) (548 736 192 ) (548 736 384 ) (552 736 384 ) 
4 884 (548 712 273 ) (548 712 192 ) (548 584 192 ) (548 584 273 ) 
4 884 (548 668 273 ) (548 628 273 ) (548 628 286 ) (548 668 286 ) 
4 884 (548 712 286 ) (548 712 273 ) (548 692 273 ) (548 692 286 ) 
4 884 (548 604 273 ) (548 584 273 ) (548 584 286 ) (548 604 286 ) 
4 884 (548 584 304 ) (548 712 304 ) (548 712 286 ) (548 584 286 ) 
4 884 (552 584 304 ) (552 712 304 ) (548 712 304 ) (548 584 304 ) 
4 884 (548 584 192 ) (548 712 192 ) (552 712 192 ) (552 584 192 ) 
4 884 (552 712 304 ) (552 712 192 ) (548 712 192 ) (548 712 304 ) 
4 884 (548 584 192 ) (552 584 192 ) (552 584 304 ) (548 584 304 ) 
4 885 (540 728 384 ) (540 728 192 ) (548 728 192 ) (548 728 384 ) 
4 885 (548 736 192 ) (548 728 192 ) (540 728 192 ) (540 736 192 ) 
4 885 (548 736 192 ) (540 736 192 ) (540 736 384 ) (548 736 384 ) 
4 886 (548 692 273 ) (548 668 273 ) (540 668 273 ) (540 692 273 ) 
4 886 (548 668 286 ) (548 692 286 ) (540 692 286 ) (540 668 286 ) 
4 886 (540 692 286 ) (548 692 286 ) (548 692 273 ) (540 692 273 ) 
4 886 (540 668 273 ) (548 668 273 ) (548 668 286 ) (540 668 286 ) 
4 887 (548 628 273 ) (548 604 273 ) (540 604 273 ) (540 628 273 ) 
4 887 (540 628 286 ) (548 628 286 ) (548 628 273 ) (540 628 273 ) 
4 887 (548 604 286 ) (548 628 286 ) (540 628 286 ) (540 604 286 ) 
4 887 (540 604 273 ) (548 604 273 ) (548 604 286 ) (540 604 286 ) 
4 888 (540 728 192 ) (540 728 304 ) (536 728 304 ) (536 728 192 ) 
4 888 (540 728 304 ) (540 728 384 ) (536 728 384 ) (536 728 304 ) 
4 888 (540 736 192 ) (536 736 192 ) (536 736 384 ) (540 736 384 ) 
4 888 (540 728 192 ) (536 728 192 ) (536 736 192 ) (540 736 192 ) 
4 889 (536 712 304 ) (540 712 304 ) (540 712 192 ) (536 712 192 ) 
4 889 (536 584 192 ) (536 712 192 ) (540 712 192 ) (540 584 192 ) 
4 889 (540 584 192 ) (540 712 192 ) (540 712 273 ) (540 584 273 ) 
4 889 (540 668 286 ) (540 628 286 ) (540 628 273 ) (540 668 273 ) 
4 889 (540 692 286 ) (540 692 273 ) (540 712 273 ) (540 712 286 ) 
4 889 (540 604 286 ) (540 584 286 ) (540 584 273 ) (540 604 273 ) 
4 889 (540 584 304 ) (540 584 286 ) (540 712 286 ) (540 712 304 ) 
4 889 (540 584 304 ) (540 712 304 ) (536 712 304 ) (536 584 304 ) 
4 889 (536 584 192 ) (540 584 192 ) (540 584 304 ) (536 584 304 ) 
4 890 (552 736 176 ) (552 736 144 ) (536 736 144 ) (536 736 176 ) 
4 890 (548 564 176 ) (552 564 176 ) (552 736 176 ) (548 736 176 ) 
4 890 (540 564 176 ) (548 564 176 ) (548 736 176 ) (540 736 176 ) 
4 890 (540 728 176 ) (540 736 176 ) (536 736 176 ) (536 728 176 ) 
4 890 (540 564 176 ) (540 728 176 ) (536 728 176 ) (536 564 176 ) 
4 890 (552 564 144 ) (552 564 176 ) (536 564 176 ) (536 564 144 ) 
4 891 (536 564 384 ) (536 524 384 ) (514.105896 556.842346 384 ) (532 564 384 ) 
4 891 (496 736 384 ) (496 736 416 ) (512 736 416 ) (512 736 384 ) 
4 891 (536 736 384 ) (512 736 384 ) (512 736 416 ) (536 736 416 ) 
4 891 (536 524 416 ) (536 736 416 ) (496 736 416 ) (416 704 416 ) 
4 891 (536 524 400 ) (536 524 416 ) (416 704 416 ) (416 704 400 ) 
4 891 (416.003876 704.003906 384 ) (416.003876 704.003906 416 ) (495.992950 736 416 ) (495.993073 736 384 ) 
4 891 (536 560 384 ) (536 728 384 ) (536 728 416 ) (536 560 416 ) 
4 892 (536 564 192 ) (536 564 384 ) (532 564 384 ) (532 564 192 ) 
4 892 (536 564 192 ) (532.857178 564 192 ) (496 736 192 ) (536 736 192 ) 
4 892 (536 584 304 ) (536 564 304 ) (536 564 192 ) (536 584 192 ) 
4 892 (536 712 304 ) (536 712 192 ) (536 728 192 ) (536 728 304 ) 
4 892 (536 564 304 ) (536 728 304 ) (536 728 384 ) (536 564 384 ) 
4 892 (416.003876 704.003906 192 ) (416.003876 704.003906 384 ) (495.993073 736 384 ) (495.993896 736 192 ) 
4 892 (536 736 384 ) (536 736 192 ) (512 736 192 ) (512 736 384 ) 
4 892 (496 736 192 ) (496 736 384 ) (512 736 384 ) (512 736 192 ) 
4 893 (416.003479 704.001404 176 ) (496 736 176 ) (532.857178 564 176 ) (509.334290 564 176 ) 
4 893 (532 564 176 ) (532.857178 564 176 ) (532.857178 564 192 ) (532 564 192 ) 
4 893 (416.003876 704.003906 176 ) (416.003876 704.003906 192 ) (495.993896 736 192 ) (495.993958 736 176 ) 
4 893 (496 735.995361 192 ) (532.855225 564 192 ) (532.855225 564 176 ) (495.998230 736 176 ) 
3 894 (514.105896 556.842346 176 ) (509.334290 564 176 ) (532 564 176 ) 
4 894 (514.104370 556.838623 176 ) (532.005615 564 176 ) (532.005615 564 384 ) (514.106445 556.840332 384 ) 
4 895 (536 564 160 ) (536 564 176 ) (532.857178 564 176 ) (532.857178 564 160 ) 
4 895 (496 736 160 ) (496 736 176 ) (512 736 176 ) (512 736 160 ) 
4 895 (536 736 176 ) (536 736 160 ) (512 736 160 ) (512 736 176 ) 
4 895 (532.857178 564 176 ) (536 564 176 ) (536 736 176 ) (496 736 176 ) 
4 895 (496.001251 735.995361 176 ) (496 736 160 ) (532.856873 564 160 ) (532.856873 564 176 ) 
4 896 (536 564 144 ) (536 564 160 ) (532 564 160 ) (532 564 144 ) 
4 896 (496 736 160 ) (416 704 160 ) (509.333282 564 160 ) (532.857178 564 160 ) 
4 896 (416.003876 704.003906 160 ) (495.994019 736 160 ) (495.994110 736 144 ) (416.003876 704.003906 144 ) 
4 896 (492 589.995972 160 ) (416.001465 703.994141 160 ) (416.001556 703.993774 144 ) (492 589.995728 144 ) 
4 896 (509.330597 564 160 ) (492 589.995972 160 ) (492 589.995728 144 ) (509.330444 564 144 ) 
4 896 (536 736 160 ) (536 736 144 ) (512 736 144 ) (512 736 160 ) 
4 896 (496 736 160 ) (512 736 160 ) (512 736 144 ) (496 736 144 ) 
4 897 (514.103088 556.841248 160 ) (509.330597 564 160 ) (509.330444 564 144 ) (514.102966 556.841187 144 ) 
3 897 (514.105225 556.842102 160 ) (532 564 160 ) (509.333313 564 160 ) 
4 897 (532.002014 564 144 ) (532.002014 564 160 ) (514.105652 556.841431 160 ) (514.105652 556.841431 144 ) 
4 898 (671.996277 704.001526 80 ) (671.996277 704.001526 144 ) (736.001343 639.996704 144 ) (736.001343 639.996704 80 ) 
4 898 (596 524 80 ) (596 500 80 ) (596 500 144 ) (596 524 144 ) 
4 898 (768 560 144 ) (768 560 80 ) (735.996094 640.009766 80 ) (735.996094 640.009766 144 ) 
4 898 (736.002686 384.002655 144 ) (736.002686 384.002655 80 ) (768 463.995667 80 ) (768 463.995667 144 ) 
4 898 (768 488 80 ) (768 488 144 ) (768 464 144 ) (768 464 80 ) 
4 898 (768 560 80 ) (768 560 108 ) (768 488 108 ) (768 488 80 ) 
4 898 (768 536 144 ) (768 536 108 ) (768 560 108 ) (768 560 144 ) 
4 898 (596 289.598877 80 ) (671.997864 319.997833 80 ) (671.997864 319.997833 144 ) (596 289.598877 144 ) 
4 898 (672 320 144 ) (672 320 80 ) (736.006470 384.006470 80 ) (736.006470 384.006470 144 ) 
4 898 (596 734.399719 144 ) (672 704 144 ) (672 704 80 ) (596 734.399719 80 ) 
4 899 (544 564 144 ) (544 564 80 ) (556 564 80 ) (556 564 144 ) 
4 899 (544 736 80 ) (544 736 144 ) (592 736 144 ) (592 736 80 ) 
4 899 (596 734.399719 144 ) (596 734.399719 80 ) (592 736 80 ) (592 736 144 ) 
4 900 (556 564 144 ) (556 564 80 ) (576 556 80 ) (576 556 144 ) 
4 901 (588.005127 543.994873 80 ) (596 524.007446 80 ) (596 524.007446 144 ) (588.005127 543.994873 144 ) 
4 902 (576 468 80 ) (556.001465 460 80 ) (556.001465 460 144 ) (576 468 144 ) 
4 903 (576 556 144 ) (576 556 80 ) (587.996948 544.003052 80 ) (587.996948 544.003052 144 ) 
4 904 (588 480 80 ) (576 468 80 ) (576 468 144 ) (588 480 144 ) 
4 905 (596 499.998566 144 ) (596 499.998566 80 ) (588 479.997345 80 ) (588 479.997345 144 ) 
4 906 (556 460 144 ) (556 460 80 ) (544 460 80 ) (544 460 144 ) 
4 906 (596 289.598877 80 ) (596 289.598877 144 ) (592.002808 288 144 ) (592.002808 288 80 ) 
4 906 (544 288 80 ) (592 288 80 ) (592 288 144 ) (544 288 144 ) 
4 907 (544 512 128 ) (320 464 128 ) (320 464.002197 128 ) (320 560 128 ) 
4 907 (544 511.998413 144 ) (544 511.998413 128 ) (320 559.998535 128 ) (320 559.998535 144 ) 
3 907 (492 523.142822 144 ) (492 500.857086 144 ) (544 512 144 ) 
4 907 (492 500 144 ) (499.157898 482.105225 144 ) (544 512 144 ) (492 500.857086 144 ) 
5 907 (500 480 144 ) (512 468 144 ) (514.105286 467.157898 144 ) (544 512 144 ) (499.157867 482.105225 144 ) 
4 907 (514.105286 467.157898 144 ) (532 460 144 ) (544 460 144 ) (544 512 144 ) 
4 907 (496 288 128 ) (496 288 144 ) (415.996155 320 144 ) (415.996155 320 128 ) 
4 907 (416 320 144 ) (352 384 144 ) (352 384 128 ) (416 320 128 ) 
4 907 (495.996429 288 144 ) (495.996429 288 128 ) (544 288 128 ) (544 288 144 ) 
4 907 (320 464 144 ) (320 464 128 ) (352 384 128 ) (352 384 144 ) 
4 907 (544 512 128 ) (544 512 144 ) (544 460 144 ) (544 460 128 ) 
3 908 (544 520 128 ) (544 512 128 ) (526.315735 523.789490 128 ) 
4 908 (544 512 128 ) (544 564 128 ) (544 564 144 ) (544 512 144 ) 
4 908 (544 736 128 ) (512 736 128 ) (512 736 144 ) (544 736 144 ) 
4 908 (496 736 128 ) (496 736 144 ) (512 736 144 ) (512 736 128 ) 
4 908 (416 704 128 ) (352 640 128 ) (352 640 144 ) (416 704 144 ) 
3 908 (492 548 144 ) (514.105164 556.842102 144 ) (492 590 144 ) 
4 908 (503.428589 552.571472 144 ) (499.157898 541.894775 144 ) (544 512 144 ) (514.105164 556.842102 144 ) 
4 908 (499.157898 541.894775 144 ) (503.428589 552.571472 144 ) (492 548 144 ) (492 546.666626 144 ) 
4 908 (492 546.666626 144 ) (492 590 144 ) (416 704 144 ) (351.998474 640.001038 144 ) 
4 908 (544 564 144 ) (536 564 144 ) (536 524 144 ) (544 512 144 ) 
4 908 (532 564 144 ) (514.105164 556.842102 144 ) (536 524 144 ) (536 564 144 ) 
4 908 (416.003937 704.003967 128 ) (416.003967 704.003967 144 ) (495.994080 736 144 ) (495.994080 736 128 ) 
4 908 (352 640.002075 144 ) (352 640.002075 128 ) (544 512.002625 128 ) (544 512.002625 144 ) 
3 909 (544 512 112 ) (352 384 112 ) (320 464 112 ) 
4 909 (544 512 112 ) (320 464 112 ) (320 464 128 ) (544 512 128 ) 
4 909 (544 512 112 ) (544 512 128 ) (544 460 128 ) (544 460 112 ) 
4 909 (320 464 128 ) (320 464 112 ) (352 384 112 ) (352 384 128 ) 
4 909 (495.996429 288 128 ) (495.996429 288 112 ) (544 288 112 ) (544 288 128 ) 
4 909 (416 320 112 ) (416 320 128 ) (352 384 128 ) (352 384 112 ) 
4 909 (496 288 112 ) (496 288 128 ) (415.996155 320 128 ) (415.996155 320 112 ) 
4 910 (416.003906 704.003906 112 ) (416.003937 704.003967 128 ) (495.994080 736 128 ) (495.994080 736 112 ) 
4 910 (416 704 128 ) (416 704 112 ) (352 640 112 ) (352 640 128 ) 
4 910 (496 736 112 ) (496 736 128 ) (512 736 128 ) (512 736 112 ) 
4 910 (544 736 128 ) (544 736 112 ) (512 736 112 ) (512 736 128 ) 
4 910 (322.946777 567.368530 128 ) (351.998322 639.997925 128 ) (351.998322 639.997925 112 ) (322.946777 567.368530 112 ) 
4 910 (544 520 112 ) (544 564 112 ) (544 564 128 ) (544 520 128 ) 
4 910 (526.315735 523.789490 128 ) (351.997559 640.001648 128 ) (351.992310 639.996399 128 ) (322.940796 567.369812 128 ) 
4 910 (322.947998 567.369995 112 ) (544 520.001343 112 ) (544 520.001160 128 ) (322.947815 567.369507 128 ) 
4 911 (544 512 96 ) (416 320 96 ) (352.001251 383.998779 96 ) (352 384 96 ) 
4 911 (496 288 96 ) (496 288 112 ) (415.996155 320 112 ) (415.996155 320 96 ) 
4 911 (416 320 96 ) (416 320 112 ) (352 384 112 ) (352 384 96 ) 
4 911 (495.996429 288 112 ) (495.996429 288 96 ) (544 288 96 ) (544 288 112 ) 
4 911 (544 512 96 ) (544 512 112 ) (544 460 112 ) (544 460 96 ) 
4 911 (544 511.997375 96 ) (352 383.997925 96 ) (352 384 112 ) (544 512 112 ) 
4 912 (320 464 96 ) (320 464 112 ) (320 560 112 ) (320 560 96 ) 
4 912 (544 512 112 ) (320 464 112 ) (320 464 96 ) (544 512 96 ) 
4 912 (544 512 96 ) (544 564 96 ) (544 564 112 ) (544 512 112 ) 
4 912 (351.998322 639.997925 112 ) (351.998322 639.997925 96 ) (320 560.001526 96 ) (320 560.001526 112 ) 
4 912 (544 736 112 ) (544 736 96 ) (512 736 96 ) (512 736 112 ) 
4 912 (496 736 96 ) (496 736 112 ) (512 736 112 ) (512 736 96 ) 
4 912 (416 704 112 ) (416 704 96 ) (352 640 96 ) (352 640 112 ) 
4 912 (416.003906 704.003906 96 ) (416.003906 704.003906 112 ) (495.994080 736 112 ) (495.994110 736 96 ) 
6 912 (320 464.002197 112 ) (320 464 112 ) (544 512 112 ) (544 520 112 ) (322.940796 567.369812 112 ) (320 560.018066 112 ) 
3 913 (544 512 80 ) (496 288 80 ) (416 320 80 ) 
4 913 (496 288 80 ) (496 288 96 ) (415.996155 320 96 ) (415.996155 320 80 ) 
4 913 (495.996429 288 96 ) (495.996429 288 80 ) (544 288 80 ) (544 288 96 ) 
4 913 (544 512 96 ) (544 460 96 ) (544 460 80 ) (544 512 80 ) 
4 913 (544 512.005066 96 ) (544 512.005066 80 ) (415.997925 320 80 ) (415.998108 320.001953 96 ) 
4 914 (320 464 80 ) (320 464 96 ) (320 560 96 ) (320 560 80 ) 
7 914 (532 564 80 ) (544 564 80 ) (544 512 80 ) (492 512 80 ) (492 524 80 ) (500 544 80 ) (512 556 80 ) 
4 914 (352 383.998016 80 ) (544 511.997498 80 ) (544 511.997498 96 ) (352 384 96 ) 
4 914 (544 564 96 ) (544 512 96 ) (544 512 80 ) (544 564 80 ) 
4 914 (351.998322 639.997925 96 ) (351.998322 639.997925 80 ) (320 560.001526 80 ) (320 560.001526 96 ) 
4 914 (544 736 96 ) (544 736 80 ) (512 736 80 ) (512 736 96 ) 
4 914 (496 736 96 ) (512 736 96 ) (512 736 80 ) (496 736 80 ) 
4 914 (320 464 96 ) (320 464 80 ) (352 384 80 ) (352 384 96 ) 
4 914 (416 704 96 ) (416 704 80 ) (352 640 80 ) (352 640 96 ) 
4 914 (416.003906 704.003906 96 ) (495.994110 736 96 ) (495.994110 736 80 ) (416.003906 704.003906 80 ) 
3 914 (320 464 96 ) (352 384 96 ) (544 512 96 ) 
4 915 (671.996277 704.001526 16 ) (671.996277 704.001526 80 ) (736.001343 639.996704 80 ) (736.001343 639.996704 16 ) 
4 915 (532 564 16 ) (556 564 16 ) (556 564 80 ) (532 564 80 ) 
4 915 (672 704 80 ) (672 704 16 ) (592 736 16 ) (592 736 80 ) 
4 915 (321.599365 564 80 ) (351.998322 639.997925 80 ) (351.998322 639.997925 16 ) (321.599365 564 16 ) 
4 915 (512 736 16 ) (512 736 80 ) (592 736 80 ) (592 736 16 ) 
4 915 (496 736 80 ) (512 736 80 ) (512 736 16 ) (496 736 16 ) 
4 915 (766.399841 564 80 ) (766.399841 564 16 ) (735.996094 640.009766 16 ) (735.996094 640.009766 80 ) 
4 915 (416 704 16 ) (352 640 16 ) (352 640 80 ) (416 704 80 ) 
4 915 (416.005341 704.005310 80 ) (495.992126 736 80 ) (495.991364 736 16 ) (416.005707 704.005737 16 ) 
4 916 (596 524 16 ) (596 512 16 ) (596 512 80 ) (596 524 80 ) 
4 916 (766.399841 564 80 ) (768 560 80 ) (768 560 16 ) (766.399841 564 16 ) 
4 916 (768 512 16 ) (768 560 16 ) (768 560 80 ) (768 512 80 ) 
4 917 (511.995575 555.995544 16 ) (532.007019 564 16 ) (532.007019 564 80 ) (511.995575 555.995544 80 ) 
4 918 (588.005554 543.994446 16 ) (596 524.008606 16 ) (596 524.008606 80 ) (588.005554 543.994446 80 ) 
4 919 (500 543.998901 16 ) (512 556 16 ) (512 556 80 ) (500 543.998901 80 ) 
4 920 (576 556 16 ) (588 544 16 ) (588 544 80 ) (576 556 80 ) 
4 921 (492 523.992737 80 ) (492 523.992737 16 ) (500.005188 544.005127 16 ) (500.005188 544.005127 80 ) 
4 922 (555.998047 564 80 ) (555.998047 564 16 ) (576.004517 555.997803 16 ) (576.004517 555.997803 80 ) 
4 923 (320 512 80 ) (320 560 80 ) (320 560 16 ) (320 512 16 ) 
4 923 (492 524 80 ) (492 512 80 ) (492 512 16 ) (492 524 16 ) 
4 923 (321.599365 564 80 ) (321.599365 564 16 ) (320 560.001526 16 ) (320 560.001526 80 ) 
3 924 (544 512 64 ) (592 288 64 ) (496 288 64 ) 
7 924 (544 512 80 ) (544 460 80 ) (556 460 80 ) (576 468 80 ) (588 480 80 ) (596 500 80 ) (596 512 80 ) 
4 924 (736.002686 384.002655 80 ) (736.002686 384.002655 64 ) (768 463.995667 64 ) (768 463.995667 80 ) 
4 924 (495.996429 288 80 ) (495.996429 288 64 ) (592 288 64 ) (592 288 80 ) 
4 924 (768 488 64 ) (768 488 80 ) (768 464 80 ) (768 464 64 ) 
4 924 (768 512 64 ) (768 512 80 ) (768 488 80 ) (768 488 64 ) 
4 924 (671.997864 319.997833 64 ) (671.997864 319.997833 80 ) (592.002808 288 80 ) (592.002808 288 64 ) 
4 924 (672 320 80 ) (672 320 64 ) (736.006470 384.006470 64 ) (736.006470 384.006470 80 ) 
4 924 (544 512 64 ) (544 512 80 ) (596 512 80 ) (596 512 64 ) 
4 924 (496 288 80 ) (543.998962 511.997620 80 ) (543.998962 511.997620 64 ) (495.998688 288 64 ) 
4 925 (320 464 64 ) (320 464 80 ) (320 512 80 ) (320 512 64 ) 
4 925 (415.997742 320 80 ) (415.997864 320.002228 64 ) (543.996399 512 64 ) (543.996399 512 80 ) 
4 925 (544 512 64 ) (492 512 64 ) (492 512 80 ) (544 512 80 ) 
4 925 (320 464 80 ) (320 464 64 ) (352 384 64 ) (352 384 80 ) 
4 925 (416 320 64 ) (416 320 80 ) (352 384 80 ) (352 384 64 ) 
4 925 (416 320 80 ) (544 512 80 ) (352.003204 384.002136 80 ) (352.006744 383.993256 80 ) 
4 926 (320 464 48 ) (320 464 64 ) (320 512 64 ) (320 512 48 ) 
4 926 (496 288 48 ) (544 512 48 ) (543.998901 512 64 ) (495.998901 288 64 ) 
4 926 (544 512 48 ) (492 512 48 ) (492 512 64 ) (544 512 64 ) 
4 926 (320 464 64 ) (320 464 48 ) (352 384 48 ) (352 384 64 ) 
4 926 (416 320 48 ) (416 320 64 ) (352 384 64 ) (352 384 48 ) 
4 926 (496 288 48 ) (496 288 64 ) (415.996155 320 64 ) (415.996155 320 48 ) 
3 926 (416 320 64 ) (496 288 64 ) (544 512 64 ) 
3 927 (544 512 48 ) (672 320 48 ) (592 288 48 ) 
4 927 (736.002686 384.002655 64 ) (736.002686 384.002655 48 ) (768 463.995667 48 ) (768 463.995667 64 ) 
4 927 (768 488 48 ) (768 488 64 ) (768 464 64 ) (768 464 48 ) 
4 927 (768 512 48 ) (768 512 64 ) (768 488 64 ) (768 488 48 ) 
4 927 (671.997864 319.997833 48 ) (671.997864 319.997833 64 ) (592.002808 288 64 ) (592.002808 288 48 ) 
4 927 (672 320 64 ) (672 320 48 ) (736.006470 384.006470 48 ) (736.006470 384.006470 64 ) 
4 927 (544 512 48 ) (544 512 64 ) (596 512 64 ) (596 512 48 ) 
4 927 (591.998718 288 64 ) (544 511.995453 64 ) (544 511.995453 48 ) (591.998657 288 48 ) 
4 928 (320 464 32 ) (320 464 48 ) (320 512 48 ) (320 512 32 ) 
4 928 (591.998108 288 32 ) (543.997925 512 32 ) (543.997925 512 48 ) (591.998108 288 48 ) 
4 928 (544 512 32 ) (492 512 32 ) (492 512 48 ) (544 512 48 ) 
4 928 (320 464 48 ) (320 464 32 ) (352 384 32 ) (352 384 48 ) 
4 928 (495.996429 288 48 ) (495.996429 288 32 ) (592 288 32 ) (592 288 48 ) 
4 928 (416 320 32 ) (416 320 48 ) (352 384 48 ) (352 384 32 ) 
4 928 (496 288 32 ) (496 288 48 ) (415.996155 320 48 ) (415.996155 320 32 ) 
3 928 (496 288 48 ) (592 288 48 ) (544 512 48 ) 
5 929 (544 512 32 ) (736 384 32 ) (736 383.998505 32 ) (672.002808 320.001099 32 ) (672 320 32 ) 
4 929 (736.002686 384.002655 48 ) (736.002686 384.002655 32 ) (768 463.995667 32 ) (768 463.995667 48 ) 
4 929 (768 488 32 ) (768 488 48 ) (768 464 48 ) (768 464 32 ) 
4 929 (768 512 32 ) (768 512 48 ) (768 488 48 ) (768 488 32 ) 
4 929 (672 320 48 ) (672 320 32 ) (736.006470 384.006470 32 ) (736.006470 384.006470 48 ) 
4 929 (544 512 32 ) (544 512 48 ) (596 512 48 ) (596 512 32 ) 
4 929 (672 320 48 ) (544 512 48 ) (544 512 32 ) (672 320 32 ) 
4 930 (320 464 16 ) (320 464 32 ) (320 512 32 ) (320 512 16 ) 
7 930 (492 512 16 ) (544 512 16 ) (544 460 16 ) (532 460 16 ) (512 468 16 ) (500 480 16 ) (492 500 16 ) 
3 930 (592 288 32 ) (672 320 32 ) (544 512 32 ) 
4 930 (492 512 32 ) (544 512 32 ) (544 512 16 ) (492 512 16 ) 
4 930 (320 464 32 ) (320 464 16 ) (352 384 16 ) (352 384 32 ) 
4 930 (671.997864 319.997833 16 ) (671.997864 319.997833 32 ) (592.002808 288 32 ) (592.002808 288 16 ) 
4 930 (495.996429 288 32 ) (495.996429 288 16 ) (592 288 16 ) (592 288 32 ) 
4 930 (416 320 16 ) (416 320 32 ) (352 384 32 ) (352 384 16 ) 
4 930 (496 288 16 ) (496 288 32 ) (415.996155 320 32 ) (415.996155 320 16 ) 
4 930 (672 320 16 ) (544 512 16 ) (544 512 32 ) (672 320 32 ) 
3 931 (544 512 16 ) (768 464 16 ) (736 384 16 ) 
4 931 (736 384 32 ) (544 512 32 ) (544 512 16 ) (736 384 16 ) 
4 931 (736.002686 384.002655 32 ) (736.002686 384.002655 16 ) (768 463.995667 16 ) (768 463.995667 32 ) 
4 931 (768 488 16 ) (768 488 32 ) (768 464 32 ) (768 464 16 ) 
4 931 (768 512 16 ) (768 512 32 ) (768 488 32 ) (768 488 16 ) 
4 931 (544 512 32 ) (596 512 32 ) (596 512 16 ) (544 512 16 ) 
4 932 (736.001343 639.996704 0 ) (671.996277 704.001526 0 ) (671.996277 704.001526 16 ) (736.001343 639.996704 16 ) 
4 932 (544 564 16 ) (532 564 16 ) (532 564 0 ) (544 564 0 ) 
4 932 (672 704 16 ) (672 704 0 ) (592 736 0 ) (592 736 16 ) 
4 932 (321.599365 564 16 ) (351.998322 639.997925 16 ) (351.998322 639.997925 0 ) (321.599365 564 0 ) 
4 932 (512 736 16 ) (592 736 16 ) (592 736 0 ) (512 736 0 ) 
4 932 (496 736 16 ) (512 736 16 ) (512 736 0 ) (496 736 0 ) 
4 932 (766.399841 564 16 ) (766.399841 564 0 ) (735.996094 640.009766 0 ) (735.996094 640.009766 16 ) 
4 932 (352 640 16 ) (416 704 16 ) (416 704 0 ) (352 640 0 ) 
4 932 (416.005341 704.005310 0 ) (416.005341 704.005310 16 ) (495.992126 736 16 ) (495.992126 736 0 ) 
4 933 (544 512 0 ) (544 460 0 ) (544 460 16 ) (544 512 16 ) 
4 933 (544 512.002747 0 ) (544 512.002747 16 ) (736.001709 384.001648 16 ) (736.001709 384.001648 0 ) 
3 933 (672 320 16 ) (736 384 16 ) (544 512 16 ) 
4 933 (672 320 16 ) (672 320 0 ) (736.006470 384.006470 0 ) (736.006470 384.006470 16 ) 
4 933 (671.997864 319.997833 16 ) (592.002808 288 16 ) (592.002808 288 0 ) (671.997864 319.997833 0 ) 
4 933 (544 288 0 ) (592 288 0 ) (592 288 16 ) (544 288 16 ) 
3 934 (768 512 0 ) (768 464 0 ) (544 512 0 ) 
3 934 (768 560 0 ) (768 512 0 ) (544 512 0 ) 
4 934 (544 564 16 ) (544 564 0 ) (544 512 0 ) (544 512 16 ) 
4 934 (766.399841 564 16 ) (768 560 16 ) (768 560 0 ) (766.399841 564 0 ) 
4 934 (768 488 16 ) (768 464 16 ) (768 464 0 ) (768 488 0 ) 
4 934 (768 560 16 ) (768 488 16 ) (768 488 0 ) (768 560 0 ) 
7 934 (544 512 16 ) (596 512 16 ) (596 524 16 ) (588 544 16 ) (576 556 16 ) (556 564 16 ) (544 564 16 ) 
4 934 (768 464 0 ) (768 464 16 ) (544 511.998932 16 ) (544 511.998932 0 ) 
4 935 (511.994263 555.994263 0 ) (532.008728 564 0 ) (532.008728 564 16 ) (511.994263 555.994263 16 ) 
4 936 (511.998901 468 0 ) (500 480 0 ) (500 480 16 ) (511.998901 468 16 ) 
4 937 (500 544 0 ) (512 556 0 ) (512 556 16 ) (500 544 16 ) 
4 938 (499.995880 480.005463 16 ) (499.995880 480.005463 0 ) (492 499.994720 0 ) (492 499.994720 16 ) 
4 939 (492 523.993774 16 ) (492 523.993774 0 ) (500.003906 544.002930 0 ) (500.003906 544.002930 16 ) 
4 940 (532.001282 460 16 ) (532.001282 460 0 ) (511.995880 468.002411 0 ) (511.995880 468.002411 16 ) 
4 941 (532 460 16 ) (544 460 16 ) (544 460 0 ) (532 460 0 ) 
4 941 (495.996429 288 16 ) (495.996429 288 0 ) (544 288 0 ) (544 288 16 ) 
4 941 (496 288 16 ) (492 289.599579 16 ) (492 289.599579 0 ) (496 288 0 ) 
4 942 (320 560 0 ) (320 464 0 ) (320 464 16 ) (320 560 16 ) 
4 942 (492 524 16 ) (492 500 16 ) (492 500 0 ) (492 524 0 ) 
4 942 (321.599365 564 16 ) (321.599365 564 0 ) (320 560.001526 0 ) (320 560.001526 16 ) 
4 942 (320 464 16 ) (320 464 0 ) (352 384 0 ) (352 384 16 ) 
4 942 (416 320 16 ) (352 384 16 ) (352 384 0 ) (416 320 0 ) 
4 942 (492 289.599579 16 ) (415.996155 320 16 ) (415.996155 320 0 ) (492 289.599579 0 ) 
4 943 (736 768 488 ) (736 768 128 ) (736 736 128 ) (736 736 488 ) 
4 943 (768 736 132 ) (736 736 128 ) (736 768 128 ) (768 768 132 ) 
4 944 (736 736 0 ) (736 704 0 ) (736 704 488 ) (736 736 488 ) 
4 944 (768 736 132 ) (768 736 0 ) (736 736 0 ) (736 736 128 ) 
4 944 (736 703.997498 704 ) (736 703.997498 0 ) (768 639.997986 0 ) (768 639.997986 704 ) 
4 945 (704 720 704 ) (704 720 488 ) (736 704 488 ) (736 704 704 ) 
4 945 (736 704 488 ) (704 720 488 ) (704 768 488 ) (736 768 488 ) 
4 946 (704 720 464 ) (704 720 704 ) (607.998779 768 704 ) (607.998779 768 464 ) 
4 946 (704 720.003906 488 ) (704 720.003906 464 ) (704 768 464 ) (704 768 488 ) 
3 946 (704 768 464 ) (704 720.007812 464 ) (608.015686 768 464 ) 
4 947 (320 640.001038 128 ) (320 640.001038 704 ) (288 576.001099 704 ) (288 576.001099 128 ) 
4 947 (320 1024 128 ) (320 640 128 ) (288 576 128 ) (288 1024 128 ) 
4 948 (288 511.994720 288.001740 ) (288 464 272.003326 ) (320 464 272.003326 ) (320 511.994720 288.001740 ) 
4 948 (320 464 128 ) (320 464 272 ) (288 464 272 ) (288 464 128 ) 
4 948 (288 560 128 ) (288 560 272 ) (320 560 272 ) (320 560 128 ) 
4 948 (320 464 128 ) (288 464 128 ) (288 560 128 ) (320 560 128 ) 
4 948 (320 560 272.001251 ) (288 560 272.001251 ) (288 512.001648 288 ) (320 512.001648 288 ) 
4 949 (752 352 704 ) (768 384 704 ) (768 384 0 ) (752 352 0 ) 
4 949 (752 352 704 ) (752 352 0 ) (736.001343 320.002716 0 ) (736.001343 320.002747 704 ) 
4 949 (768 384 704 ) (792 431.998322 704 ) (792 431.998322 0 ) (768 384 0 ) 
4 949 (792 431.998322 704 ) (800 447.998077 704 ) (800 447.998077 0 ) (792 431.998322 0 ) 
4 950 (672.001526 288 704 ) (736 319.998352 704 ) (736 319.998352 0 ) (672.001526 288 0 ) 
4 950 (672.001526 288 704 ) (672.001526 288 0 ) (608 256 0 ) (608 256 704 ) 
3 951 (528 160 432 ) (528 160 400 ) (592 160 400 ) 
4 951 (608 160 400 ) (288 160 400 ) (288 256 400 ) (608 256 400 ) 
4 951 (608 256 400 ) (576 256 400 ) (576 256 704 ) (608 256 704 ) 
4 951 (576 256 400 ) (480 256 400 ) (480 256 704 ) (576 256 704 ) 
4 952 (800 160 0 ) (800 160 304 ) (608 160 304 ) (608 160 0 ) 
3 952 (608 160 392 ) (608 160 304 ) (784 160 304 ) 
3 952 (800 160 192 ) (800 160 0 ) (800 192 0 ) 
4 952 (608 160 0 ) (608 160 400 ) (608 256 400 ) (608 256 0 ) 
4 953 (608 128 400 ) (592 128 400 ) (592 160 400 ) (608 160 400 ) 
4 953 (592.003479 160 400 ) (592.003479 128 400 ) (528 128 432.001740 ) (528 160 432.001740 ) 
4 954 (800 128 304 ) (784 128 304 ) (784 160 304 ) (800 160 304 ) 
4 954 (608 128 392 ) (608 128 400 ) (608 160 400 ) (608 160 392 ) 
4 954 (608 128 392 ) (608 160 392 ) (784.002319 160 304 ) (784.002319 128 304 ) 
3 955 (672 32 360 ) (672 32 319 ) (754 32 319 ) 
4 955 (672 128 336 ) (672 128 319 ) (672 32 319 ) (672 32 336 ) 
4 955 (672 32 319 ) (672 128 319 ) (704 128 319 ) (704 32 319 ) 
3 955 (672 128 319 ) (672 128 360 ) (754 128 319 ) 
4 956 (800 32 303 ) (800 32 304 ) (704 32 304 ) (704 32 303 ) 
4 956 (754 32 319 ) (704 32 319 ) (704 32 304 ) (784 32 304 ) 
4 956 (704 128 303 ) (736 128 303 ) (736 32 303 ) (704 32 303 ) 
4 956 (704 128 319 ) (754 128 319 ) (784 128 304 ) (704 128 304 ) 
4 956 (704 128 303 ) (704 128 304 ) (800 128 304 ) (800 128 303 ) 
4 956 (704 128 303 ) (704 32 303 ) (704 32 319 ) (704 128 319 ) 
3 957 (576 32 408 ) (576 32 368 ) (656 32 368 ) 
4 957 (576 128 384 ) (576 128 368 ) (576 32 368 ) (576 32 384 ) 
4 957 (576 32 368 ) (576 128 368 ) (608 128 368 ) (608 32 368 ) 
5 957 (576 128 368 ) (576 128 400 ) (592 128 400 ) (608 128 392 ) (608 128 368 ) 
3 957 (592 128 400 ) (608 128 400 ) (608 128 392 ) 
3 957 (608 128 368 ) (608 128 392 ) (656 128 368 ) 
3 957 (576 128 408 ) (592 128 400 ) (576 128 400 ) 
5 958 (640 32 336 ) (672 32 336 ) (672 32 360 ) (656 32 368 ) (640 32 368 ) 
4 958 (640 128 336 ) (640 32 336 ) (640 32 352 ) (640 128 352 ) 
5 958 (640 128 336 ) (640 128 368 ) (656 128 368 ) (672 128 360 ) (672 128 336 ) 
4 958 (640 128 336 ) (672 128 336 ) (672 32 336 ) (640 32 336 ) 
4 959 (640 32 352 ) (640 32 368 ) (608 32 368 ) (608 32 352 ) 
4 959 (640 128 352 ) (608 128 352 ) (608 128 368 ) (640 128 368 ) 
4 959 (608 32 352 ) (608 32 368 ) (608 128 368 ) (608 128 352 ) 
4 959 (608 32 352 ) (608 128 352 ) (640 128 352 ) (640 32 352 ) 
4 960 (800 32 271 ) (800 32 303 ) (768 32 303 ) (768 32 271 ) 
4 960 (768 128 271 ) (768 32 271 ) (768 32 287 ) (768 128 287 ) 
4 960 (768 128 271 ) (768 128 303 ) (800 128 303 ) (800 128 271 ) 
4 960 (768 128 271 ) (800 128 271 ) (800 32 271 ) (768 32 271 ) 
4 961 (768 32 303 ) (736 32 303 ) (736 32 287 ) (768 32 287 ) 
4 961 (768 128 287 ) (736 128 287 ) (736 128 303 ) (768 128 303 ) 
4 961 (736 32 287 ) (736 32 303 ) (736 128 303 ) (736 128 287 ) 
4 961 (736 32 287 ) (736 128 287 ) (768 128 287 ) (768 32 287 ) 
4 962 (576 32 384 ) (576 32 408 ) (528 32 432 ) (528 32 384 ) 
4 962 (528 32 384 ) (528 32 400 ) (528 128 400 ) (528 128 384 ) 
4 962 (576 128 400 ) (576 128 384 ) (528 128 384 ) (528 128 400 ) 
4 962 (576 128 408 ) (576 128 400 ) (528 128 400 ) (528 128 432 ) 
4 962 (528 32 384 ) (528 128 384 ) (576 128 384 ) (576 32 384 ) 
4 963 (304 32 448 ) (288 32 448 ) (288 32 400 ) (304 32 400 ) 
4 963 (416 32 448 ) (320 32 448 ) (320 32 400 ) (416 32 400 ) 
4 963 (528 32 400 ) (528 32 448 ) (432 32 448 ) (432 32 400 ) 
4 963 (528 128 432 ) (528 128 400 ) (528 160 400 ) (528 160 432 ) 
4 963 (288 32 400 ) (288 160 400 ) (528 160 400 ) (528 32 400 ) 
4 964 (0 256 128 ) (288 256 128 ) (288 256 400 ) (0 256 400 ) 
4 964 (0 1024 128 ) (288 1024 128 ) (288 256 128 ) (0 256 128 ) 
3 964 (288 560 272 ) (288 560 304 ) (288 512 288 ) 
4 964 (288 560 304 ) (288 560 704 ) (288 464 704 ) (288 464 272 ) 
4 964 (288 464 128 ) (288 464 704 ) (288 448 704 ) (288 448 128 ) 
4 964 (288 576 128 ) (288 576 704 ) (288 560 704 ) (288 560 128 ) 
4 964 (288 448 704 ) (288 460 704 ) (288 460 768 ) (288 448 768 ) 
4 964 (288 460 704 ) (288 576 704 ) (288 576 768 ) (288 460 768 ) 
4 965 (80 32 448 ) (0 32 448 ) (0 32 400 ) (80 32 400 ) 
4 965 (288 32 400 ) (288 32 448 ) (208 32 448 ) (208 32 400 ) 
4 965 (192 32 448 ) (96 32 448 ) (96 32 400 ) (192 32 400 ) 
4 965 (0 256 400 ) (288 256 400 ) (288 32 400 ) (0 32 400 ) 
4 966 (0 0 768 ) (0 0 448 ) (1024 0 448 ) (1024 0 768 ) 
4 966 (80 0 448 ) (0 0 448 ) (0 32 448 ) (80 32 448 ) 
4 966 (304 0 448 ) (208 0 448 ) (208 32 448 ) (304 32 448 ) 
4 966 (416 0 448 ) (320 0 448 ) (320 32 448 ) (416 32 448 ) 
4 966 (192 0 448 ) (96 0 448 ) (96 32 448 ) (192 32 448 ) 
4 966 (528 0 448 ) (432 0 448 ) (432 32 448 ) (528 32 448 ) 
5 967 (784 0 304 ) (1024 0 304 ) (1024 0 448 ) (528 0 448 ) (528 0 432 ) 
4 967 (992 0 304 ) (896 0 304 ) (896 32 304 ) (992 32 304 ) 
4 967 (1024 0 304 ) (1008 0 304 ) (1008 32 304 ) (1024 32 304 ) 
4 967 (880 0 304 ) (784 0 304 ) (784 32 304 ) (880 32 304 ) 
4 967 (528 0 432 ) (528 0 448 ) (528 32 448 ) (528 32 432 ) 
4 967 (528 0 432 ) (528 32 432 ) (784 32 304 ) (784 0 304 ) 
4 968 (416 0 400 ) (432 0 400 ) (432 0 448 ) (416 0 448 ) 
4 968 (416 32 400 ) (416 0 400 ) (416 0 448 ) (416 32 448 ) 
4 968 (416 32 400 ) (432 32 400 ) (432 0 400 ) (416 0 400 ) 
4 968 (432 32 448 ) (432 0 448 ) (432 0 400 ) (432 32 400 ) 
4 969 (304 0 400 ) (320 0 400 ) (320 0 448 ) (304 0 448 ) 
4 969 (304 32 400 ) (320 32 400 ) (320 0 400 ) (304 0 400 ) 
4 969 (320 32 448 ) (320 0 448 ) (320 0 400 ) (320 32 400 ) 
4 969 (304 32 400 ) (304 0 400 ) (304 0 448 ) (304 32 448 ) 
4 970 (192 0 400 ) (208 0 400 ) (208 0 448 ) (192 0 448 ) 
4 970 (208 32 448 ) (208 0 448 ) (208 0 400 ) (208 32 400 ) 
4 970 (192 32 400 ) (208 32 400 ) (208 0 400 ) (192 0 400 ) 
4 970 (192 32 400 ) (192 0 400 ) (192 0 448 ) (192 32 448 ) 
4 971 (80 0 400 ) (96 0 400 ) (96 0 448 ) (80 0 448 ) 
4 971 (80 32 400 ) (96 32 400 ) (96 0 400 ) (80 0 400 ) 
4 971 (96 32 448 ) (96 0 448 ) (96 0 400 ) (96 32 400 ) 
4 971 (80 32 400 ) (80 0 400 ) (80 0 448 ) (80 32 448 ) 
4 972 (992 0 256 ) (1008 0 256 ) (1008 0 304 ) (992 0 304 ) 
4 972 (1008 0 256 ) (992 0 256 ) (992 32 256 ) (1008 32 256 ) 
4 972 (1008 32 304 ) (1008 0 304 ) (1008 0 256 ) (1008 32 256 ) 
4 972 (992 32 256 ) (992 0 256 ) (992 0 304 ) (992 32 304 ) 
4 973 (880 0 256 ) (896 0 256 ) (896 0 304 ) (880 0 304 ) 
4 973 (896 32 304 ) (896 0 304 ) (896 0 256 ) (896 32 256 ) 
4 973 (896 0 256 ) (880 0 256 ) (880 32 256 ) (896 32 256 ) 
4 973 (880 32 256 ) (880 0 256 ) (880 0 304 ) (880 32 304 ) 
4 974 (736 928 -192 ) (736 928 -32 ) (736 960 -32 ) (736 960 -192 ) 
4 974 (736 928 -32 ) (736 928 0 ) (736 960 0 ) (736 960 -32 ) 
4 974 (736 960 -256 ) (736 928 -256 ) (736 928 -192 ) (736 960 -192 ) 
4 974 (736 928 0 ) (736 928 -256 ) (768 928 -256 ) (768 928 0 ) 
4 974 (960 928 -256 ) (1024 928 -256 ) (1024 928 0 ) (960 928 0 ) 
5 974 (736 928 -256 ) (736 960 -256 ) (768 1024 -256 ) (1024 1024 -256 ) (1024 928 -256 ) 
4 974 (768.001038 1024 -256 ) (736 960.001953 -256 ) (736 960.001953 0 ) (768 1024 0 ) 
4 975 (960 736 0 ) (960 736 -256 ) (960 928 -256 ) (960 928 0 ) 
4 975 (960 736 -256 ) (768 736 -256 ) (768 928 -256 ) (960 928 -256 ) 
4 975 (768 928 0 ) (768 928 -256 ) (768 736 -256 ) (768 736 0 ) 
4 976 (256 1024 -32 ) (160 1024 -32 ) (160 768 -32 ) (256 768 -32 ) 
4 976 (256 768 -192 ) (160 768 -192 ) (160 1024 -192 ) (256 1024 -192 ) 
4 976 (160 768 -32 ) (160 768 -192 ) (256 768 -192 ) (256 768 -32 ) 
4 976 (256 1024 -32 ) (256 768 -32 ) (256 768 -192 ) (256 1024 -192 ) 
4 977 (800 560 -256 ) (800 544 -256 ) (800 544 -248 ) (800 560 -248 ) 
4 977 (800 544 -98.666672 ) (800 544 -77.333321 ) (800 560 -72 ) (800 560 -104 ) 
4 977 (800 544 -77.333321 ) (800 544 0 ) (800 560 0 ) (800 560 -72 ) 
4 977 (800 576 -256 ) (800 560 -256 ) (800 560 0 ) (800 576 0 ) 
4 977 (992 544 -248 ) (1024 544 -246 ) (1024 544 -192 ) (992 544 -192 ) 
4 977 (952.008606 544 -250.500534 ) (864.017334 544 -256 ) (800 576.008667 -256 ) (928.003540 576.006775 -248 ) 
3 977 (992.008545 544 -248 ) (952.008606 544 -250.500534 ) (928.008606 576 -248 ) 
4 977 (960 736 -226 ) (960 736 0 ) (1024 736 0 ) (1024 736 -222 ) 
3 977 (800 544 -256 ) (800 576 -256 ) (864 544 -256 ) 
3 978 (1024 544 -250 ) (1024 544 -246 ) (992 544 -248 ) 
4 978 (928.002319 576 -248 ) (992 703.997620 -248 ) (1024 703.997681 -250 ) (1024 576 -254 ) 
4 978 (960 736 -245 ) (960 736 -226 ) (1024 736 -222 ) (1024 736 -249 ) 
4 978 (1024 544 -250 ) (991.993225 544 -248 ) (927.968872 576.010315 -248 ) (1024 576.010315 -254.001480 ) 
3 979 (1024 704.003906 -250 ) (992.001648 704.003906 -248 ) (1024 712 -250 ) 
4 979 (960 736 -246 ) (960 736 -245 ) (1024 736 -249 ) (1024 736 -250 ) 
5 980 (992.002014 704.015503 -248 ) (927.995850 576.003113 -248 ) (800 576.003113 -256 ) (800 576.015320 -256 ) (864 704.015808 -256 ) 
3 980 (991.992676 703.996033 -248 ) (863.992188 703.996033 -256 ) (863.992188 736 -256 ) 
3 980 (960 736 -250 ) (960 736 -246 ) (992 736 -248 ) 
4 980 (800 576 -256 ) (800 736 -256 ) (864 736 -256 ) (864 704 -256 ) 
4 981 (960 736 -251 ) (960 736 -250 ) (992 736 -248 ) (1000 736 -248.500000 ) 
4 981 (991.988281 703.997070 -248 ) (863.976562 736 -256 ) (880.018066 736 -256 ) (992.013855 704.001038 -248 ) 
5 982 (960 736 -251 ) (1000 736 -248.500000 ) (1024 736 -250 ) (1024 736 -256 ) (960 736 -256 ) 
4 982 (1024 712.001526 -250 ) (991.992188 704 -248 ) (879.990234 736 -256 ) (1024 736 -256 ) 
4 983 (992 160 0 ) (992 160 -192 ) (1024 160 -192 ) (1024 160 0 ) 
4 983 (1024 160 -192 ) (992 160 -192 ) (992 544 -192 ) (1024 544 -192 ) 
3 984 (928 384 -240 ) (864 256 -240 ) (864 384 -240 ) 
5 984 (943.992188 160 -224 ) (911.995728 160 -228 ) (863.994019 256.003418 -240 ) (927.992310 384 -240 ) (991.992126 256 -224 ) 
5 984 (864 224 -236 ) (864 160 -228 ) (864 160 0 ) (864 192 0 ) (864 224 -192 ) 
3 984 (864 256 -240 ) (912 160 -228 ) (864 160 -228 ) 
5 984 (992 160 -192 ) (992 160 -218 ) (992 512 -240 ) (992 544 -240 ) (992 544 -192 ) 
5 984 (864 160 -227.996063 ) (912.031372 160 -227.996063 ) (992 160 -218 ) (992 160 0 ) (864 160 0 ) 
3 985 (800 544 -77.333321 ) (800 544 -98.666672 ) (800 512 -88 ) 
4 985 (800 464 0 ) (800 544 0 ) (800 544 -77.333321 ) (800 464 -104 ) 
4 985 (800 448 0 ) (800 464 0 ) (800 464 -240 ) (800 448 -240 ) 
4 985 (800 256 -240 ) (800 384 -240 ) (864 384 -240 ) (864 256 -240 ) 
4 985 (800 224 -192 ) (800 224 -236 ) (864 224 -236 ) (864 224 -192 ) 
4 985 (800 224 -236 ) (800 256 -240 ) (864 256 -240 ) (864 224 -236 ) 
4 986 (800 224 -192.004120 ) (864 224 -192.004120 ) (864 192 0 ) (800 192 0 ) 
3 987 (992 160 -224 ) (944.007812 160 -224 ) (992 255.984360 -224 ) 
3 987 (992 256 -224 ) (992 160 -218 ) (992 160 -224 ) 
3 987 (992 160 -224 ) (992 160 -218 ) (944 160 -224 ) 
3 988 (992 256 -224 ) (992 384 -240 ) (992 512 -240 ) 
3 988 (992 256 -224 ) (928 384 -240 ) (992 384 -240 ) 
5 989 (800 544 -256 ) (800 512 -256 ) (800 464 -250 ) (800 464 -248 ) (800 544 -248 ) 
4 989 (800 464 -250 ) (800 448 -248 ) (800 448 -240 ) (800 464 -240 ) 
3 989 (928.012878 383.997711 -240 ) (864.016357 511.992310 -255.998978 ) (992 511.992310 -248 ) 
4 989 (863.992737 511.988007 -256 ) (863.992737 544 -256 ) (992 544 -248 ) (992 511.995331 -248 ) 
4 989 (992 426.666656 -240 ) (992 512 -248 ) (992 544 -248 ) (992 544 -240 ) 
4 989 (800 512 -256 ) (800 544 -256 ) (864 544 -256 ) (864 512 -256 ) 
4 989 (928 384 -240 ) (800 384 -240 ) (800 512.001648 -256 ) (864 512.001648 -256 ) 
3 990 (992 426.666656 -240 ) (992 384 -240 ) (992 512 -248 ) 
4 990 (927.993347 383.994507 -240 ) (991.995239 511.998199 -248 ) (992 511.993439 -248 ) (992 383.996429 -240 ) 
4 991 (768 640 -256 ) (768 736 -256 ) (800 736 -256 ) (800 576 -256 ) 
4 991 (768 640 0 ) (768 640 -256 ) (800 576 -256 ) (800 576 0 ) 
4 992 (800 560 -104.002121 ) (788 560 -104.002121 ) (788 511.997650 -88.001816 ) (800 511.997650 -88.001816 ) 
4 992 (788 464 -104.002037 ) (800 464 -104.002037 ) (800 512.003662 -88.001221 ) (788 512.003662 -88.001221 ) 
4 992 (788 464 -152 ) (800 464 -152 ) (800 464 -104 ) (788 464 -104 ) 
4 992 (788 560 -104 ) (800 560 -104 ) (800 560 -152 ) (788 560 -152 ) 
5 992 (788 464 -104.002838 ) (788 512 -88.002594 ) (788 560 -104.002594 ) (788 560 -152 ) (788 464 -152 ) 
4 993 (780 560 -104 ) (780 560 -152 ) (768 560 -152 ) (768 560 -104 ) 
4 993 (768 464 -104 ) (768 464 -152 ) (780 464 -152 ) (780 464 -104 ) 
4 993 (768 512.003662 -88.001221 ) (768 464 -104.002037 ) (780 464 -104.002037 ) (780 512.003662 -88.001221 ) 
5 993 (780 560 -104 ) (780 512 -88 ) (780 464 -104 ) (780 464 -152 ) (780 560 -152 ) 
4 993 (768 511.990234 -88 ) (780 511.990234 -88 ) (780 560 -104.002602 ) (768 560 -104.002602 ) 
4 994 (800 560 -152 ) (800 560 -248 ) (768 560 -248 ) (768 560 -152 ) 
4 994 (768 464 -152 ) (768 464 -248 ) (800 464 -248 ) (800 464 -152 ) 
4 994 (788 560 -152 ) (780 560 -152 ) (780 464 -152 ) (788 464 -152 ) 
4 994 (800 464 -248 ) (768 464 -248 ) (768 560 -248 ) (800 560 -248 ) 
4 995 (544 564 -16 ) (544 512 -16 ) (544 512 0 ) (544 564 0 ) 
3 995 (736 640 -16 ) (768 560 -16 ) (544 512 -16 ) 
4 995 (544 512 0 ) (544 512 -16 ) (768 560 -16 ) (768 560 0 ) 
4 995 (672.001709 703.998352 0 ) (672.001709 703.998352 -16 ) (591.997009 736 -16 ) (591.997009 736 0 ) 
4 995 (544 736 -16 ) (544 736 0 ) (592 736 0 ) (592 736 -16 ) 
4 995 (736 640 0 ) (768 559.998291 0 ) (768 559.998291 -16 ) (736 640 -16 ) 
4 995 (736 640 0 ) (736 640 -16 ) (672 704 -16 ) (672 704 0 ) 
3 996 (544 512 -16 ) (768 512 -16 ) (768 560 -16 ) 
4 996 (768 512 -16 ) (768 512 -32 ) (768 560 -32 ) (768 560 -16 ) 
4 996 (768 560.001648 -32 ) (544 512.001648 -32 ) (544 512.001648 -16 ) (768 560.001526 -16 ) 
6 997 (544 512.002258 -32 ) (671.998108 703.993286 -32 ) (672.012512 703.987549 -32 ) (735.980896 640.019104 -32 ) (735.990967 639.993958 -32 ) (544 512 -32 ) 
4 997 (736 639.997925 -16 ) (544.003967 512 -16 ) (544.003967 512 -32 ) (736.001160 639.998169 -32 ) 
4 997 (735.997620 640.002380 -16 ) (735.997620 640.002380 -32 ) (672 704 -32 ) (672 704 -16 ) 
4 998 (544 512 -48 ) (544 512 -64 ) (596 512 -64 ) (596 512 -48 ) 
4 998 (544.003967 512 -48 ) (544.003967 512 -32 ) (736 639.997925 -32 ) (736.001709 640 -48 ) 
4 998 (736 640 -32 ) (768 559.998291 -32 ) (768 559.998291 -64 ) (736 640 -64 ) 
4 998 (768 512 -32 ) (768 512 -64 ) (768 560 -64 ) (768 560 -32 ) 
3 998 (544 512 -32 ) (767.989441 559.997681 -32 ) (735.990967 639.993958 -32 ) 
4 999 (671.997925 704 -64 ) (544 512.003967 -64 ) (544 512.002136 -48 ) (671.997681 704 -48 ) 
4 999 (735.997620 640.002380 -48 ) (735.997620 640.002380 -64 ) (672.001343 703.998657 -64 ) (672.001343 703.998657 -48 ) 
3 999 (544.006531 512.009827 -48 ) (735.996704 640.003296 -48 ) (672.001526 703.998474 -48 ) 
4 1000 (544 564 -48 ) (544 512 -48 ) (544 512 -16 ) (544 564 -16 ) 
4 1000 (592 736 -48 ) (672.004089 703.998352 -48 ) (544.005188 512 -48 ) (544 512 -48 ) 
4 1000 (672 704 -16 ) (672 704 -48 ) (591.997009 736 -48 ) (591.997009 736 -16 ) 
4 1000 (544 736 -48 ) (544 736 -16 ) (592 736 -16 ) (592 736 -48 ) 
4 1000 (671.997681 704 -48 ) (671.997375 704 -32 ) (544 512 -32 ) (544 512.002136 -48 ) 
3 1001 (544 512 -64 ) (544 736 -64 ) (592 736 -64 ) 
4 1001 (544 736 -64 ) (544 736 -48 ) (592 736 -48 ) (592 736 -64 ) 
4 1001 (591.998901 736 -48 ) (544 512.005249 -48 ) (544 512.005249 -64 ) (592 736 -64 ) 
4 1002 (768 560 -256 ) (768 512 -256 ) (596 512 -256 ) (596 523.142883 -256 ) 
4 1002 (596 512 -240 ) (596 512 -112 ) (596 524 -112 ) (596 524 -240 ) 
3 1002 (596 590 -64 ) (672.002319 704.003540 -64 ) (596 734.405701 -64 ) 
4 1002 (736 640 -64 ) (768 559.998291 -64 ) (768 559.998291 -256 ) (736 640 -256 ) 
4 1002 (768 512 -64 ) (768 512 -88 ) (768 560 -72 ) (768 560 -64 ) 
3 1002 (768 560 -104 ) (768 560 -72 ) (768 512 -88 ) 
4 1002 (768 560 -248 ) (768 512 -248 ) (768 512 -256 ) (768 560 -256 ) 
4 1002 (596 734.398804 -64 ) (672.001709 703.998352 -64 ) (672.001709 703.998352 -256 ) (596 734.398804 -256 ) 
4 1002 (672.002014 704 -256 ) (672.002014 704 -64 ) (736 640.002075 -64 ) (736 640.002075 -256 ) 
4 1003 (544 512 -64 ) (544 512 -80 ) (596 512 -80 ) (596 512 -64 ) 
5 1003 (592 736 -64 ) (544 512 -64 ) (596 590 -64 ) (596 734.405701 -64 ) (592.014404 736 -64 ) 
4 1003 (596 734.398804 -64 ) (596 734.398804 -80 ) (591.997009 736 -80 ) (591.997009 736 -64 ) 
4 1003 (544 512 -64 ) (592 736 -64 ) (591.998901 736 -80 ) (544 512 -80 ) 
4 1004 (544 736 -80 ) (544 736 -112 ) (544 512 -112 ) (544 512 -80 ) 
4 1004 (544 512 -80 ) (544 512 -112 ) (596 512 -112 ) (596 512 -80 ) 
7 1004 (596 524 -112 ) (596 512 -112 ) (544 512 -112 ) (544 564 -112 ) (556 564 -112 ) (576 556 -112 ) (588 544 -112 ) 
3 1004 (544 736 -80 ) (544 512 -80 ) (592 736 -80 ) 
4 1004 (596 734.398804 -80 ) (596 734.398804 -112 ) (591.997009 736 -112 ) (591.997009 736 -80 ) 
4 1004 (544 736 -112 ) (544 736 -80 ) (592 736 -80 ) (592 736 -112 ) 
4 1005 (544 736 -128 ) (544 736 -144 ) (544 564 -144 ) (544 564 -128 ) 
4 1005 (544 736 -112 ) (544 736 -128 ) (544 564 -128 ) (544 564 -112 ) 
4 1005 (556 564 -240 ) (556 564 -112 ) (544 564 -112 ) (544 564 -240 ) 
4 1005 (596 734.398804 -112 ) (596 734.398804 -256 ) (591.997009 736 -256 ) (591.997009 736 -112 ) 
4 1005 (544 736 -192 ) (592 736 -192 ) (592 736 -256 ) (544 736 -256 ) 
4 1005 (544 736 -112 ) (592 736 -112 ) (592 736 -192 ) (544 736 -192 ) 
4 1006 (555.996582 564 -112 ) (555.996582 564 -240 ) (576 556 -240 ) (576 556 -112 ) 
4 1007 (576.010010 555.989990 -112 ) (576.010010 555.989990 -240 ) (588 544 -240 ) (588 544.002075 -112 ) 
4 1008 (588.005493 543.994019 -112 ) (588.005493 543.994019 -240 ) (596 524.007751 -240 ) (596 524 -112 ) 
4 1009 (544 564 -256 ) (544 512 -256 ) (544 512 -240 ) (544 564 -240 ) 
3 1009 (544 512 -256 ) (596 523.142883 -256 ) (596 512 -256 ) 
7 1009 (544 512 -240 ) (596 512 -240 ) (596 524 -240 ) (588 544 -240 ) (576 556 -240 ) (556 564 -240 ) (544 564 -240 ) 
4 1010 (736 736 -256 ) (768 736 -256 ) (768 640 -256 ) (736 704 -256 ) 
4 1010 (736 736 0 ) (768 736 0 ) (768 736 -256 ) (736 736 -256 ) 
4 1010 (752.001221 672 0 ) (736 704.001953 0 ) (736 704.001953 -256 ) (752.001221 672 -256 ) 
4 1010 (752.001221 672 0 ) (752.001221 672 -256 ) (768 640.001953 -256 ) (768 640.001953 0 ) 
4 1010 (736 736 0 ) (736 736 -256 ) (736 704 -256 ) (736 704 0 ) 
4 1011 (736 384.001892 0 ) (671.997314 319.998932 0 ) (671.997314 319.998932 -16 ) (736 384.001892 -16 ) 
4 1011 (544 460 0 ) (544 512 0 ) (544 512 -16 ) (544 460 -16 ) 
4 1011 (592 288 0 ) (544 288 0 ) (544 288 -16 ) (592 288 -16 ) 
3 1011 (544 512 0 ) (736 384 0 ) (768 464 0 ) 
4 1011 (592.001221 288 0 ) (592.001221 288 -16 ) (672 320 -16 ) (672 320 0 ) 
4 1011 (736.004333 384.004333 0 ) (736.004333 384.004333 -16 ) (768 463.993561 -16 ) (768 463.993561 0 ) 
4 1011 (767.996643 464 0 ) (767.996643 464 -16 ) (544 512 -16 ) (544 512 0 ) 
4 1012 (671.997314 319.998932 -16 ) (671.997314 319.998932 -48 ) (736 384.001892 -48 ) (736 384.001892 -16 ) 
4 1012 (544 460 -16 ) (544 512 -16 ) (544 512 -48 ) (544 460 -48 ) 
7 1012 (544 512 -48 ) (596 512 -48 ) (596 500 -48 ) (588 480 -48 ) (576 468 -48 ) (556 460 -48 ) (544 460 -48 ) 
3 1012 (768 464 -16 ) (768 512 -16 ) (544 512 -16 ) 
4 1012 (736.004333 384.004333 -16 ) (736.004333 384.004333 -48 ) (768 463.993561 -48 ) (768 463.993561 -16 ) 
4 1012 (592.001221 288 -16 ) (592.001221 288 -48 ) (672 320 -48 ) (672 320 -16 ) 
4 1012 (544 288 -16 ) (544 288 -48 ) (592 288 -48 ) (592 288 -16 ) 
4 1012 (768 512 -48 ) (768 512 -16 ) (768 464 -16 ) (768 464 -48 ) 
4 1013 (736 384.001892 -48 ) (671.997314 319.998932 -48 ) (671.997314 319.998932 -176 ) (736 384.001892 -176 ) 
4 1013 (596 512 -176 ) (596 500 -176 ) (596 500 -48 ) (596 512 -48 ) 
4 1013 (768 512 -88 ) (768 512 -48 ) (768 464 -48 ) (768 464 -104 ) 
4 1013 (596 289.599548 -48 ) (596 289.599548 -176 ) (672 320 -176 ) (672 320 -48 ) 
4 1013 (768 463.996063 -176 ) (768 464.001068 -48 ) (735.998901 383.998901 -48 ) (736.002502 384.002533 -176 ) 
4 1014 (596 499.997498 -48 ) (596 499.997498 -176 ) (588.002319 480.002319 -176 ) (588.002319 480.002319 -48 ) 
4 1015 (587.998169 479.998199 -48 ) (587.998169 479.998199 -176 ) (576 468 -176 ) (576 468 -48 ) 
4 1016 (576.001282 468 -48 ) (576.001282 468 -176 ) (556.001404 460 -176 ) (556.001404 460 -48 ) 
4 1017 (544 460 -48 ) (556 460 -48 ) (556 460 -176 ) (544 460 -176 ) 
4 1017 (596 289.599548 -48 ) (592.001221 288 -48 ) (592.001221 288 -176 ) (596 289.599548 -176 ) 
4 1017 (544 288 -48 ) (544 288 -176 ) (592 288 -176 ) (592 288 -48 ) 
4 1018 (671.997314 319.998932 -176 ) (671.997314 319.998932 -192 ) (736 384.001892 -192 ) (736 384.001892 -176 ) 
3 1018 (544 512 -192 ) (592 288 -192 ) (544 288 -192 ) 
4 1018 (544 288 -176 ) (544 288 -192 ) (592 288 -192 ) (592 288 -176 ) 
4 1018 (592.001221 288 -176 ) (592.001221 288 -192 ) (672 320 -192 ) (672 320 -176 ) 
4 1018 (596 512 -176 ) (596 512 -192 ) (544 512 -192 ) (544 512 -176 ) 
4 1018 (768 463.995422 -192 ) (768 463.996063 -176 ) (736.002502 384.002533 -176 ) (736.002930 384.002991 -192 ) 
7 1018 (544 460 -176 ) (556 460 -176 ) (576 468 -176 ) (588 480 -176 ) (596 500 -176 ) (596 512 -176 ) (544 512 -176 ) 
4 1019 (671.997314 319.998932 -192 ) (671.997314 319.998932 -208 ) (736 384.001892 -208 ) (736 384.001892 -192 ) 
3 1019 (544 512 -208 ) (672 320 -208 ) (592 288 -208 ) 
4 1019 (768 463.994812 -208 ) (768 463.995422 -192 ) (736.002930 384.002991 -192 ) (736.003418 384.003418 -208 ) 
4 1019 (596 512 -192 ) (596 512 -208 ) (544 512 -208 ) (544 512 -192 ) 
4 1019 (592.001221 288 -192 ) (592.001221 288 -208 ) (672 320 -208 ) (672 320 -192 ) 
4 1019 (591.998840 288 -192 ) (544 511.994873 -192 ) (544 511.993439 -208 ) (591.998718 288 -208 ) 
4 1020 (671.997314 319.998932 -208 ) (671.997314 319.998932 -224 ) (736 384.001892 -224 ) (736 384.001892 -208 ) 
3 1020 (544 512 -224 ) (736 384 -224 ) (672 320 -224 ) 
4 1020 (768 463.994171 -224 ) (768 463.994812 -208 ) (736.003418 384.003418 -208 ) (736.003845 384.003876 -224 ) 
4 1020 (596 512 -208 ) (596 512 -224 ) (544 512 -224 ) (544 512 -208 ) 
4 1020 (672 320 -208 ) (544.003357 512 -208 ) (544 512 -224 ) (672 320 -224 ) 
3 1021 (544 512 -240 ) (768 464 -240 ) (736 384 -240 ) 
4 1021 (596 512 -224 ) (596 512 -240 ) (544 512 -240 ) (544 512 -224 ) 
4 1021 (768 463.994171 -224 ) (736.003845 384.003876 -224 ) (736.004333 384.004333 -240 ) (768 463.993561 -240 ) 
4 1021 (544.003906 512 -240 ) (735.995422 384.005676 -240 ) (735.995422 384.005676 -224 ) (544.004883 512 -224 ) 
3 1022 (544 512 -256 ) (768 512 -256 ) (768 464 -256 ) 
4 1022 (768 512 -248 ) (768 464 -248 ) (768 464 -256 ) (768 512 -256 ) 
4 1022 (544 512 -256 ) (768 464 -256 ) (768 464 -240 ) (544 512 -240 ) 
4 1023 (768 560 -272 ) (768 560 -256 ) (544 512 -256 ) (544 512 -272 ) 
4 1023 (736.001892 639.998108 -272 ) (736.001831 639.998169 -256 ) (768 560.002625 -256 ) (768 560.002808 -272 ) 
4 1023 (544.006042 511.996246 -272 ) (736 639.994751 -272 ) (736.003601 639.991150 -272 ) (768 560 -272 ) 
4 1024 (544 564 -288 ) (544 512 -288 ) (544 512 -256 ) (544 564 -256 ) 
6 1024 (671.997925 703.996887 -288 ) (672 703.995911 -288 ) (736 640 -288 ) (736.001038 639.997559 -288 ) (544.006836 512.001465 -288 ) (544 512 -288 ) 
4 1024 (591.991150 736 -288 ) (591.994080 736 -256 ) (672 703.997742 -256 ) (672 703.997742 -288 ) 
4 1024 (544.007690 512.001221 -272 ) (544.007690 512.001221 -288 ) (736 639.997925 -288 ) (736 639.997925 -272 ) 
4 1024 (735.996887 640.003113 -256 ) (735.996887 640.003113 -288 ) (672 704 -288 ) (672 704 -256 ) 
4 1024 (592 736 -288 ) (544 736 -288 ) (544 736 -256 ) (592 736 -256 ) 
4 1025 (544 564 -304 ) (544 512 -304 ) (544 512 -288 ) (544 564 -288 ) 
3 1025 (544 512 -304 ) (592 736 -304 ) (672 704 -304 ) 
4 1025 (592 736 -288 ) (592 736 -304 ) (544 736 -304 ) (544 736 -288 ) 
4 1025 (591.991150 736 -288 ) (672 703.997742 -288 ) (672 703.997742 -304 ) (591.989685 736 -304 ) 
4 1025 (544 512.003906 -304 ) (671.993469 703.994202 -304 ) (671.993469 703.994202 -288 ) (544 512.003906 -288 ) 
4 1026 (578.285706 672 -320 ) (550.857178 544 -320 ) (544 544 -320 ) (544 672 -320 ) 
4 1026 (544 736 -320 ) (592 736 -320 ) (578.285706 672 -320 ) (544 672 -320 ) 
3 1026 (550.857178 544 -320 ) (544 512 -320 ) (544 544 -320 ) 
4 1026 (544 736 -304 ) (592 736 -304 ) (592 736 -320 ) (544 736 -320 ) 
4 1026 (591.998718 736 -320 ) (591.998718 736 -304 ) (544 512.005249 -304 ) (544 512.005249 -320 ) 
4 1027 (532.003540 460 -48 ) (532.003540 460 -112 ) (511.998108 468.001953 -112 ) (511.998108 468.001953 -48 ) 
4 1027 (532.003540 460 0 ) (532.003540 460 -48 ) (511.998108 468.001953 -48 ) (511.998108 468.001953 0 ) 
4 1027 (320 544.800049 -112 ) (320 464 -112 ) (320 464 0 ) (320 544.800049 0 ) 
4 1027 (320 464.003784 0 ) (320 464.003784 -112 ) (321.599609 460 -112 ) (321.599609 460 0 ) 
3 1028 (320 560 -112 ) (348.571442 631.428650 -112 ) (447.272858 532.727234 -112 ) 
4 1028 (512.001892 467.998108 -48 ) (512.001892 467.998108 -112 ) (500 480 -112 ) (500 480 -48 ) 
4 1028 (512.001892 467.998108 0 ) (512.001892 467.998108 -48 ) (500 480 -48 ) (500 480 0 ) 
4 1028 (320 560 -112 ) (320 544.800049 -112 ) (320 544.800049 0 ) (320 560 0 ) 
4 1028 (348.567657 631.423035 0 ) (348.567657 631.423035 -112 ) (320 560.003906 -112 ) (320 560.003906 0 ) 
4 1029 (532 564 -48 ) (544 564 -48 ) (544 564 0 ) (532 564 0 ) 
4 1029 (492 734.402283 -48 ) (492 734.402283 0 ) (495.994324 736 0 ) (495.994324 736 -48 ) 
4 1029 (496 736 -48 ) (496 736 0 ) (544 736 0 ) (544 736 -48 ) 
4 1030 (499.996246 480.001617 0 ) (499.996246 480.001617 -48 ) (492 499.992950 -48 ) (492 499.992950 0 ) 
4 1031 (511.996704 555.996643 -48 ) (532.005615 564 -48 ) (532.005615 564 0 ) (511.996704 555.996643 0 ) 
4 1032 (492 523.994141 0 ) (492 523.994141 -48 ) (500.003906 544.003906 -48 ) (500.003906 544.003906 0 ) 
4 1033 (500.002228 544.002197 0 ) (500.002228 544.002197 -48 ) (512.002441 556.002441 -48 ) (512.002441 556.002441 0 ) 
4 1034 (352 640 0 ) (416 704 0 ) (416 704 -48 ) (352 640 -48 ) 
4 1034 (492 734.402283 -48 ) (416.003784 704.003784 -48 ) (416.003784 704.003784 0 ) (492 734.402283 0 ) 
4 1034 (492 524 0 ) (492 500 0 ) (492 500 -48 ) (492 524 -48 ) 
4 1034 (351.996521 640 0 ) (351.996521 640 -48 ) (348.567993 631.429749 -48 ) (348.567993 631.429749 0 ) 
4 1035 (544 512 -48 ) (492 512 -48 ) (492 512 -80 ) (544 512 -80 ) 
4 1035 (543.997925 512 -64 ) (543.997925 512 -80 ) (495.998199 736 -80 ) (495.998199 736 -64 ) 
3 1035 (495.996460 735.998596 -80 ) (543.995056 512.007446 -80 ) (416 704 -80 ) 
7 1035 (544 512 -48 ) (532.857239 564 -48 ) (532 564 -48 ) (512 556 -48 ) (500 544 -48 ) (492 524 -48 ) (492 512 -48 ) 
4 1035 (352 640 -48 ) (416 704 -48 ) (416 704 -80 ) (352 640 -80 ) 
4 1035 (416.003784 704.003784 -80 ) (416.003784 704.003784 -48 ) (495.994324 736 -48 ) (495.994324 736 -80 ) 
4 1035 (348.571777 631.428284 -48 ) (352 640 -48 ) (352 640 -80 ) (348.571777 631.428284 -80 ) 
4 1036 (492 512 -96 ) (544 512 -96 ) (544 512 -80 ) (492 512 -80 ) 
5 1036 (352.006897 639.995422 -96 ) (352.014526 640.014526 -96 ) (416 704 -96 ) (543.996765 512.004883 -96 ) (543.997437 512.001709 -96 ) 
4 1036 (352 640 -96 ) (352 640 -80 ) (416 704 -80 ) (416 704 -96 ) 
4 1036 (348.570312 631.429688 -96 ) (348.570312 631.429688 -80 ) (351.997406 639.997437 -80 ) (351.997406 639.997437 -96 ) 
4 1036 (543.994141 512.004822 -96 ) (416 704 -96 ) (416 704 -80 ) (544 512 -80 ) 
4 1037 (447.272827 532.727234 -112 ) (348.571442 631.428650 -112 ) (352 640 -112 ) (544 512 -112 ) 
4 1037 (492 512 -112 ) (544 512 -112 ) (544 512 -96 ) (492 512 -96 ) 
4 1037 (348.570312 631.429688 -112 ) (348.570312 631.429688 -96 ) (351.997406 639.997437 -96 ) (351.997406 639.997437 -112 ) 
4 1037 (352.001556 640.001587 -112 ) (352.001556 640.001587 -96 ) (544 512.002991 -96 ) (544 512.002991 -112 ) 
4 1038 (496 736 -64 ) (496 736 -48 ) (544 736 -48 ) (544 736 -64 ) 
3 1038 (544 512 -48 ) (544 564 -48 ) (532.857239 564 -48 ) 
5 1038 (544 512 -64 ) (543.996643 512 -64 ) (495.996887 735.998779 -64 ) (496 736 -64 ) (544 736 -64 ) 
4 1039 (492 499.994263 -112 ) (492 499.994263 -48 ) (499.996155 480.003876 -48 ) (499.996155 480.003876 -112 ) 
4 1040 (492 500 -48 ) (492 500 -112 ) (492 512 -112 ) (492 512 -48 ) 
3 1041 (320 464 -128 ) (320 560 -128 ) (544 512 -128 ) 
4 1041 (544 511.997986 -128 ) (320 559.998596 -128 ) (320 559.998596 -112 ) (544 511.998596 -112 ) 
7 1041 (544 512 -112 ) (492 512 -112 ) (492 500 -112 ) (500 480 -112 ) (512 468 -112 ) (532 460 -112 ) (544 460 -112 ) 
4 1041 (320 560 -128 ) (320 464 -128 ) (320 464 -112 ) (320 560 -112 ) 
4 1041 (544 460 -112 ) (544 460 -128 ) (544 512 -128 ) (544 512 -112 ) 
4 1041 (321.600800 460 -112 ) (320 464.002014 -112 ) (320 464.002014 -128 ) (321.599609 460 -128 ) 
4 1042 (544 512 -144 ) (466 460 -144 ) (321.600006 460 -144 ) (320 464 -144 ) 
4 1042 (544 512 -144 ) (320 464 -144 ) (320 464 -128 ) (544 512 -128 ) 
4 1042 (544 460 -128 ) (544 460 -144 ) (544 512 -144 ) (544 512 -128 ) 
4 1042 (321.600800 460 -144 ) (321.600800 460 -128 ) (320 464.003082 -128 ) (320 464.003082 -144 ) 
3 1043 (352 384 -144 ) (321.599976 460 -144 ) (466 460 -144 ) 
4 1043 (416 320 0 ) (416 320 -144 ) (496.001404 288 -144 ) (496.001404 288 0 ) 
4 1043 (496 288 -144 ) (544 288 -144 ) (544 288 0 ) (496 288 0 ) 
4 1043 (532 460 -48 ) (532 460 0 ) (544 460 0 ) (544 460 -48 ) 
4 1043 (532 460 -112 ) (532 460 -48 ) (544 460 -48 ) (544 460 -112 ) 
4 1043 (352.002197 383.997833 0 ) (321.601196 460 0 ) (321.601196 460 -144 ) (352.002197 383.997833 -144 ) 
4 1043 (352.001801 383.998199 0 ) (352.001801 383.998199 -144 ) (416.005920 319.994080 -144 ) (416.005920 319.994080 0 ) 
4 1044 (352 736 -320 ) (544 736 -320 ) (544 704 -320 ) (352 704 -320 ) 
4 1044 (352 736 -144 ) (544 736 -144 ) (544 736 -192 ) (352 736 -192 ) 
4 1044 (352 736 -192 ) (544 736 -192 ) (544 736 -256 ) (352 736 -256 ) 
4 1044 (352 736 -256 ) (544 736 -256 ) (544 736 -320 ) (352 736 -320 ) 
4 1044 (352 704 -144 ) (544 704 -144 ) (544 736 -144 ) (352 736 -144 ) 
4 1044 (352 704 -320 ) (352 704 -144 ) (352 736 -144 ) (352 736 -320 ) 
3 1045 (160 564 -174.666641 ) (160 564 -145.333328 ) (160 608 -160 ) 
4 1045 (160 564 -145.333328 ) (160 564 -144 ) (160 656 -144 ) (160 656 -176 ) 
4 1045 (160 656 -192 ) (160 656 -144 ) (160 704 -144 ) (160 704 -192 ) 
4 1045 (160 704 -320 ) (160 656 -320 ) (160 656 -192 ) (160 704 -192 ) 
4 1045 (192 672 -320 ) (544 672 -320 ) (544 564 -320 ) (192 564 -320 ) 
4 1045 (160 672 -320 ) (160 704 -320 ) (544 704 -320 ) (544 672 -320 ) 
4 1045 (544 564 -304 ) (544 564 -176 ) (532 564 -176 ) (532 564 -304 ) 
4 1045 (160 704 -144 ) (160 564 -144 ) (544 564 -144 ) (544 704 -144 ) 
4 1045 (160 704 -144 ) (352 704 -144 ) (352 704 -320 ) (160 704 -320 ) 
3 1046 (492 564 -320 ) (532 564 -320 ) (492 548 -320 ) 
4 1046 (511.994873 555.994873 -304 ) (532.009094 564 -304 ) (532.009094 564 -176 ) (511.994873 555.994873 -176 ) 
3 1046 (532 564 -144 ) (492 564 -144 ) (492 548 -144 ) 
4 1047 (500 543.997986 -304 ) (511.998199 555.998169 -304 ) (511.998199 555.998169 -176 ) (500 543.997986 -176 ) 
3 1047 (512 556 -144 ) (492 548 -144 ) (492 536 -144 ) 
4 1048 (492 523.998718 -176 ) (492 523.998718 -304 ) (500.004730 544.005981 -304 ) (500.004730 544.005981 -176 ) 
3 1048 (500 544 -144 ) (492 536 -144 ) (492 524 -144 ) 
4 1049 (544 512 -176 ) (544 512 -144 ) (492 512 -144 ) (492 512 -176 ) 
4 1049 (544 564 -176 ) (544 564 -144 ) (544 512 -144 ) (544 512 -176 ) 
7 1049 (532 564 -144 ) (512 556 -144 ) (500 544 -144 ) (492 524 -144 ) (492 512 -144 ) (544 512 -144 ) (544 564 -144 ) 
7 1049 (544 512 -176 ) (492 512 -176 ) (492 524.003296 -176 ) (499.998444 544 -176 ) (511.997437 556 -176 ) (532 564 -176 ) (544 564 -176 ) 
5 1050 (532 564 -320 ) (544 564 -320 ) (544 544 -320 ) (492 544 -320 ) (492 548 -320 ) 
4 1050 (544 544 -320 ) (544 512 -320 ) (492 512 -320 ) (492 544 -320 ) 
4 1050 (492 512 -320 ) (544 512 -320 ) (544 512 -304 ) (492 512 -304 ) 
7 1050 (544 564 -304 ) (532.011719 564 -304 ) (511.992157 555.992188 -304 ) (500 544 -304 ) (492 524 -304 ) (492 512 -304 ) (544 512 -304 ) 
4 1051 (160 560 -176 ) (160 560 -144 ) (160 564 -145.333328 ) (160 564 -174.666656 ) 
3 1051 (160 560 -144 ) (160 564 -144 ) (160 564 -145.333328 ) 
4 1051 (160 560 -320 ) (160 512 -320 ) (160 512 -144 ) (160 560 -144 ) 
4 1051 (192 564 -320 ) (492 564 -320 ) (492 544 -320 ) (192 544 -320 ) 
4 1051 (160 512 -320 ) (160 544 -320 ) (492 544 -320 ) (492 512 -320 ) 
4 1051 (492 512 -192 ) (492 512 -176 ) (160 512 -176 ) (160 512 -192 ) 
4 1051 (160 512 -320 ) (492 512 -320 ) (492 512 -192 ) (160 512 -192 ) 
4 1051 (492 512 -176 ) (492 512 -144 ) (160 512 -144 ) (160 512 -176 ) 
4 1051 (492 524 -304 ) (492 524 -176 ) (492 512 -176 ) (492 512 -304 ) 
4 1051 (492 564 -144 ) (160 564 -144 ) (160 512 -144 ) (492 512 -144 ) 
3 1052 (544 512 -176 ) (496 288 -176 ) (416 320 -176 ) 
4 1052 (543.995239 511.994843 -160 ) (543.995239 511.994843 -176 ) (416 320.002960 -176 ) (416 320.002960 -160 ) 
4 1052 (496 288 -176 ) (544 288 -176 ) (544 288 -144 ) (496 288 -144 ) 
4 1052 (544 460 -144 ) (544 460 -176 ) (544 512 -176 ) (544 512 -144 ) 
4 1052 (496 288 -144 ) (416 320 -144 ) (416 320 -176 ) (496 288 -176 ) 
4 1053 (352.002899 383.997131 -160 ) (352.003082 383.996948 -144 ) (544 511.995636 -144 ) (544 511.995575 -160 ) 
4 1053 (416 320 -160 ) (416 320 -144 ) (352.001709 383.998291 -144 ) (352.001709 383.998291 -160 ) 
4 1053 (544 511.988373 -160 ) (416.005188 320 -160 ) (352.003113 384.002075 -160 ) (544 511.998535 -160 ) 
3 1054 (544 512 -192 ) (544 288 -192 ) (496 288 -192 ) 
4 1054 (496 288 -192 ) (544 288 -192 ) (544 288 -176 ) (496 288 -176 ) 
4 1054 (495.998901 288 -176 ) (543.998901 512 -176 ) (544 512 -192 ) (496 288 -192 ) 
4 1055 (800 384 -240 ) (800 352 -240 ) (736 320 -240 ) (768 384 -240 ) 
4 1055 (800 448 0 ) (800 448 -240 ) (736.001343 320.002686 -240 ) (736.001343 320.002686 0 ) 
3 1056 (656 160 -224 ) (608 160 -224 ) (608 255.996078 -224 ) 
4 1056 (608 256.007812 0 ) (608 256.007812 -224 ) (608 160 -224 ) (608 160 0 ) 
5 1056 (800 160 -224 ) (800 224 -224 ) (800 224 -192 ) (800 192 0 ) (800 160 0 ) 
4 1056 (800 160 -224 ) (800 160 0 ) (608 160 0 ) (608 160 -224 ) 
4 1056 (736 320.001160 0 ) (736 320.001160 -224 ) (608 256 -224 ) (608 256 0 ) 
4 1057 (736 320 -240 ) (800 352 -240 ) (800 256 -240 ) (736 256 -240 ) 
4 1057 (656 160 -224 ) (608.002747 255.994537 -224 ) (736 256.001678 -240 ) (687.996399 160 -228 ) 
4 1057 (800 160 -224 ) (800 160 -228 ) (800 224 -236 ) (800 224 -224 ) 
4 1057 (800 160 -228 ) (800 160 -224 ) (656 160 -224 ) (688 160 -228 ) 
4 1057 (800 160 -228 ) (688 160 -228 ) (735.998047 256.003784 -240 ) (800 256.003784 -240 ) 
3 1057 (736 320.001160 -224 ) (736 320.001160 -240 ) (608 256 -224 ) 
3 1057 (736 256.015503 -240 ) (608.023132 256.015533 -224.002899 ) (736 320.003906 -240 ) 
3 1058 (768 384 -240 ) (800 448 -240 ) (800 448 -248 ) 
3 1058 (800 384.007324 -240 ) (768.007568 384.007324 -240 ) (800 447.992188 -247.998108 ) 
4 1059 (160 544 -336 ) (160 544 -320 ) (160 560 -320 ) (160 560 -336 ) 
4 1059 (160 656 -320 ) (160 672 -320 ) (160 672 -336 ) (160 656 -336 ) 
4 1059 (160 672 -320 ) (192 672 -320 ) (192 672 -336 ) (160 672 -336 ) 
4 1059 (192 544 -320 ) (160 544 -320 ) (160 544 -336 ) (192 544 -336 ) 
4 1059 (192 544 -336 ) (160 544 -336 ) (160 672 -336 ) (192 672 -336 ) 
4 1059 (192 544 -320 ) (192 544 -336 ) (192 672 -336 ) (192 672 -320 ) 
4 1060 (128 768 -32 ) (128 768 -192 ) (160 768 -192 ) (160 768 -32 ) 
4 1060 (128 768 -192 ) (128 1024 -192 ) (160 1024 -192 ) (160 768 -192 ) 
4 1060 (160 1024 -32 ) (128 1024 -32 ) (128 768 -32 ) (160 768 -32 ) 
4 1061 (160 656 -176.002762 ) (128 656 -176.002762 ) (128 607.995728 -160.001404 ) (160 607.995728 -160.001404 ) 
4 1061 (128 560 -176 ) (128 560 -336 ) (160 560 -336 ) (160 560 -176 ) 
4 1061 (160 656 -176 ) (160 656 -192 ) (128 656 -192 ) (128 656 -176 ) 
4 1061 (160 656 -192 ) (160 656 -336 ) (128 656 -336 ) (128 656 -192 ) 
4 1061 (160 560 -336 ) (128 560 -336 ) (128 656 -336 ) (160 656 -336 ) 
4 1061 (160 608 -159.997162 ) (128 608 -159.997162 ) (128 560 -175.997513 ) (160 560 -175.997513 ) 
4 1062 (0 768 -192 ) (0 1024 -192 ) (128 1024 -192 ) (128 768 -192 ) 
4 1062 (0 768 -32 ) (128 768 -32 ) (128 1024 -32 ) (0 1024 -32 ) 
4 1062 (0 768 -192 ) (128 768 -192 ) (128 768 -32 ) (0 768 -32 ) 
4 1063 (64 552 -176 ) (64 544 -176 ) (112 544 -152 ) (112 552 -152 ) 
4 1063 (112 672 -152 ) (64 672 -176 ) (64 664 -176 ) (112 664 -152 ) 
4 1063 (128 672 -144 ) (112 672 -152 ) (112 664 -152 ) (128 664 -144 ) 
4 1063 (112 552 -152 ) (112 544 -152 ) (128 544 -144 ) (128 552 -144 ) 
4 1063 (128 544 -352 ) (96 544 -352 ) (96 672 -352 ) (128 672 -352 ) 
4 1063 (64 672 -192 ) (64 672 -176 ) (128 672 -144 ) (128 672 -192 ) 
4 1063 (64 672 -352 ) (64 672 -192 ) (128 672 -192 ) (128 672 -352 ) 
4 1063 (128 672 -352 ) (128 672 -192 ) (128 656 -192 ) (128 656 -352 ) 
4 1063 (128 672 -192 ) (128 672 -144 ) (128 656 -144 ) (128 656 -192 ) 
4 1063 (128 544 -352 ) (128 560 -352 ) (128 560 -144 ) (128 544 -144 ) 
4 1063 (128 656 -352 ) (128 656 -336 ) (128 560 -336 ) (128 560 -352 ) 
3 1063 (128 656 -176 ) (128 656 -144 ) (128 560 -144 ) 
3 1063 (128 608 -160 ) (128 560 -144 ) (128 560 -176 ) 
4 1063 (128 544 -144 ) (64 544 -176 ) (64 544 -352 ) (128 544 -352 ) 
4 1064 (96 544 -368 ) (64 544 -368 ) (64 672 -368 ) (96 672 -368 ) 
4 1064 (96 672 -368 ) (64 672 -368 ) (64 672 -352 ) (96 672 -352 ) 
4 1064 (64 544 -352 ) (64 544 -368 ) (96 544 -368 ) (96 544 -352 ) 
4 1064 (96 672 -352 ) (96 544 -352 ) (96 544 -368 ) (96 672 -368 ) 
4 1065 (0 552 -208 ) (0 544 -208 ) (64 544 -176 ) (64 552 -176 ) 
4 1065 (40 672 -188 ) (0 672 -208 ) (0 664 -208 ) (40 664 -188 ) 
4 1065 (56 672 -180 ) (40 672 -188 ) (40 664 -188 ) (56 664 -180 ) 
4 1065 (64 672 -176 ) (56 672 -180 ) (56 664 -180 ) (64 664 -176 ) 
4 1065 (64 672 -384 ) (64 672 -368 ) (64 544 -368 ) (64 544 -384 ) 
4 1065 (64 544 -176 ) (0 544 -208 ) (0 544 -384 ) (64 544 -384 ) 
4 1065 (64 544 -384 ) (0 544 -384 ) (0 672 -384 ) (64 672 -384 ) 
5 1065 (0 672 -208 ) (32 672 -192 ) (64 672 -192 ) (64 672 -384 ) (0 672 -384 ) 
3 1065 (64 672 -192 ) (32 672 -192 ) (64 672 -176 ) 
4 1066 (128 664 -128 ) (112 664 -136 ) (112 607.998962 -80 ) (128 607.998901 -72.001060 ) 
4 1066 (112 552 -136 ) (112 552 -152 ) (128 552 -144 ) (128 552 -128 ) 
4 1066 (128 664 -144 ) (128 664 -128 ) (128 656 -120 ) (128 656 -144 ) 
4 1066 (128 552 -128 ) (128 552 -144 ) (128 560 -144 ) (128 560 -120 ) 
5 1066 (128 656 -144 ) (128 656 -120 ) (128 608 -72 ) (128 560 -120 ) (128 560 -144 ) 
4 1066 (128 664 -128 ) (128 664 -144 ) (112 664 -152 ) (112 664 -136 ) 
4 1066 (112 552 -136.009521 ) (128 552 -128.009521 ) (128 607.997070 -72.001793 ) (112 607.997070 -80.002449 ) 
3 1067 (56 664 -156 ) (56 672 -164 ) (56 664 -164 ) 
4 1067 (56 664 -156 ) (112 664 -128 ) (112 672 -136 ) (56 672 -164 ) 
3 1067 (112 664 -128 ) (112 664 -136 ) (112 672 -136 ) 
4 1067 (112 664 -135.998764 ) (56 664 -164 ) (56 672 -164 ) (112 672 -136 ) 
4 1068 (56 552 -180 ) (112 552 -152 ) (112 552 -136 ) (56 552 -164 ) 
4 1068 (56 552 -164 ) (56 552 -156 ) (56 607 -101 ) (56 607 -109 ) 
3 1068 (56 607 -109 ) (56 607 -107 ) (56 608 -108 ) 
5 1068 (56 607 -101 ) (56 608 -100 ) (56 609 -101 ) (56 609 -109 ) (56 607 -107 ) 
4 1068 (56 609 -101 ) (56 664 -156 ) (56 664 -164 ) (56 609 -109 ) 
4 1068 (112 664 -136 ) (112 664 -152 ) (56 664 -180 ) (56 664 -164 ) 
4 1068 (56 552 -155.997299 ) (112 552 -127.997200 ) (112 608 -71.998070 ) (56 608 -99.998398 ) 
4 1068 (112 604 -76 ) (112 664 -136 ) (112 664 -128 ) (112 608 -72 ) 
4 1068 (112 608 -80 ) (112 604 -76 ) (112 552 -128 ) (112 552 -136 ) 
4 1068 (56 664 -156 ) (56 608 -100 ) (112 608 -72 ) (112 664 -128 ) 
4 1069 (47 609 -176 ) (49 609 -176 ) (49 609 -112.500015 ) (47 609 -113.500015 ) 
4 1069 (56 664 -164 ) (56 664 -176 ) (40 664 -176 ) (40 664 -172 ) 
4 1069 (56 664 -163.994141 ) (40 664 -171.992050 ) (40 609 -116.994629 ) (56 609 -108.994629 ) 
3 1070 (49 607.499939 -112 ) (48 608 -112 ) (49 608.499939 -112 ) 
4 1070 (56 609 -108.998199 ) (49.993568 609 -112 ) (47.996067 608.001953 -112 ) (56 608.001587 -107.998398 ) 
4 1070 (56 607.997070 -108.001297 ) (48.005123 607.997070 -112 ) (50 607 -112 ) (56 607 -109 ) 
6 1071 (49 608.503906 -112 ) (49 609 -112.496094 ) (49 609 -176 ) (49 607 -176 ) (49 607 -112.499969 ) (49 607.499939 -112 ) 
3 1072 (50 607 -112 ) (49 607 -112 ) (49 607 -112.499969 ) 
3 1072 (49 607 -112.499969 ) (49 607 -112 ) (49 607.499939 -112 ) 
3 1072 (49 607.499939 -112 ) (49 607 -112 ) (50 607 -112 ) 
4 1073 (47 609 -113.491486 ) (40 609 -116.991486 ) (40 608.004211 -115.995758 ) (47 608.004272 -112.495728 ) 
4 1073 (40 607 -117.001801 ) (47 607 -113.501884 ) (47 607.993896 -112.506119 ) (40 607.993896 -116.006119 ) 
5 1073 (47 609 -176 ) (47 609 -113.514023 ) (47 607.996887 -112.510910 ) (47 607 -113.506950 ) (47 607 -176 ) 
3 1074 (49 608.499939 -112 ) (50 609 -112 ) (49 609 -112 ) 
3 1074 (49 609 -112 ) (50 609 -112 ) (49 609 -112.500015 ) 
3 1074 (49 609 -112.497681 ) (49 608.503906 -112 ) (49 609 -112 ) 
4 1075 (56 552 -176 ) (56 552 -164 ) (40 552 -172 ) (40 552 -176 ) 
4 1075 (47 607 -113.499962 ) (49 607 -112.499969 ) (49 607 -176 ) (47 607 -176 ) 
4 1075 (56 607 -108.994370 ) (40 607 -116.992775 ) (40 552 -171.994049 ) (56 552 -163.994186 ) 
4 1076 (40 552 -188 ) (56 552 -180 ) (56 552 -176 ) (40 552 -176 ) 
4 1076 (47 607 -176 ) (49 607 -176 ) (49 609 -176 ) (47 609 -176 ) 
4 1076 (56 664 -176 ) (56 664 -180.002655 ) (40 664 -188 ) (40 664 -176 ) 
3 1077 (40 664 -172 ) (40 672 -172 ) (40 664 -164 ) 
4 1077 (0 664 -184 ) (40 664 -164 ) (40 672 -172 ) (0 672 -192 ) 
4 1077 (40 664 -172 ) (0 664 -192 ) (0 672 -192 ) (40 672 -172 ) 
4 1078 (0 552 -208 ) (40 552 -188 ) (40 552 -172 ) (0 552 -192 ) 
4 1078 (0 664 -192 ) (40 664 -172 ) (40 664 -187.993378 ) (0 664 -207.993134 ) 
4 1078 (0 664 -184 ) (0 608 -128 ) (40 608 -108 ) (40 664 -164 ) 
4 1078 (0 552 -183.997391 ) (40 552 -163.997330 ) (40 608 -107.998489 ) (0 608 -127.998718 ) 
4 1078 (40 609 -117 ) (40 664 -172 ) (40 664 -164 ) (40 609 -109 ) 
5 1078 (40 607 -112 ) (40 609 -112 ) (40 609 -109 ) (40 607.996094 -107.996086 ) (40 607 -108.992180 ) 
3 1078 (40 608 -116 ) (40 607 -115 ) (40 607 -117 ) 
4 1078 (40 607 -112 ) (40 607 -115 ) (40 609 -117 ) (40 609 -112 ) 
4 1078 (40 607 -117 ) (40 607 -108.992180 ) (40 552 -163.992188 ) (40 552 -172 ) 
3 1079 (112 552 -136 ) (112 552 -128 ) (112 544 -136 ) 
4 1079 (56 552 -155.997299 ) (56 543.997253 -164 ) (112 543.997192 -136 ) (112 552 -127.997200 ) 
4 1079 (112 544.006653 -136 ) (56 544.006653 -164 ) (56 552 -164 ) (112 552 -136 ) 
3 1079 (56 552 -156.005630 ) (56 552 -163.996109 ) (56 544.003906 -163.996109 ) 
3 1080 (40 544.003845 -171.996109 ) (40 552 -171.996109 ) (40 552 -164.005142 ) 
4 1080 (40 544.006653 -172 ) (0 544.006653 -192 ) (0 552 -192 ) (40 552 -172 ) 
4 1080 (40 552 -163.997330 ) (0 552 -183.997391 ) (0 543.997314 -192 ) (40 543.997253 -172 ) 
4 1081 (620 1024 -1338 ) (0 1024 -1338 ) (0 0 -1338 ) (620 0 -1338 ) 
4 1081 (620 0 -1546 ) (0 0 -1546 ) (0 1024 -1546 ) (620 1024 -1546 ) 
4 1081 (620 1024 -1338 ) (620 0 -1338 ) (620 0 -1546 ) (620 1024 -1546 ) 
4 1082 (1024 -16 816 ) (288 -16 816 ) (288 0 816 ) (1024 0 816 ) 
4 1082 (288 -16 960 ) (1024 -16 960 ) (1024 0 960 ) (288 0 960 ) 
4 1082 (1024 -16 816 ) (1024 -16 960 ) (288 -16 960 ) (288 -16 816 ) 
4 1082 (288 0 816 ) (288 -16 816 ) (288 -16 960 ) (288 0 960 ) 
4 1083 (620 0 -1546 ) (620 0 -1338 ) (620 -84 -1338 ) (620 -84 -1546 ) 
4 1083 (620 -84 -1338 ) (620 0 -1338 ) (0 0 -1338 ) (0 -84 -1338 ) 
4 1083 (620 -84 -1338 ) (0 -84 -1338 ) (0 -84 -1546 ) (620 -84 -1546 ) 
4 1083 (0 0 -1546 ) (620 0 -1546 ) (620 -84 -1546 ) (0 -84 -1546 ) 
4 1084 (0 3264 -80 ) (-320 3264 -80 ) (-320 3072 -80 ) (0 3072 -80 ) 
4 1084 (0 3072 -256 ) (-320 3072 -256 ) (-320 3264 -256 ) (0 3264 -256 ) 
4 1084 (-320 3264 -80 ) (0 3264 -80 ) (0 3264 -256 ) (-320 3264 -256 ) 
4 1084 (-320 3072 -80 ) (-320 3264 -80 ) (-320 3264 -256 ) (-320 3072 -256 ) 
4 1085 (-576 2048 960 ) (-576 2144 960 ) (-704 2144 960 ) (-704 2048 960 ) 
4 1085 (-576 2048 512 ) (-704 2048 512 ) (-704 2144 512 ) (-576 2144 512 ) 
4 1085 (-576 2144 960 ) (-576 2048 960 ) (-576 2048 512 ) (-576 2144 512 ) 
4 1085 (-704 2144 512 ) (-704 2048 512 ) (-704 2048 960 ) (-704 2144 960 ) 
4 1085 (-704 2144 512 ) (-704 2144 960 ) (-576 2144 960 ) (-576 2144 512 ) 
4 1086 (0 2752 -80 ) (0 3072 -80 ) (-320 3072 -80 ) (-320 2752 -80 ) 
4 1086 (-320 2752 -256 ) (-320 3072 -256 ) (0 3072 -256 ) (0 2752 -256 ) 
4 1086 (-320 3072 -256 ) (-320 2752 -256 ) (-320 2752 -80 ) (-320 3072 -80 ) 
4 1086 (0 2752 -80 ) (-320 2752 -80 ) (-320 2752 -256 ) (0 2752 -256 ) 
3 1087 (-576 1824 690.461487 ) (-576 1824 912 ) (-384 1824 912 ) 
3 1087 (-576 1824 690.465210 ) (-384.007843 1824 911.994629 ) (-576 1632.007812 690.465210 ) 
3 1088 (-256.002930 1726.928955 799.996033 ) (-208.468765 1672 736.617126 ) (-256.002930 1672 799.996033 ) 
4 1088 (-208.464111 1672 736.618835 ) (-340.001892 1824 912.002563 ) (0 1824 912.002563 ) (0 1672 736.618835 ) 
4 1088 (-376 1672 960 ) (0 1672 960 ) (0 1824 960 ) (-376 1824 960 ) 
4 1088 (-340 1824 912 ) (-376 1824 960 ) (0 1824 960 ) (0 1824 912 ) 
4 1089 (-340 1824 912 ) (-576 1824 912 ) (-576 1824 960 ) (-376 1824 960 ) 
4 1089 (-376 1672 960 ) (-376 1824 960 ) (-576 1824 960 ) (-576 1672 960 ) 
5 1089 (-256 1726.930664 800 ) (-303.535828 1672 736.618835 ) (-535.997009 1672 736.618835 ) (-383.997803 1824 912.002563 ) (-340.001892 1824 912.002563 ) 
3 1089 (-256 1726.938599 800.007812 ) (-256 1672 800.007812 ) (-303.544312 1672 736.615417 ) 
3 1090 (-256 1672 800 ) (-208.468735 1672 736.625000 ) (-303.531250 1672 736.625000 ) 
4 1090 (0 1472 960 ) (0 1672 960 ) (-576 1672 960 ) (-576 1472 960 ) 
5 1090 (-576 1631.996826 690.461548 ) (-535.997009 1672 736.618835 ) (0 1672 736.618835 ) (0 1615.996704 672 ) (-576 1615.996704 672 ) 
3 1091 (-576 1472 456 ) (-576 1472 512 ) (-576 1573.818237 512 ) 
4 1091 (-576 1632 544 ) (-576 1632 672 ) (0 1632 672 ) (0 1632 544 ) 
4 1091 (0 1616 672 ) (0 1632 672 ) (-576 1632 672 ) (-576 1616 672 ) 
4 1091 (0 1472 456.002563 ) (-576 1472 456.002563 ) (-576 1632 544.003418 ) (0 1632 544.003418 ) 
4 1092 (-576 1620 432 ) (-576 1620 448 ) (-576 1632 448 ) (-576 1632 432 ) 
3 1092 (-552 1620 448 ) (-576 1632 448 ) (-576 1620 448 ) 
4 1092 (-552.006409 1620 448 ) (-552.006409 1620 432 ) (-576 1631.996826 432 ) (-576 1631.996826 448 ) 
4 1093 (-576 1632 272 ) (-576 1620 272 ) (-576 1620 384 ) (-576 1632 384 ) 
4 1093 (-576 1620 384 ) (-576 1620 432 ) (-576 1632 432 ) (-576 1632 384 ) 
4 1093 (0 1632 432 ) (-576 1632 432 ) (-552 1620 432 ) (0 1620 432 ) 
4 1093 (-576 1620 272 ) (-576 1632 272 ) (0 1632 272 ) (0 1620 272 ) 
4 1093 (-576 1632 432 ) (0 1632 432 ) (0 1632 272 ) (-576 1632 272 ) 
4 1094 (-576 1528 272 ) (-576 1504 272 ) (-576 1504 384 ) (-576 1528 384 ) 
4 1094 (-576 1620 272 ) (-576 1592 272 ) (-576 1592 384 ) (-576 1620 384 ) 
4 1094 (-576 1504 384 ) (-576 1504 448 ) (-576 1620 448 ) (-576 1620 384 ) 
4 1094 (-448 1504 272 ) (0 1504 272 ) (0 1504 304 ) (-448 1504 304 ) 
4 1094 (-552 1620 432 ) (-552 1620 448 ) (0 1620 448 ) (0 1620 432 ) 
4 1094 (-576 1504 272 ) (-576 1620 272 ) (0 1620 272 ) (0 1504 272 ) 
4 1094 (0 1504 448 ) (0 1620 448 ) (-576 1620 448 ) (-576 1504 448 ) 
4 1095 (-576 1500 448 ) (-576 1504 448 ) (-576 1504 432 ) (-576 1500 432 ) 
4 1095 (-552 1500 432 ) (0 1500 432 ) (0 1500 448 ) (-552 1500 448 ) 
4 1095 (0 1500 448 ) (0 1504 448 ) (-576 1504 448 ) (-576 1500 448 ) 
4 1096 (-576 1476 448 ) (-576 1500 448 ) (-576 1500 432 ) (-576 1476 432 ) 
3 1096 (-552 1500 448 ) (-576 1500 448 ) (-576 1476 448 ) 
4 1096 (-575.998169 1476 448 ) (-575.998169 1476 432 ) (-551.998169 1500 432 ) (-551.998169 1500 448 ) 
4 1097 (-576 1504 384 ) (-576 1504 304 ) (-576 1476 304 ) (-576 1476 384 ) 
4 1097 (-576 1504 432 ) (-576 1504 384 ) (-576 1476 384 ) (-576 1476 432 ) 
4 1097 (-448 1504 304 ) (0 1504 304 ) (0 1476 304 ) (-448 1476 304 ) 
4 1097 (0 1500 432 ) (-552 1500 432 ) (-576 1476 432 ) (0 1476 432 ) 
4 1098 (-576 1472 304 ) (-576 1472 384 ) (-576 1476 384 ) (-576 1476 304 ) 
4 1098 (-576 1472 384 ) (-576 1472 448 ) (-576 1476 448 ) (-576 1476 384 ) 
4 1098 (0 1472 304 ) (-448 1472 304 ) (-448 1476 304 ) (0 1476 304 ) 
4 1098 (-576 1476 432 ) (-576 1476 448 ) (0 1476 448 ) (0 1476 432 ) 
4 1098 (0 1476 448 ) (-576 1476 448 ) (-576 1472 448 ) (0 1472 448 ) 
4 1099 (-576 1504 272 ) (-576 1472 272 ) (-576 1472 304 ) (-576 1504 304 ) 
4 1099 (-448 1472 272 ) (-576 1472 272 ) (-576 1504 272 ) (-448 1504 272 ) 
4 1099 (-448 1472 272 ) (-448 1504 272 ) (-448 1504 304 ) (-448 1472 304 ) 
4 1100 (0 1456 960 ) (0 1472 960 ) (-128 1472 960 ) (-128 1456 960 ) 
4 1100 (0 1456 447.199829 ) (-128 1456 447.199829 ) (-128 1472 456 ) (0 1472 456 ) 
4 1101 (-128 1456 0 ) (-128 1472 0 ) (0 1472 0 ) (0 1456 0 ) 
4 1101 (-128 1472 112 ) (-128 1472 0 ) (-128 1456 0 ) (-128 1456 112 ) 
4 1101 (-128 1472 224 ) (-128 1472 144 ) (-128 1456 144 ) (-128 1456 224 ) 
4 1101 (-128 1472 144 ) (-128 1472 112 ) (-128 1456 112 ) (-128 1456 144 ) 
4 1101 (0 1472 448.001038 ) (-128 1472 448.001038 ) (-128 1456 439.201050 ) (0 1456 439.201050 ) 
4 1101 (-128 1472 304 ) (0 1472 304 ) (0 1472 272 ) (-128 1472 272 ) 
4 1101 (-128 1472 272 ) (0 1472 272 ) (0 1472 0 ) (-128 1472 0 ) 
4 1102 (-128 1120 0 ) (-128 1344 0 ) (-32 1344 0 ) (-32 1120 0 ) 
4 1102 (-32 1344 0 ) (0 1344 0 ) (0 1120 0 ) (-32 1120 0 ) 
4 1102 (-128 1344 0 ) (-128 1456 0 ) (0 1456 0 ) (0 1344 0 ) 
4 1102 (-128 1456 0 ) (-128 1440 0 ) (-128 1440 112 ) (-128 1456 112 ) 
4 1102 (-128 1376 0 ) (-128 1120 0 ) (-128 1120 112 ) (-128 1376 112 ) 
4 1102 (-128 1312 224 ) (-128 1456 224 ) (-128 1456 144 ) (-128 1152 144 ) 
4 1102 (-128 1120 112 ) (-128 1120 144 ) (-128 1456 144 ) (-128 1456 112 ) 
4 1102 (-128 1120 144 ) (-128 1120 0 ) (0 1120 0 ) (0 1120 144 ) 
4 1102 (0 1456 447.199982 ) (0 1456 439.200012 ) (-128 1456 439.199982 ) (-128 1456 447.199982 ) 
4 1102 (0 1120 960 ) (0 1456 960 ) (-128 1456 960 ) (-128 1120 960 ) 
4 1103 (0 1088 960 ) (0 1120 960 ) (-128 1120 960 ) (-128 1088 960 ) 
4 1103 (0 1088 144 ) (-128 1088 144 ) (-128 1120 144 ) (0 1120 144 ) 
4 1104 (0 1088 960 ) (-128 1088 960 ) (-128 1024 960 ) (0 1024 960 ) 
4 1104 (0 1088 144 ) (0 1088 128 ) (-128 1088 128 ) (-128 1088 144 ) 
4 1104 (0 1024 128 ) (-128 1024 128 ) (-128 1088 128 ) (0 1088 128 ) 
4 1105 (-128 1456 960 ) (-128 1472 960 ) (-160 1472 960 ) (-160 1456 960 ) 
4 1105 (-128 1456 447.199829 ) (-160 1456 447.199829 ) (-160 1472 456 ) (-128 1472 455.998383 ) 
4 1106 (-160 1456 224 ) (-160 1472 224 ) (-128 1472 224 ) (-128 1456 224 ) 
4 1106 (-128 1472 447.998657 ) (-160 1472 448.001038 ) (-160 1456 439.201050 ) (-128 1456 439.201050 ) 
4 1106 (-160 1472 304 ) (-128 1472 304 ) (-128 1472 272 ) (-160 1472 272 ) 
4 1106 (-160 1472 224 ) (-160 1472 272 ) (-128 1472 272 ) (-128 1472 224 ) 
4 1107 (-160 1312 224 ) (-160 1456 224 ) (-128 1456 224 ) (-128 1312 224 ) 
4 1107 (-128 1456 447.199982 ) (-128 1456 439.200012 ) (-160 1456 439.200012 ) (-160 1456 447.199982 ) 
4 1107 (-128 1088 960 ) (-128 1456 960 ) (-160 1456 960 ) (-160 1088 960 ) 
4 1108 (-128 1088 144 ) (-160 1088 144 ) (-160 1152 144 ) (-128 1152 144 ) 
4 1108 (-128 1151.998169 144 ) (-160 1151.998169 144 ) (-160 1312 224 ) (-128 1312 224 ) 
4 1109 (-128 1088 960 ) (-160 1088 960 ) (-160 1024 960 ) (-128 1024 960 ) 
4 1109 (-128 1088 144 ) (-128 1088 128 ) (-160 1088 128 ) (-160 1088 144 ) 
4 1109 (-160 1024 128 ) (-160 1088 128 ) (-128 1088 128 ) (-128 1024 128 ) 
4 1110 (-160 1376 0 ) (-160 1440 0 ) (-128 1440 0 ) (-128 1376 0 ) 
4 1110 (-128 1376 0 ) (-128 1376 112 ) (-160 1376 112 ) (-160 1376 0 ) 
4 1110 (-128 1376 112 ) (-128 1440 112 ) (-160 1440 112 ) (-160 1376 112 ) 
4 1110 (-160 1440 0 ) (-160 1440 112 ) (-128 1440 112 ) (-128 1440 0 ) 
3 1111 (-576 1457.454590 448 ) (-576 1456 447.199982 ) (-576 1456 448 ) 
5 1111 (-576 1472 512 ) (-576 1472 456 ) (-576 1457.454590 448 ) (-576 1456 448 ) (-576 1456 512 ) 
4 1111 (-160 1456 447.199829 ) (-576 1456 447.199829 ) (-576 1472 455.998383 ) (-160 1472 455.998383 ) 
4 1111 (-160 1456 960 ) (-160 1472 960 ) (-576 1472 960 ) (-576 1456 960 ) 
4 1112 (-576 1472 384 ) (-576 1472 272 ) (-576 1456 272 ) (-576 1456 384 ) 
4 1112 (-576 1472 448 ) (-576 1472 384 ) (-576 1456 384 ) (-576 1456 439.200012 ) 
4 1112 (-576 1456 272 ) (-576 1472 272 ) (-448 1472 272 ) (-448 1456 272 ) 
4 1112 (-448 1472 304 ) (-160 1472 304 ) (-160 1472 272 ) (-448 1472 272 ) 
4 1112 (-160 1472 447.998657 ) (-576 1472 447.998657 ) (-576 1456 439.201050 ) (-160 1456 439.201050 ) 
4 1113 (-576 1344 272 ) (-576 1344 384 ) (-576 1456 384 ) (-576 1456 272 ) 
4 1113 (-576 1344 384 ) (-576 1344 448 ) (-576 1456 448 ) (-576 1456 384 ) 
4 1113 (-576 1344 448 ) (-576 1344 512 ) (-576 1456 512 ) (-576 1456 448 ) 
4 1113 (-576 1344 304 ) (-576 1344 272 ) (-416 1344 272 ) (-480 1344 304 ) 
4 1113 (-448 1344 272 ) (-576 1344 272 ) (-576 1456 272 ) (-448 1456 272 ) 
4 1113 (-576 1456 439.200012 ) (-576 1456 447.199982 ) (-160 1456 447.199982 ) (-160 1456 439.200012 ) 
4 1113 (-160 1344 960 ) (-160 1456 960 ) (-576 1456 960 ) (-576 1344 960 ) 
4 1114 (-416 1344 272 ) (-448 1344 272 ) (-448 1344 256 ) (-384 1344 256 ) 
4 1114 (-416 1344 256 ) (-448 1344 256 ) (-448 1472 256 ) (-416 1472 256 ) 
4 1114 (-448 1472 272 ) (-160 1472 272 ) (-160 1472 256 ) (-448 1472 256 ) 
4 1114 (-448 1472 256 ) (-448 1344 256 ) (-448 1344 272 ) (-448 1472 272 ) 
3 1115 (-352 1344 240 ) (-352 1344 224 ) (-320 1344 224 ) 
4 1115 (-352 1344 224 ) (-352 1344 208 ) (-288 1344 208 ) (-288 1344 224 ) 
4 1115 (-352 1472 208 ) (-352 1344 208 ) (-352 1344 224 ) (-352 1472 224 ) 
4 1115 (-160 1344 208 ) (-352 1344 208 ) (-352 1472 208 ) (-160 1472 208 ) 
4 1115 (-160 1344 224 ) (-160 1344 208 ) (-160 1472 208 ) (-160 1472 224 ) 
4 1115 (-352 1472 256 ) (-160 1472 256 ) (-160 1472 208 ) (-352 1472 208 ) 
4 1116 (-384 1344 256 ) (-416 1344 256 ) (-416 1344 240 ) (-352 1344 240 ) 
4 1116 (-416 1344 240 ) (-416 1472 240 ) (-384 1472 240 ) (-384 1344 240 ) 
4 1116 (-416 1472 240 ) (-416 1472 256 ) (-352 1472 256 ) (-352 1472 240 ) 
4 1116 (-416 1344 240 ) (-416 1344 256 ) (-416 1472 256 ) (-416 1472 240 ) 
4 1117 (-384 1344 224 ) (-352 1344 224 ) (-352 1344 240 ) (-384 1344 240 ) 
4 1117 (-384 1472 224 ) (-384 1472 240 ) (-352 1472 240 ) (-352 1472 224 ) 
4 1117 (-384 1472 224 ) (-352 1472 224 ) (-352 1344 224 ) (-384 1344 224 ) 
4 1117 (-384 1472 224 ) (-384 1344 224 ) (-384 1344 240 ) (-384 1472 240 ) 
4 1118 (-288 1472 0 ) (-160 1472 0 ) (-160 1344 0 ) (-288 1344 0 ) 
5 1118 (-288 1344 160 ) (-384 1344 160 ) (-576 1344 64 ) (-576 1344 0 ) (-288 1344 0 ) 
4 1118 (-160 1344 0 ) (-160 1344 160 ) (-288 1344 160 ) (-288 1344 0 ) 
5 1118 (-384 1472 160 ) (-160 1472 160 ) (-160 1472 0 ) (-576 1472 0 ) (-576 1472 64 ) 
4 1118 (-160 1344 144 ) (-160 1344 112 ) (-160 1472 112 ) (-160 1472 144 ) 
4 1118 (-160 1344 160 ) (-160 1344 144 ) (-160 1472 144 ) (-160 1472 160 ) 
4 1118 (-160 1376 112 ) (-160 1344 112 ) (-160 1344 0 ) (-160 1376 0 ) 
4 1118 (-160 1440 112 ) (-160 1440 0 ) (-160 1472 0 ) (-160 1472 112 ) 
4 1118 (-160 1472 160 ) (-384 1472 160 ) (-384 1344 160 ) (-160 1344 160 ) 
4 1118 (-576 1344 64 ) (-383.997223 1344 160 ) (-383.997223 1472 160 ) (-576 1472 63.998619 ) 
4 1119 (-288 1344 224 ) (-288 1344 208 ) (-288 1312 208 ) (-288 1312 224 ) 
4 1119 (-160 1344 208 ) (-160 1344 224 ) (-160 1312 224 ) (-160 1312 208 ) 
4 1119 (-288 1312 960 ) (-160 1312 960 ) (-160 1344 960 ) (-288 1344 960 ) 
4 1119 (-160 1312 208 ) (-288 1312 208 ) (-288 1344 208 ) (-160 1344 208 ) 
4 1120 (-576 1312 304 ) (-576 1312 384 ) (-576 1344 384 ) (-576 1344 304 ) 
4 1120 (-576 1312 384 ) (-576 1312 448 ) (-576 1344 448 ) (-576 1344 384 ) 
4 1120 (-576 1312 448 ) (-576 1312 512 ) (-576 1344 512 ) (-576 1344 448 ) 
4 1120 (-576 1344 304 ) (-480 1344 304 ) (-480 1312 304 ) (-576 1312 304 ) 
4 1120 (-288 1312 960 ) (-288 1344 960 ) (-576 1344 960 ) (-576 1312 960 ) 
4 1121 (-320 1344 224 ) (-288 1344 224 ) (-288 1312 224 ) (-320 1312 224 ) 
4 1121 (-320 1344 224 ) (-320 1312 224 ) (-480.001343 1312 304 ) (-480.001343 1344 304 ) 
4 1122 (-288 1312 224 ) (-288 1312 192 ) (-288 1280 192 ) (-288 1280 208 ) 
4 1122 (-288 1280 960 ) (-160 1280 960 ) (-160 1312 960 ) (-288 1312 960 ) 
4 1122 (-160 1280 192 ) (-160 1312 192 ) (-160 1312 224 ) (-160 1280 208 ) 
4 1122 (-288 1312 192 ) (-288 1312 208 ) (-160 1312 208 ) (-160 1312 192 ) 
4 1122 (-160 1280 192 ) (-288 1280 192 ) (-288 1312 192 ) (-160 1312 192 ) 
3 1123 (-288 1280 208 ) (-288 1280 176 ) (-288 1216 176 ) 
4 1123 (-288 1248 176 ) (-288 1280 176 ) (-160 1280 176 ) (-160 1248 176 ) 
4 1123 (-288 1280 960 ) (-288 1152 960 ) (-160 1152 960 ) (-160 1280 960 ) 
3 1123 (-160 1280 176 ) (-160 1280 208 ) (-160 1216 176 ) 
4 1123 (-160 1280 192 ) (-160 1280 176 ) (-288 1280 176 ) (-288 1280 192 ) 
4 1124 (-288 1248 160 ) (-288 1184 160 ) (-288 1216 176 ) (-288 1248 176 ) 
4 1124 (-288 1216 160 ) (-288 1248 160 ) (-160 1248 160 ) (-160 1216 160 ) 
4 1124 (-160 1248 160 ) (-160 1248 176 ) (-160 1216 176 ) (-160 1184 160 ) 
4 1124 (-288 1248 176 ) (-160 1248 176 ) (-160 1248 160 ) (-288 1248 160 ) 
4 1125 (-288 1184 144 ) (-288 1184 160 ) (-288 1216 160 ) (-288 1216 144 ) 
4 1125 (-160 1216 144 ) (-288 1216 144 ) (-288 1216 160 ) (-160 1216 160 ) 
4 1125 (-160 1216 160 ) (-160 1184 160 ) (-160 1184 144 ) (-160 1216 144 ) 
4 1125 (-160 1184 144 ) (-288 1184 144 ) (-288 1216 144 ) (-160 1216 144 ) 
4 1126 (-288 1184 128 ) (-288 1152 128 ) (-288 1152 144 ) (-288 1184 160 ) 
4 1126 (-160 1184 144 ) (-160 1184 128 ) (-288 1184 128 ) (-288 1184 144 ) 
4 1126 (-160 1184 128 ) (-160 1152 128 ) (-288 1152 128 ) (-288 1184 128 ) 
3 1126 (-160 1184 160 ) (-160 1152 144 ) (-160 1184 144 ) 
4 1126 (-160 1152 128 ) (-160 1184 128 ) (-160 1184 144 ) (-160 1152 144 ) 
4 1127 (-288 1152 960 ) (-288 1312 960 ) (-320 1312 960 ) (-320 1152 960 ) 
4 1127 (-288 1312 224 ) (-288 1152 144 ) (-320 1152 144 ) (-320 1312 224 ) 
4 1128 (-288 1152 144 ) (-288 1152 128 ) (-320 1152 128 ) (-320 1152 144 ) 
4 1128 (-160 1152 960 ) (-320 1152 960 ) (-320 1024 960 ) (-160 1024 960 ) 
4 1128 (-160 1152 128 ) (-160 1152 144 ) (-160 1088 144 ) (-160 1088 128 ) 
4 1128 (-160 1152 128 ) (-160 1024 128 ) (-320 1024 128 ) (-320 1152 128 ) 
4 1129 (-576 1024 128 ) (-576 1024 320 ) (-576 1312 320 ) (-576 1312 128 ) 
4 1129 (-576 1024 320 ) (-576 1024 368 ) (-576 1312 368 ) (-576 1312 320 ) 
4 1129 (-320 1152 144 ) (-320 1152 128 ) (-320 1312 128 ) (-320 1312 224 ) 
4 1129 (-576 1024 128 ) (-576 1312 128 ) (-320 1312 128 ) (-320 1024 128 ) 
4 1129 (-480 1312 304 ) (-320 1312 224 ) (-576 1312 224 ) (-576 1312 304 ) 
4 1129 (-320 1312 224 ) (-320 1312 128 ) (-576 1312 128 ) (-576 1312 224 ) 
4 1129 (-320 1312 960 ) (-576 1312 960 ) (-576 1024 960 ) (-320 1024 960 ) 
3 1130 (-592 1824 672 ) (-576 1824 672 ) (-576 1824 690.461487 ) 
4 1130 (-576 1824 960 ) (-576 1824 672 ) (-576 2048 672 ) (-576 2048 960 ) 
4 1130 (-576 1824 960 ) (-576 2048 960 ) (-688 2048 960 ) (-688 1824 960 ) 
3 1131 (-576 1615.996460 672 ) (-592.002625 1615.996460 672 ) (-576 1632 690.464539 ) 
4 1132 (-688 1424 832 ) (-688 1424 752 ) (-688 1408 752 ) (-688 1408 832 ) 
4 1132 (-688 1424 848 ) (-688 1424 832 ) (-688 1408 832 ) (-688 1408 848 ) 
4 1132 (-688 1408 960 ) (-688 1424 960 ) (-688 1424 848 ) (-688 1408 848 ) 
4 1132 (-688 1696 832 ) (-688 1696 752 ) (-688 1424 752 ) (-688 1424 832 ) 
4 1132 (-688 1696 848 ) (-688 1696 832 ) (-688 1640 832 ) (-688 1640 848 ) 
4 1132 (-688 1464 832 ) (-688 1424 832 ) (-688 1424 848 ) (-688 1464 848 ) 
4 1132 (-688 1424 960 ) (-688 1696 960 ) (-688 1696 848 ) (-688 1424 848 ) 
4 1132 (-576 1631.998169 690.459290 ) (-591.998047 1616 672 ) (-591.998047 1824 672 ) (-576 1824 690.459290 ) 
4 1132 (-576 1824 960 ) (-688 1824 960 ) (-688 1312 960 ) (-576 1312 960 ) 
4 1133 (-576 1824 672 ) (-576 1824 512 ) (-576 2048 512 ) (-576 2048 672 ) 
4 1133 (-576 1824 512 ) (-576 1824 672 ) (-576 1632 672 ) (-576 1632 512 ) 
3 1133 (-576 1632 512 ) (-576 1632 544 ) (-576 1573.818237 512 ) 
4 1133 (-576 1616 672 ) (-576 1824 672 ) (-592 1824 672 ) (-592 1616 672 ) 
4 1133 (-576 1312 512 ) (-688 1312 512 ) (-688 2048 512 ) (-576 2048 512 ) 
4 1134 (-590 1528 336 ) (-590 1528 384 ) (-590 1592 384 ) (-590 1592 336 ) 
4 1134 (-590 1592 272 ) (-590 1528 272 ) (-590 1528 336 ) (-590 1592 336 ) 
4 1134 (-576 1592 272 ) (-590 1592 272 ) (-590 1592 384 ) (-576 1592 384 ) 
4 1134 (-590 1528 272 ) (-590 1592 272 ) (-576 1592 272 ) (-576 1528 272 ) 
4 1134 (-576 1528 384 ) (-576 1592 384 ) (-590 1592 384 ) (-590 1528 384 ) 
4 1134 (-576 1528 384 ) (-590 1528 384 ) (-590 1528 272 ) (-576 1528 272 ) 
4 1135 (-688 1326 448 ) (-635 1326 448 ) (-635 1326 336 ) (-688 1326 336 ) 
4 1135 (-635 1326 448 ) (-688 1326 448 ) (-688 1312 448 ) (-635 1312 448 ) 
4 1135 (-688 1312 336 ) (-688 1326 336 ) (-635 1326 336 ) (-635 1312 336 ) 
4 1135 (-635 1312 448 ) (-635 1312 336 ) (-635 1326 336 ) (-635 1326 448 ) 
4 1136 (-704 1696 512 ) (-704 1696 960 ) (-704 2048 960 ) (-704 2048 512 ) 
4 1136 (-704 1696 832 ) (-704 1696 752 ) (-688 1696 752 ) (-688 1696 832 ) 
4 1136 (-704 1696 848 ) (-704 1696 832 ) (-688 1696 832 ) (-688 1696 848 ) 
4 1136 (-704 1696 960 ) (-704 1696 848 ) (-688 1696 848 ) (-688 1696 960 ) 
4 1136 (-704 1696 960 ) (-688 1696 960 ) (-688 2048 960 ) (-704 2048 960 ) 
4 1136 (-688 1696 512 ) (-704 1696 512 ) (-704 2048 512 ) (-688 2048 512 ) 
4 1137 (-704 1464 832 ) (-704 1640 832 ) (-688 1640 832 ) (-688 1464 832 ) 
4 1137 (-704 1464 832 ) (-688 1464 832 ) (-688 1464 848 ) (-704 1464 848 ) 
4 1137 (-688 1464 848 ) (-688 1640 848 ) (-704 1640 848 ) (-704 1464 848 ) 
4 1137 (-704 1640 848 ) (-688 1640 848 ) (-688 1640 832 ) (-704 1640 832 ) 
4 1138 (-704 1424 512 ) (-704 1424 544 ) (-704 1456 544 ) (-704 1456 512 ) 
4 1138 (-704 1424 544 ) (-704 1424 704 ) (-704 1456 704 ) (-704 1456 544 ) 
4 1138 (-704 1456 544 ) (-704 1456 608 ) (-704 1520 608 ) (-704 1520 544 ) 
4 1138 (-704 1520 512 ) (-704 1456 512 ) (-704 1456 544 ) (-704 1520 544 ) 
5 1138 (-704 1640 608 ) (-704 1640 584 ) (-704 1616 512 ) (-704 1520 512 ) (-704 1520 608 ) 
4 1138 (-704 1456 704 ) (-704 1640 704 ) (-704 1640 608 ) (-704 1456 608 ) 
3 1138 (-704 1640 704 ) (-704 1680 704 ) (-704 1640 584 ) 
4 1138 (-688 1424 512 ) (-704 1424 512 ) (-704 1616 512 ) (-688 1616 512 ) 
5 1138 (-688.003845 1696 751.991333 ) (-704 1680.003906 704.002869 ) (-704 1424 704.002869 ) (-688 1424 752.002869 ) (-688 1696 752.002869 ) 
3 1139 (-704 1640 512 ) (-704 1616 512 ) (-704 1640 584 ) 
4 1139 (-704 1696 752 ) (-704 1696 512 ) (-704 1640 512 ) (-704 1640 584 ) 
3 1139 (-688.001526 1696 751.995178 ) (-704 1696 751.995178 ) (-704 1680.001465 704 ) 
4 1139 (-704 1616 512 ) (-704 1696 512 ) (-688 1696 512 ) (-688 1616 512 ) 
4 1140 (-744 1640 832 ) (-704 1640 832 ) (-704 1464 832 ) (-744 1464 832 ) 
4 1140 (-744 1464 832 ) (-704 1464 832 ) (-704 1464 848 ) (-744 1464 848 ) 
4 1140 (-744 1464 848 ) (-704 1464 848 ) (-704 1640 848 ) (-744 1640 848 ) 
4 1140 (-744 1640 848 ) (-704 1640 848 ) (-704 1640 832 ) (-744 1640 832 ) 
4 1140 (-744 1640 832 ) (-744 1464 832 ) (-744 1464 848 ) (-744 1640 848 ) 
4 1141 (-744 1456 832 ) (-920 1456 832 ) (-920 1464 832 ) (-744 1464 832 ) 
4 1141 (-744 1456 848 ) (-744 1456 832 ) (-744 1464 832 ) (-744 1464 848 ) 
4 1141 (-920 1464 848 ) (-744 1464 848 ) (-744 1464 832 ) (-920 1464 832 ) 
4 1141 (-744 1464 848 ) (-920 1464 848 ) (-920 1456 848 ) (-744 1456 848 ) 
4 1141 (-920 1464 848 ) (-920 1464 832 ) (-920 1456 832 ) (-920 1456 848 ) 
3 1142 (-844 1456 602 ) (-848 1456 600 ) (-848 1456 594 ) 
3 1142 (-832 1456 608 ) (-848 1456 608 ) (-848 1456 600 ) 
3 1142 (-816 1456 594 ) (-816 1456 600 ) (-820 1456 602 ) 
3 1142 (-816 1456 608 ) (-832 1456 608 ) (-816 1456 600 ) 
4 1142 (-848 1456 608 ) (-928 1456 608 ) (-928 1456 544 ) (-848 1456 544 ) 
4 1142 (-736 1456 608 ) (-816 1456 608 ) (-816 1456 544 ) (-736 1456 544 ) 
4 1142 (-736 1456 544 ) (-928 1456 544 ) (-928 1520 544 ) (-736 1520 544 ) 
4 1142 (-736 1520 608 ) (-928 1520 608 ) (-928 1456 608 ) (-736 1456 608 ) 
4 1142 (-928 1456 544 ) (-928 1456 608 ) (-928 1520 608 ) (-928 1520 544 ) 
4 1142 (-736 1520 544 ) (-928 1520 544 ) (-928 1520 608 ) (-736 1520 608 ) 
4 1142 (-736 1456 608 ) (-736 1456 544 ) (-736 1520 544 ) (-736 1520 608 ) 
4 1143 (-848 1456 832 ) (-816 1456 832 ) (-816 1424 832 ) (-848 1424 832 ) 
4 1143 (-920 1456 832 ) (-848 1456 832 ) (-848 1424 832 ) (-920 1424 832 ) 
4 1143 (-816 1456 832 ) (-744 1456 832 ) (-744 1424 832 ) (-816 1424 832 ) 
4 1143 (-744 1456 848 ) (-744 1424 848 ) (-744 1424 832 ) (-744 1456 832 ) 
4 1143 (-920 1424 848 ) (-744 1424 848 ) (-744 1456 848 ) (-920 1456 848 ) 
4 1143 (-920 1456 832 ) (-920 1424 832 ) (-920 1424 848 ) (-920 1456 848 ) 
4 1144 (-844 1424 602 ) (-832.002136 1424 607.998901 ) (-832.002136 1456 607.998901 ) (-844 1456 602 ) 
4 1144 (-832 1424 608 ) (-820 1424 602 ) (-820 1456 602 ) (-832 1456 608 ) 
4 1144 (-848 1456 544 ) (-816 1456 544 ) (-816 1424 544 ) (-848 1424 544 ) 
4 1144 (-816 1456 544 ) (-816 1456 594 ) (-816 1424 594 ) (-816 1424 544 ) 
4 1144 (-848 1456 544 ) (-848 1424 544 ) (-848 1424 594 ) (-848 1456 594 ) 
4 1144 (-816 1424 594 ) (-816 1456 594 ) (-819.993835 1456 601.987732 ) (-819.993835 1424 601.987732 ) 
4 1144 (-848 1456 594.001160 ) (-848 1424 594.001160 ) (-844.002075 1424 601.995850 ) (-844.002075 1456 601.995850 ) 
4 1145 (-960 1552 320 ) (-960 1424 320 ) (-976 1424 320 ) (-976 1552 320 ) 
3 1145 (-976 1680 752 ) (-976 1696 752 ) (-976 1680 704 ) 
3 1145 (-960 1680 704 ) (-976 1680 704 ) (-976 1696 752 ) 
4 1145 (-960 1456 544 ) (-960 1456 704 ) (-960 1424 704 ) (-960 1424 544 ) 
4 1145 (-960 1456 544 ) (-960 1424 544 ) (-960 1424 320 ) (-960 1456 320 ) 
5 1145 (-960 1640 584 ) (-960 1640 704 ) (-960 1456 704 ) (-960 1456 320 ) (-960 1552 320 ) 
3 1145 (-960 1680 704 ) (-960 1640 704 ) (-960 1640 584 ) 
4 1145 (-976 1424 752.002197 ) (-960 1424 704 ) (-960 1679.993408 704 ) (-976 1695.993408 752 ) 
4 1146 (-960 1584 320 ) (-960 1552 320 ) (-976 1552 320 ) (-976 1584 320 ) 
4 1146 (-960 1680 320 ) (-960 1584 320 ) (-976 1584 320 ) (-976 1680 320 ) 
3 1146 (-960 1640 584 ) (-960 1552 320 ) (-960 1640 320 ) 
4 1146 (-960 1680 704 ) (-960 1640 584 ) (-960 1640 320 ) (-960 1680 320 ) 
4 1146 (-976 1680 320 ) (-976 1680 704 ) (-960 1680 704 ) (-960 1680 320 ) 
4 1147 (-744 1408 832 ) (-920 1408 832 ) (-920 1424 832 ) (-744 1424 832 ) 
4 1147 (-920 1424 832 ) (-920 1408 832 ) (-920 1408 848 ) (-920 1424 848 ) 
4 1147 (-744 1424 848 ) (-920 1424 848 ) (-920 1408 848 ) (-744 1408 848 ) 
4 1147 (-744 1424 848 ) (-744 1408 848 ) (-744 1408 832 ) (-744 1424 832 ) 
4 1148 (-784 1424 512 ) (-688 1424 512 ) (-688 1408 512 ) (-784 1408 512 ) 
6 1148 (-703.997559 1424 704.007080 ) (-960.002380 1424 704.007080 ) (-976 1408.002197 752 ) (-976 1408 752.006775 ) (-688 1408 752.006775 ) (-688 1408.002319 752 ) 
4 1148 (-816 1424 544 ) (-816 1424 704 ) (-704 1424 704 ) (-704 1424 544 ) 
4 1148 (-816 1424 512 ) (-816 1424 544 ) (-704 1424 544 ) (-704 1424 512 ) 
4 1148 (-960 1424 512 ) (-960 1424 544 ) (-816 1424 544 ) (-816 1424 512 ) 
4 1148 (-848 1424 704 ) (-848 1424 544 ) (-960 1424 544 ) (-960 1424 704 ) 
4 1148 (-848 1424 616 ) (-848 1424 704 ) (-816 1424 704 ) (-816 1424 600 ) 
3 1148 (-820 1424 602 ) (-816 1424 600 ) (-816 1424 594 ) 
3 1148 (-848 1424 600 ) (-848 1424 616 ) (-832 1424 608 ) 
3 1148 (-848 1424 594 ) (-848 1424 600 ) (-844 1424 602 ) 
3 1149 (-704 1424 704.009949 ) (-688 1408 752.009949 ) (-688 1424 752.006165 ) 
3 1150 (-976 1408 752 ) (-960 1424 704 ) (-976 1424 752 ) 
4 1151 (-688 1326 512 ) (-688 1312 512 ) (-784 1312 512 ) (-784 1326 512 ) 
4 1151 (-784 1408 512 ) (-688 1408 512 ) (-688 1326 512 ) (-784 1326 512 ) 
4 1151 (-688 1408 832 ) (-688 1408 752 ) (-976 1408 752 ) (-976 1408 832 ) 
4 1151 (-744 1408 848 ) (-688 1408 848 ) (-688 1408 832 ) (-744 1408 832 ) 
4 1151 (-920 1408 848 ) (-920 1408 832 ) (-976 1408 832 ) (-976 1408 848 ) 
4 1151 (-688 1408 960 ) (-688 1408 848 ) (-976 1408 848 ) (-976 1408 960 ) 
4 1151 (-688 1408 960 ) (-976 1408 960 ) (-976 1312 960 ) (-688 1312 960 ) 
4 1152 (-699 1312 448 ) (-688 1312 448 ) (-688 1326 448 ) (-699 1326 448 ) 
4 1152 (-699 1326 336 ) (-688 1326 336 ) (-688 1312 336 ) (-699 1312 336 ) 
4 1152 (-699 1326 448 ) (-688 1326 448 ) (-688 1326 336 ) (-699 1326 336 ) 
4 1152 (-699 1312 448 ) (-699 1326 448 ) (-699 1326 336 ) (-699 1312 336 ) 
4 1153 (-784 1312 336 ) (-784 1312 384 ) (-800 1312 384 ) (-800 1312 336 ) 
4 1153 (-800 1312 320 ) (-784 1312 320 ) (-784 1312 336 ) (-800 1312 336 ) 
4 1153 (-784 1312 320 ) (-976 1312 320 ) (-976 1424 320 ) (-784 1424 320 ) 
4 1153 (-784 1312 448 ) (-784 1312 336 ) (-784 1326 336 ) (-784 1326 448 ) 
4 1153 (-784 1312 448 ) (-784 1326 448 ) (-784 1326 512 ) (-784 1312 512 ) 
4 1153 (-784 1326 336 ) (-784 1424 336 ) (-784 1424 512 ) (-784 1326 512 ) 
4 1153 (-784 1312 336 ) (-784 1312 320 ) (-784 1424 320 ) (-784 1424 336 ) 
4 1153 (-960 1424 512 ) (-816 1424 512 ) (-816 1424 320 ) (-960 1424 320 ) 
4 1153 (-816 1424 512 ) (-784 1424 512 ) (-784 1424 320 ) (-816 1424 320 ) 
4 1154 (-976 1584 320 ) (-976 1312 320 ) (-1024 1312 320 ) (-1024 1584 320 ) 
4 1154 (-976 1680 320 ) (-976 1584 320 ) (-1024 1584 320 ) (-1024 1680 320 ) 
4 1154 (-976 1680 960 ) (-1024 1680 960 ) (-1024 1312 960 ) (-976 1312 960 ) 
4 1154 (-976 1680 752 ) (-976 1680 960 ) (-976 1424 960 ) (-976 1424 752 ) 
4 1154 (-976 1408 848 ) (-976 1424 848 ) (-976 1424 960 ) (-976 1408 960 ) 
4 1154 (-976 1408 848 ) (-976 1408 832 ) (-976 1424 832 ) (-976 1424 848 ) 
4 1154 (-976 1408 832 ) (-976 1408 752 ) (-976 1424 752 ) (-976 1424 832 ) 
4 1154 (-1024 1680 960 ) (-976 1680 960 ) (-976 1680 320 ) (-1024 1680 320 ) 
4 1155 (-1024 1452 114 ) (-912 1452 114 ) (-912 1584 114 ) (-1024 1584 114 ) 
4 1155 (-1024 1584 114 ) (-912 1584 114 ) (-912 1584 96 ) (-1024 1584 96 ) 
4 1155 (-912 1452 96 ) (-912 1584 96 ) (-912 1584 114 ) (-912 1452 114 ) 
4 1155 (-1024 1452 96 ) (-912 1452 96 ) (-912 1452 114 ) (-1024 1452 114 ) 
4 1156 (-1024 1428 114 ) (-912 1428 114 ) (-912 1428 96 ) (-1024 1428 96 ) 
4 1156 (-912 1428 96 ) (-912 1428 114 ) (-912 1312 114 ) (-912 1312 96 ) 
4 1156 (-1024 1428 114 ) (-1024 1312 114 ) (-912 1312 114 ) (-912 1428 114 ) 
4 1157 (-590 1312 368 ) (-611 1312 368 ) (-611 1312 448 ) (-590 1312 448 ) 
4 1157 (-590 1312 368 ) (-590 1312 384 ) (-576 1312 384 ) (-576 1312 368 ) 
4 1157 (-590 1312 384 ) (-590 1312 448 ) (-576 1312 448 ) (-576 1312 384 ) 
4 1157 (-611 1312 448 ) (-611 1312 512 ) (-576 1312 512 ) (-576 1312 448 ) 
4 1157 (-611 1024 960 ) (-576 1024 960 ) (-576 1312 960 ) (-611 1312 960 ) 
4 1157 (-611 1024 368 ) (-611 1312 368 ) (-576 1312 368 ) (-576 1024 368 ) 
4 1158 (-800 1312 384 ) (-736 1312 384 ) (-736 1024 384 ) (-800 1024 384 ) 
4 1158 (-699 1312 384 ) (-784 1312 384 ) (-784 1312 448 ) (-699 1312 448 ) 
4 1158 (-784 1312 448 ) (-784 1312 512 ) (-688 1312 512 ) (-688 1312 448 ) 
4 1158 (-611 1312 384 ) (-635 1312 384 ) (-635 1312 448 ) (-611 1312 448 ) 
4 1158 (-611 1312 448 ) (-688 1312 448 ) (-688 1312 512 ) (-611 1312 512 ) 
4 1158 (-1024 1024 960 ) (-611 1024 960 ) (-611 1312 960 ) (-1024 1312 960 ) 
4 1159 (-736 1312 336 ) (-611 1312 336 ) (-611 1024 336 ) (-736 1024 336 ) 
4 1159 (-611 1312 336 ) (-611 1312 368 ) (-611 1024 368 ) (-611 1024 336 ) 
4 1159 (-611 1312 384 ) (-611 1312 336 ) (-635 1312 336 ) (-635 1312 384 ) 
4 1159 (-736 1312 384 ) (-699 1312 384 ) (-699 1312 336 ) (-736 1312 336 ) 
4 1159 (-736 1312 336 ) (-736 1024 336 ) (-736 1024 384 ) (-736 1312 384 ) 
4 1160 (-1024 1312 320 ) (-912 1312 320 ) (-912 1024 320 ) (-1024 1024 320 ) 
4 1160 (-912 1312 320 ) (-800 1312 320 ) (-800 1024 320 ) (-912 1024 320 ) 
4 1160 (-800 1312 336 ) (-800 1312 384 ) (-800 1024 384 ) (-800 1024 336 ) 
4 1160 (-800 1312 336 ) (-800 1024 336 ) (-800 1024 320 ) (-800 1312 320 ) 
4 1161 (-1024 1196 96 ) (-912 1196 96 ) (-912 1196 114 ) (-1024 1196 114 ) 
4 1161 (-1024 1196 114 ) (-912 1196 114 ) (-912 1312 114 ) (-1024 1312 114 ) 
4 1161 (-912 1196 114 ) (-912 1196 96 ) (-912 1312 96 ) (-912 1312 114 ) 
4 1162 (-912 1172 114 ) (-912 1024 114 ) (-912 1024 96 ) (-912 1172 96 ) 
4 1162 (-1024 1172 114 ) (-1024 1024 114 ) (-912 1024 114 ) (-912 1172 114 ) 
4 1162 (-1024 1172 114 ) (-912 1172 114 ) (-912 1172 96 ) (-1024 1172 96 ) 
4 1163 (-768 1472 0 ) (-768 1344 0 ) (-768 1344 64 ) (-768 1472 64 ) 
4 1163 (-640 1344 0 ) (-576 1344 0 ) (-576 1344 64 ) (-640 1344 64 ) 
4 1163 (-768 1472 64 ) (-768 1344 64 ) (-576 1344 64 ) (-576 1472 64 ) 
4 1163 (-576 1472 64 ) (-576 1472 0 ) (-768 1472 0 ) (-768 1472 64 ) 
4 1164 (-768 1152 0 ) (-768 1024 0 ) (-768 1024 64 ) (-768 1152 64 ) 
4 1164 (-768 1344 0 ) (-768 1152 0 ) (-768 1152 64 ) (-768 1344 64 ) 
4 1164 (-640 1344 64 ) (-768 1344 64 ) (-768 1024 64 ) (-640 1024 64 ) 
4 1164 (-640 1024 64 ) (-640 1024 0 ) (-640 1344 0 ) (-640 1344 64 ) 
4 1165 (-864 1408 16 ) (-896 1408 16 ) (-896 1344.001099 32 ) (-864 1344.001099 32 ) 
4 1165 (-896 1408 0 ) (-896 1408 16 ) (-864 1408 16 ) (-864 1408 0 ) 
5 1165 (-864 1408 16 ) (-864 1344 32 ) (-864 1280 16 ) (-864 1280 0 ) (-864 1408 0 ) 
4 1165 (-864 1280 0 ) (-864 1280 16 ) (-896 1280 16 ) (-896 1280 0 ) 
4 1165 (-864 1343.998169 32 ) (-896 1343.998169 32 ) (-896 1280 16 ) (-864 1280 16 ) 
4 1166 (-896 1024 0 ) (-800 1024 0 ) (-800 1024 16 ) (-896 1024 16 ) 
4 1166 (-800 1088 32 ) (-800 1152 16 ) (-896 1152 16 ) (-896 1088 32 ) 
4 1166 (-800 1152 16 ) (-800 1152 0 ) (-864 1152 0 ) (-864 1152 16 ) 
4 1166 (-864 1152 16 ) (-864 1152 0 ) (-896 1152 0 ) (-896 1152 16 ) 
5 1166 (-800 1088 32 ) (-800 1024 16 ) (-800 1024 0 ) (-800 1152 0 ) (-800 1152 16 ) 
4 1166 (-800 1088 32 ) (-896 1088 32 ) (-896 1024 16 ) (-800 1024 16 ) 
4 1167 (-912 1172 96 ) (-912 1196 96 ) (-1024 1196 96 ) (-1024 1172 96 ) 
4 1167 (-896 1312 96 ) (-912 1312 96 ) (-912 1024 96 ) (-896 1024 96 ) 
4 1167 (-912 1428 96 ) (-912 1452 96 ) (-1024 1452 96 ) (-1024 1428 96 ) 
4 1167 (-896 1584 96 ) (-912 1584 96 ) (-912 1312 96 ) (-896 1312 96 ) 
4 1167 (-1024 1600 96 ) (-1024 1584 96 ) (-896 1584 96 ) (-896 1600 96 ) 
4 1167 (-896 1600 64 ) (-896 1600 96 ) (-896 1024 96 ) (-896 1024 64 ) 
4 1167 (-896 1600 64 ) (-896 1408 64 ) (-896 1408 0 ) (-896 1600 0 ) 
4 1167 (-896 1280 64 ) (-896 1152 64 ) (-896 1152 0 ) (-896 1280 0 ) 
4 1167 (-896 1408 16 ) (-896 1408 64 ) (-896 1280 64 ) (-896 1280 48 ) 
3 1167 (-896 1344 32 ) (-896 1280 48 ) (-896 1280 16 ) 
4 1167 (-896 1152 16 ) (-896 1152 64 ) (-896 1024 64 ) (-896 1024 48 ) 
3 1167 (-896 1088 32 ) (-896 1024 48 ) (-896 1024 16 ) 
4 1167 (-1024 1600 96 ) (-896 1600 96 ) (-896 1600 0 ) (-1024 1600 0 ) 
4 1168 (-288 1344 -16 ) (-288 1344 0 ) (-320 1344 0 ) (-320 1344 -16 ) 
4 1168 (-288 1344 0 ) (-288 1344 -16 ) (-288 1472 -16 ) (-288 1472 0 ) 
4 1168 (-320 1472 -16 ) (-320 1472 0 ) (-288 1472 0 ) (-288 1472 -16 ) 
4 1168 (-320 1344 -16 ) (-320 1472 -16 ) (-288 1472 -16 ) (-288 1344 -16 ) 
4 1169 (-320 1344 -32 ) (-320 1344 0 ) (-352 1344 0 ) (-352 1344 -32 ) 
4 1169 (-352 1472 -32 ) (-352 1472 0 ) (-320 1472 0 ) (-320 1472 -32 ) 
4 1169 (-320 1344 -16 ) (-320 1344 -32 ) (-320 1472 -32 ) (-320 1472 -16 ) 
4 1169 (-352 1344 -32 ) (-352 1472 -32 ) (-320 1472 -32 ) (-320 1344 -32 ) 
4 1170 (-352 1344 -48 ) (-352 1344 0 ) (-416 1344 0 ) (-416 1344 -48 ) 
4 1170 (-384 1472 -48 ) (-352 1472 -48 ) (-352 1344 -48 ) (-384 1344 -48 ) 
4 1170 (-416 1472 -48 ) (-416 1472 0 ) (-352 1472 0 ) (-352 1472 -48 ) 
4 1170 (-352 1344 -32 ) (-352 1344 -48 ) (-352 1472 -48 ) (-352 1472 -32 ) 
4 1171 (-384 1344 -48 ) (-416 1344 -48 ) (-416 1344 -64 ) (-384 1344 -64 ) 
4 1171 (-416 1344 -64 ) (-416 1472 -64 ) (-384 1472 -64 ) (-384 1344 -64 ) 
4 1171 (-384 1472 -64 ) (-416 1472 -64 ) (-416 1472 -48 ) (-384 1472 -48 ) 
4 1171 (-384 1472 -48 ) (-384 1344 -48 ) (-384 1344 -64 ) (-384 1472 -64 ) 
4 1172 (-768 1472 -16 ) (-768 1472 -80 ) (-768 1344 -80 ) (-768 1344 -16 ) 
4 1172 (-768 1344 0 ) (-768 1472 0 ) (-768 1472 -16 ) (-768 1344 -16 ) 
4 1172 (-640 1344 -80 ) (-416 1344 -80 ) (-416 1344 0 ) (-640 1344 0 ) 
4 1172 (-448 1472 -80 ) (-416 1472 -80 ) (-416 1344 -80 ) (-448 1344 -80 ) 
4 1172 (-416 1472 0 ) (-416 1472 -80 ) (-768 1472 -80 ) (-768 1472 0 ) 
4 1172 (-416 1344 -64 ) (-416 1344 -80 ) (-416 1472 -80 ) (-416 1472 -64 ) 
4 1173 (-768 1472 -80 ) (-768 1472 -96 ) (-768 1344 -96 ) (-768 1344 -80 ) 
4 1173 (-640 1344 -96 ) (-448 1344 -96 ) (-448 1344 -80 ) (-640 1344 -80 ) 
4 1173 (-480 1472 -96 ) (-448 1472 -96 ) (-448 1344 -96 ) (-480 1344 -96 ) 
4 1173 (-448 1472 -80 ) (-448 1472 -96 ) (-768 1472 -96 ) (-768 1472 -80 ) 
4 1173 (-448 1472 -80 ) (-448 1344 -80 ) (-448 1344 -96 ) (-448 1472 -96 ) 
4 1174 (-768 1472 -96 ) (-768 1472 -112 ) (-768 1344 -112 ) (-768 1344 -96 ) 
4 1174 (-640 1344 -112 ) (-480 1344 -112 ) (-480 1344 -96 ) (-640 1344 -96 ) 
4 1174 (-512 1472 -112 ) (-480 1472 -112 ) (-480 1344 -112 ) (-512 1344 -112 ) 
4 1174 (-480 1472 -96 ) (-480 1472 -112 ) (-768 1472 -112 ) (-768 1472 -96 ) 
4 1174 (-480 1472 -96 ) (-480 1344 -96 ) (-480 1344 -112 ) (-480 1472 -112 ) 
4 1175 (-768 1472 -112 ) (-768 1472 -128 ) (-768 1344 -128 ) (-768 1344 -112 ) 
4 1175 (-640 1344 -128 ) (-512 1344 -128 ) (-512 1344 -112 ) (-640 1344 -112 ) 
4 1175 (-512 1344 -128 ) (-768 1344 -128 ) (-768 1472 -128 ) (-512 1472 -128 ) 
4 1175 (-512 1472 -112 ) (-512 1472 -128 ) (-768 1472 -128 ) (-768 1472 -112 ) 
4 1175 (-512 1472 -112 ) (-512 1344 -112 ) (-512 1344 -128 ) (-512 1472 -128 ) 
4 1176 (-32 1152 -192 ) (-32 1056 -192 ) (-32 1056 -32 ) (-32 1152 -32 ) 
4 1176 (0 1152 -32 ) (-32 1152 -32 ) (-32 1024 -32 ) (0 1024 -32 ) 
4 1176 (0 1024 -192 ) (-32 1024 -192 ) (-32 1152 -192 ) (0 1152 -192 ) 
4 1176 (0 1152 -192 ) (-32 1152 -192 ) (-32 1152 -32 ) (0 1152 -32 ) 
4 1177 (-32 1024 -32 ) (-32 1056 -32 ) (-256 1056 -32 ) (-256 1024 -32 ) 
4 1177 (-32 1024 -192 ) (-256 1024 -192 ) (-256 1056 -192 ) (-32 1056 -192 ) 
4 1177 (-256 1056 -192 ) (-256 1024 -192 ) (-256 1024 -32 ) (-256 1056 -32 ) 
4 1177 (-256 1056 -192 ) (-256 1056 -32 ) (-32 1056 -32 ) (-32 1056 -192 ) 
4 1178 (-768 1344 -16 ) (-768 1344 -128 ) (-768 1120 -128 ) (-768 1120 -16 ) 
4 1178 (-768 1056 0 ) (-768 1344 0 ) (-768 1344 -16 ) (-768 1056 -16 ) 
4 1178 (-768 1024 -128 ) (-768 1024 0 ) (-768 1056 0 ) (-768 1056 -128 ) 
4 1178 (-640 1024 0 ) (-640 1024 -128 ) (-640 1344 -128 ) (-640 1344 0 ) 
4 1178 (-768 1024 -128 ) (-768 1344 -128 ) (-640 1344 -128 ) (-640 1024 -128 ) 
4 1179 (-768 1120 -128 ) (-768 1056 -128 ) (-800 1056 -128 ) (-800 1120 -128 ) 
4 1179 (-768 1120 -16 ) (-800 1120 -16 ) (-800 1056 -16 ) (-768 1056 -16 ) 
4 1179 (-800 1056 -16 ) (-800 1056 -128 ) (-768 1056 -128 ) (-768 1056 -16 ) 
4 1179 (-768 1120 -128 ) (-800 1120 -128 ) (-800 1120 -16 ) (-768 1120 -16 ) 
3 1180 (-944 1600 -128 ) (-960 1600 -128 ) (-960 1608 -128 ) 
3 1180 (-960 1608 -16 ) (-960 1600 -16 ) (-944 1600 -16 ) 
4 1180 (-960 1607.998413 -128 ) (-960 1607.998413 -16 ) (-944.003174 1600 -16 ) (-944.003174 1600 -128 ) 
4 1181 (-1024 1614 -16 ) (-1024 1614 -128 ) (-1024 1608 -128 ) (-1024 1608 -16 ) 
4 1181 (-960 1600 -128 ) (-1024 1600 -128 ) (-1024 1614 -128 ) (-960 1614 -128 ) 
4 1181 (-960 1608 -128 ) (-960 1614 -128 ) (-960 1614 -16 ) (-960 1608 -16 ) 
4 1181 (-960 1614 -16 ) (-1024 1614 -16 ) (-1024 1600 -16 ) (-960 1600 -16 ) 
4 1181 (-1024 1614 -16 ) (-960 1614 -16 ) (-960 1614 -128 ) (-1024 1614 -128 ) 
4 1182 (-896 1408 -128 ) (-1024 1408 -128 ) (-1024 1600 -128 ) (-896 1600 -128 ) 
4 1182 (-896 1600 -16 ) (-1024 1600 -16 ) (-1024 1600 0 ) (-896 1600 0 ) 
4 1182 (-944 1600 -16 ) (-896 1600 -16 ) (-896 1600 -128 ) (-944 1600 -128 ) 
4 1182 (-896 1408 0 ) (-896 1408 -128 ) (-896 1600 -128 ) (-896 1600 0 ) 
4 1183 (-864 1280 -128 ) (-1024 1280 -128 ) (-1024 1408 -128 ) (-864 1408 -128 ) 
4 1183 (-896 1280 -128 ) (-864 1280 -128 ) (-864 1280 0 ) (-896 1280 0 ) 
4 1183 (-896 1408 0 ) (-864 1408 0 ) (-864 1408 -128 ) (-896 1408 -128 ) 
4 1183 (-864 1280 0 ) (-864 1280 -128 ) (-864 1408 -128 ) (-864 1408 0 ) 
4 1184 (-896 1152 -128 ) (-1024 1152 -128 ) (-1024 1280 -128 ) (-896 1280 -128 ) 
4 1184 (-896 1152 0 ) (-896 1152 -128 ) (-896 1280 -128 ) (-896 1280 0 ) 
4 1185 (-896 1024 -128 ) (-800 1024 -128 ) (-800 1024 0 ) (-896 1024 0 ) 
4 1185 (-800 1152 -128 ) (-800 1024 -128 ) (-1024 1024 -128 ) (-1024 1152 -128 ) 
4 1185 (-896 1152 0 ) (-800 1152 0 ) (-800 1152 -128 ) (-896 1152 -128 ) 
4 1185 (-800 1056 0 ) (-800 1024 0 ) (-800 1024 -128 ) (-800 1056 -128 ) 
4 1185 (-800 1152 -16 ) (-800 1152 0 ) (-800 1056 0 ) (-800 1056 -16 ) 
4 1185 (-800 1152 -16 ) (-800 1120 -16 ) (-800 1120 -128 ) (-800 1152 -128 ) 
4 1186 (-960 1568 -224 ) (-960 1568 -192 ) (-1024 1568 -192 ) (-1024 1568 -224 ) 
4 1186 (-1024 1632 -192 ) (-960 1632 -192 ) (-960 1632 -384 ) (-1024 1632 -384 ) 
4 1186 (-960 1568 -384 ) (-1024 1568 -384 ) (-1024 1632 -384 ) (-960 1632 -384 ) 
4 1186 (-1024 1568 -192 ) (-960 1568 -192 ) (-960 1632 -192 ) (-1024 1632 -192 ) 
4 1186 (-960 1632 -384 ) (-960 1632 -192 ) (-960 1568 -192 ) (-960 1568 -384 ) 
4 1187 (-1024 1408 -224 ) (-832 1408 -224 ) (-832 1408 -192 ) (-1024 1408 -192 ) 
4 1187 (-832 1408 -192 ) (-832 1536 -192 ) (-1024 1536 -192 ) (-1024 1408 -192 ) 
4 1187 (-832 1536 -192 ) (-832 1408 -192 ) (-832 1408 -224 ) (-832 1536 -224 ) 
4 1187 (-1024 1536 -192 ) (-832 1536 -192 ) (-832 1536 -224 ) (-1024 1536 -224 ) 
4 1188 (-1024 1216 -224 ) (-832 1216 -224 ) (-832 1216 -192 ) (-1024 1216 -192 ) 
4 1188 (-832 1376 -192 ) (-832 1216 -192 ) (-832 1216 -224 ) (-832 1376 -224 ) 
4 1188 (-832 1216 -192 ) (-832 1376 -192 ) (-1024 1376 -192 ) (-1024 1216 -192 ) 
4 1188 (-1024 1376 -192 ) (-832 1376 -192 ) (-832 1376 -224 ) (-1024 1376 -224 ) 
3 1189 (-992 1208 -384 ) (-992 1208 -382 ) (-994 1208 -382 ) 
4 1189 (-992 1208 -382 ) (-992 1208 -290 ) (-1024 1208 -290 ) (-1024 1208 -382 ) 
3 1189 (-992 1208 -290 ) (-992 1208 -288 ) (-994 1208 -290 ) 
4 1189 (-832 1208 -384 ) (-832 1568 -384 ) (-832 1568 -224 ) (-832 1208 -224 ) 
4 1189 (-1024 1408 -224 ) (-1024 1376 -224 ) (-832 1376 -224 ) (-832 1408 -224 ) 
4 1189 (-1024 1216 -224 ) (-1024 1208 -224 ) (-832 1208 -224 ) (-832 1216 -224 ) 
4 1189 (-1024 1536 -224 ) (-832 1536 -224 ) (-832 1568 -224 ) (-1024 1568 -224 ) 
4 1189 (-1024 1208 -384 ) (-1024 1568 -384 ) (-832 1568 -384 ) (-832 1208 -384 ) 
4 1189 (-960 1568 -224 ) (-832 1568 -224 ) (-832 1568 -384 ) (-960 1568 -384 ) 
4 1190 (-992 1208 -382 ) (-992 1208 -384 ) (-992 1184 -384 ) (-992 1184 -382 ) 
4 1190 (-992 1186 -382 ) (-992 1184 -382 ) (-992 1184 -290 ) (-992 1186 -290 ) 
4 1190 (-992 1208 -290 ) (-992 1208 -382 ) (-992 1186 -382 ) (-992 1186 -290 ) 
4 1190 (-992 1208 -288 ) (-992 1208 -290 ) (-992 1184 -290 ) (-992 1184 -288 ) 
4 1190 (-992 1184 -384 ) (-832 1184 -384 ) (-832 1184 -224 ) (-992 1184 -224 ) 
4 1190 (-832 1184 -384 ) (-832 1208 -384 ) (-832 1208 -224 ) (-832 1184 -224 ) 
4 1190 (-992 1208 -224 ) (-992 1184 -224 ) (-832 1184 -224 ) (-832 1208 -224 ) 
4 1190 (-992 1208 -384 ) (-832 1208 -384 ) (-832 1184 -384 ) (-992 1184 -384 ) 
4 1191 (-1024 1208 -290 ) (-1016 1208 -290 ) (-994 1186 -290 ) (-1024 1186 -290 ) 
3 1191 (-992 1184.005249 -288 ) (-992 1184.005249 -290 ) (-994 1186.005249 -290 ) 
4 1191 (-1016 1208 -224 ) (-1024 1208 -224 ) (-1024 1184 -224 ) (-992 1184 -224 ) 
4 1191 (-992 1184 -290 ) (-992 1184 -224 ) (-1024 1184 -224 ) (-1024 1184 -290 ) 
3 1192 (-1016 1208 -290 ) (-994 1208 -290 ) (-994 1186 -290 ) 
3 1192 (-992 1208 -224 ) (-1016 1208 -224 ) (-992 1184 -224 ) 
5 1192 (-992.002563 1184 -288 ) (-993.997681 1185.997803 -290 ) (-993.997681 1208 -290 ) (-992 1208 -287.997498 ) (-992 1184 -287.997498 ) 
4 1193 (-1024 1186 -290 ) (-994 1186 -290 ) (-994 1186 -382 ) (-1024 1186 -382 ) 
4 1193 (-992 1184 -382 ) (-992 1184 -290 ) (-1024 1184 -290 ) (-1024 1184 -382 ) 
4 1193 (-992 1184 -382 ) (-994.002319 1186 -382 ) (-994.002319 1186 -290 ) (-992.002319 1184 -290 ) 
4 1194 (-992 1184 -384 ) (-992 1208 -384 ) (-994 1208 -382 ) (-994 1186 -382 ) 
4 1194 (-1024 1184 -384 ) (-992 1184 -384 ) (-994 1184 -382 ) (-1024 1184 -382 ) 
4 1194 (-1024 1184 -384 ) (-1024 1208 -384 ) (-992 1208 -384 ) (-992 1184 -384 ) 
4 1194 (-1024 1186 -382 ) (-994 1186 -382 ) (-994 1208 -382 ) (-1024 1208 -382 ) 
3 1195 (-992 1184 -384 ) (-992 1184 -382 ) (-994 1184 -382 ) 
4 1195 (-992.006531 1184.007690 -384 ) (-994.005066 1186.005127 -382 ) (-992 1184 -382 ) (-992 1184.001221 -384 ) 
4 1196 (0 1024 -1546 ) (-580 1024 -1546 ) (-580 1500 -1546 ) (0 1500 -1546 ) 
4 1196 (-580 1024 -1546 ) (-580 1024 -1338 ) (-580 1500 -1338 ) (-580 1500 -1546 ) 
4 1196 (0 1500 -1338 ) (-580 1500 -1338 ) (-580 1024 -1338 ) (0 1024 -1338 ) 
4 1196 (-580 1500 -1338 ) (0 1500 -1338 ) (0 1500 -1546 ) (-580 1500 -1546 ) 
4 1197 (-544 1024 128 ) (0 1024 128 ) (0 400 128 ) (-544 400 128 ) 
4 1197 (-544 680 128 ) (-544 648 128 ) (-544 648 160 ) (-544 680 160 ) 
4 1197 (-544 808 128 ) (-544 680 128 ) (-544 680 144 ) (-544 808 144 ) 
4 1197 (-544 840 128 ) (-544 808 128 ) (-544 808 160 ) (-544 840 160 ) 
4 1197 (-48 400 864 ) (-48 400 944 ) (-336 400 944 ) (-336 400 864 ) 
4 1197 (-48 400 944 ) (-48 400 960 ) (-104 400 960 ) (-104 400 944 ) 
4 1197 (-280 400 960 ) (-336 400 960 ) (-336 400 944 ) (-280 400 944 ) 
4 1197 (0 1024 960 ) (-544 1024 960 ) (-544 400 960 ) (0 400 960 ) 
4 1198 (0 400 128 ) (0 384 128 ) (-48 384 128 ) (-48 400 128 ) 
4 1198 (-48 400 944 ) (-48 400 864 ) (-48 384 864 ) (-48 384 944 ) 
4 1198 (-48 400 960 ) (-48 400 944 ) (-48 384 944 ) (-48 384 960 ) 
4 1198 (0 400 960 ) (-48 400 960 ) (-48 384 960 ) (0 384 960 ) 
4 1199 (-280 400 944 ) (-104 400 944 ) (-104 384 944 ) (-280 384 944 ) 
4 1199 (-280 400 944 ) (-280 384 944 ) (-280 384 960 ) (-280 400 960 ) 
4 1199 (-280 384 960 ) (-104 384 960 ) (-104 400 960 ) (-280 400 960 ) 
4 1199 (-104 400 960 ) (-104 384 960 ) (-104 384 944 ) (-104 400 944 ) 
4 1200 (-48 384 128 ) (-336 384 128 ) (-336 400 128 ) (-48 400 128 ) 
4 1200 (-165 384 128 ) (-64 384 128 ) (-64 384 240 ) (-165 384 240 ) 
4 1200 (-320 384 128 ) (-229 384 128 ) (-229 384 240 ) (-320 384 240 ) 
3 1200 (-180 384 714 ) (-184.800018 384 723.600037 ) (-192 384 720 ) 
3 1200 (-176 384 706 ) (-176 384 728 ) (-184.800018 384 723.600037 ) 
3 1200 (-176 384 728 ) (-176 384 770 ) (-204 384 714 ) 
4 1200 (-176 384 816 ) (-208 384 816 ) (-208 384 706 ) (-176 384 770 ) 
4 1200 (-64 384 656 ) (-64 384 816 ) (-176 384 816 ) (-176 384 656 ) 
4 1200 (-208 384 816 ) (-320 384 816 ) (-320 384 656 ) (-208 384 656 ) 
4 1200 (-64 384 240 ) (-64 384 656 ) (-320 384 656 ) (-320 384 240 ) 
4 1200 (-48 400 863.997803 ) (-335.998077 400 863.994263 ) (-319.998169 384 815.994568 ) (-64 384 816 ) 
4 1201 (-319.996185 384 815.997925 ) (-335.996155 400 863.998047 ) (-336 400 864.009583 ) (-336 384 864.009583 ) 
3 1202 (-48 400 863.983154 ) (-64 384 815.983032 ) (-48 384 863.983154 ) 
4 1203 (-336 384 128 ) (-544 384 128 ) (-544 400 128 ) (-336 400 128 ) 
4 1203 (-336 384 960 ) (-336 384 944 ) (-336 400 944 ) (-336 400 960 ) 
4 1203 (-336 384 944 ) (-336 384 864 ) (-336 400 864 ) (-336 400 944 ) 
4 1203 (-336 384 960 ) (-336 400 960 ) (-544 400 960 ) (-544 384 960 ) 
4 1204 (-560.003967 976 640 ) (-560.003967 496 640 ) (-576 511.996033 658.456970 ) (-576 960.003967 658.456970 ) 
4 1204 (-544 384 960 ) (-544 1024 960 ) (-576 1024 960 ) (-576 384 960 ) 
3 1205 (-576 511.992218 658.452393 ) (-560.007935 496 640 ) (-576 496 640 ) 
3 1206 (-576 975.990173 640 ) (-560.002014 975.990173 640 ) (-576 959.992432 658.459473 ) 
4 1207 (-576 680 160 ) (-576 512 160 ) (-576 512 296 ) (-576 680 296 ) 
4 1207 (-576 680 258 ) (-576 680 296 ) (-576 808 296 ) (-576 808 258 ) 
4 1207 (-576 928 160 ) (-576 808 160 ) (-576 808 296 ) (-576 928 296 ) 
4 1207 (-576 928 480 ) (-576 928 296 ) (-576 544 296 ) (-576 544 480 ) 
4 1207 (-576 760 544 ) (-576 928 544 ) (-576 928 480 ) (-576 760 480 ) 
4 1207 (-576 544 544 ) (-576 712 544 ) (-576 712 480 ) (-576 544 480 ) 
4 1207 (-576 512 296 ) (-576 512 544 ) (-576 544 544 ) (-576 544 296 ) 
4 1207 (-576 512 544 ) (-576 512 640 ) (-576 928 640 ) (-576 928 544 ) 
4 1207 (-576 941 160 ) (-576 928 160 ) (-576 928 256 ) (-576 941 256 ) 
4 1207 (-576 960 160 ) (-576 941 160 ) (-576 941 256 ) (-576 960 256 ) 
4 1207 (-576 928 256 ) (-576 928 336 ) (-576 960 336 ) (-576 960 256 ) 
4 1207 (-576 928 336 ) (-576 928 448 ) (-576 960 448 ) (-576 960 336 ) 
4 1207 (-576 928 480 ) (-576 928 544 ) (-576 960 544 ) (-576 960 480 ) 
4 1207 (-576 928 544 ) (-576 928 640 ) (-576 960 640 ) (-576 960 544 ) 
4 1207 (-576 928 448 ) (-576 928 480 ) (-576 960 480 ) (-576 960 448 ) 
4 1207 (-576 1024 368 ) (-576 1024 320 ) (-576 960 320 ) (-576 960 368 ) 
4 1207 (-576 1024 320 ) (-576 1024 160 ) (-576 960 160 ) (-576 960 320 ) 
4 1207 (-576 648 160 ) (-576 680 160 ) (-544 680 160 ) (-544 648 160 ) 
4 1207 (-576 808 160 ) (-576 840 160 ) (-544 840 160 ) (-544 808 160 ) 
4 1207 (-560 496 640 ) (-560 976 640 ) (-576 976 640 ) (-576 496 640 ) 
4 1208 (-576 1024 128 ) (-544 1024 128 ) (-544 840 128 ) (-576 840 128 ) 
4 1208 (-576 928 128 ) (-576 840 128 ) (-576 840 160 ) (-576 928 160 ) 
4 1208 (-576 928 144 ) (-576 928 160 ) (-576 941 160 ) (-576 941 144 ) 
4 1208 (-576 941 128 ) (-576 928 128 ) (-576 928 144 ) (-576 941 144 ) 
4 1208 (-576 960 128 ) (-576 941 128 ) (-576 941 160 ) (-576 960 160 ) 
4 1208 (-576 1024 160 ) (-576 1024 128 ) (-576 960 128 ) (-576 960 160 ) 
4 1208 (-544 840 128 ) (-544 840 160 ) (-576 840 160 ) (-576 840 128 ) 
4 1209 (-544 680 144 ) (-544 680 160 ) (-576 680 160 ) (-576 680 144 ) 
4 1209 (-576 808 144 ) (-576 808 160 ) (-544 808 160 ) (-544 808 144 ) 
4 1209 (-544 680 144 ) (-576 680 144 ) (-576 808 144 ) (-544 808 144 ) 
4 1210 (-544 648 128 ) (-544 384 128 ) (-576 384 128 ) (-576 648 128 ) 
4 1210 (-576 648 128 ) (-576 512 128 ) (-576 512 160 ) (-576 648 160 ) 
4 1210 (-576 648 128 ) (-576 648 160 ) (-544 648 160 ) (-544 648 128 ) 
4 1211 (-576 1024 960 ) (-1024 1024 960 ) (-1024 960 960 ) (-576 960 960 ) 
4 1211 (-1024 975.994751 640 ) (-576 975.994751 640 ) (-576 960 658.455566 ) (-1024 960 658.455566 ) 
4 1212 (-1024 960 448 ) (-1024 960 384 ) (-699 960 384 ) (-699 960 448 ) 
4 1212 (-635 960 384 ) (-576 960 384 ) (-576 960 448 ) (-635 960 448 ) 
4 1212 (-1024 960 544 ) (-1024 960 480 ) (-944 960 480 ) (-944 960 544 ) 
4 1212 (-896 960 480 ) (-576 960 480 ) (-576 960 544 ) (-896 960 544 ) 
4 1212 (-1024 960 640 ) (-1024 960 544 ) (-576 960 544 ) (-576 960 640 ) 
4 1212 (-1024 960 480 ) (-1024 960 448 ) (-576 960 448 ) (-576 960 480 ) 
4 1212 (-736 960 384 ) (-800 960 384 ) (-800 1024 384 ) (-736 1024 384 ) 
4 1212 (-576 976 640 ) (-1024 976 640 ) (-1024 960 640 ) (-576 960 640 ) 
4 1213 (-576 960 368 ) (-576 960 384 ) (-611 960 384 ) (-611 960 368 ) 
4 1213 (-576 960 368 ) (-611 960 368 ) (-611 1024 368 ) (-576 1024 368 ) 
4 1214 (-699 960 384 ) (-736 960 384 ) (-736 960 336 ) (-699 960 336 ) 
4 1214 (-611 960 336 ) (-611 960 384 ) (-635 960 384 ) (-635 960 336 ) 
4 1214 (-736 1024 336 ) (-611 1024 336 ) (-611 960 336 ) (-736 960 336 ) 
4 1214 (-611 1024 336 ) (-611 1024 368 ) (-611 960 368 ) (-611 960 336 ) 
4 1214 (-736 1024 336 ) (-736 960 336 ) (-736 960 384 ) (-736 1024 384 ) 
4 1215 (-1024 960 336 ) (-1024 960 320 ) (-800 960 320 ) (-800 960 336 ) 
4 1215 (-1024 960 384 ) (-1024 960 336 ) (-800 960 336 ) (-800 960 384 ) 
4 1215 (-800 1024 336 ) (-800 1024 384 ) (-800 960 384 ) (-800 960 336 ) 
4 1215 (-800 1024 336 ) (-800 960 336 ) (-800 960 320 ) (-800 1024 320 ) 
4 1215 (-800 960 320 ) (-1024 960 320 ) (-1024 1024 320 ) (-800 1024 320 ) 
4 1216 (-576 928 658.457031 ) (-608.003845 928 695.384705 ) (-576.003906 960 658.461487 ) (-576 960 658.457031 ) 
4 1216 (-576 960 960 ) (-837.333374 960 960 ) (-837.333374 928 960 ) (-576 928 960 ) 
4 1217 (-837.333374 960 960 ) (-1024 960 960 ) (-1024 928 960 ) (-837.333374 928 960 ) 
5 1217 (-1024 960 658.451782 ) (-576 960 658.451782 ) (-576 959.992188 658.460815 ) (-607.992188 928 695.375061 ) (-1024 928 695.375061 ) 
4 1218 (-896 960 544 ) (-896 928 544 ) (-896 928 480 ) (-896 960 480 ) 
4 1218 (-896 928 480 ) (-944 928 480 ) (-944 960 480 ) (-896 960 480 ) 
4 1218 (-896 960 544 ) (-944 960 544 ) (-944 928 544 ) (-896 928 544 ) 
4 1218 (-944 960 480 ) (-944 928 480 ) (-944 928 544 ) (-944 960 544 ) 
4 1219 (-699 946 336 ) (-699 960 336 ) (-635 960 336 ) (-635 946 336 ) 
4 1219 (-699 946 448 ) (-699 946 336 ) (-635 946 336 ) (-635 946 448 ) 
4 1219 (-699 960 336 ) (-699 946 336 ) (-699 946 448 ) (-699 960 448 ) 
4 1219 (-635 946 448 ) (-635 960 448 ) (-699 960 448 ) (-699 946 448 ) 
4 1219 (-635 960 448 ) (-635 946 448 ) (-635 946 336 ) (-635 960 336 ) 
4 1220 (-635 928 336 ) (-699 928 336 ) (-699 942 336 ) (-635 942 336 ) 
4 1220 (-635 942 448 ) (-635 928 448 ) (-635 928 336 ) (-635 942 336 ) 
4 1220 (-635 942 448 ) (-699 942 448 ) (-699 928 448 ) (-635 928 448 ) 
4 1220 (-699 942 336 ) (-699 928 336 ) (-699 928 448 ) (-699 942 448 ) 
4 1220 (-635 942 448 ) (-635 942 336 ) (-699 942 336 ) (-699 942 448 ) 
4 1221 (-635 928 256 ) (-635 928 144 ) (-635 941 144 ) (-635 941 256 ) 
4 1221 (-635 941 144 ) (-699 941 144 ) (-699 941 256 ) (-635 941 256 ) 
4 1221 (-635 941 256 ) (-699 941 256 ) (-699 928 256 ) (-635 928 256 ) 
4 1221 (-635 928 144 ) (-699 928 144 ) (-699 941 144 ) (-635 941 144 ) 
4 1221 (-699 941 256 ) (-699 941 144 ) (-699 928 144 ) (-699 928 256 ) 
4 1222 (-1024 704 880 ) (-1024 768 880 ) (-768 768 880 ) (-768 704 880 ) 
4 1222 (-576 928 960 ) (-1024 928 960 ) (-1024 512 960 ) (-576 512 960 ) 
6 1223 (-576 512 658.456909 ) (-576.004028 512 658.461548 ) (-768.005554 704 880 ) (-768.005554 768 880 ) (-608.004395 928 695.384766 ) (-576 928 658.456909 ) 
4 1224 (-768.008118 704 880 ) (-576.007812 512 658.460327 ) (-1024 512 658.460327 ) (-1024 704 880 ) 
4 1225 (-1024 928 695.374817 ) (-607.992920 928 695.374817 ) (-768 767.996033 880 ) (-1024 767.996033 880 ) 
4 1226 (-608 712 480 ) (-608 760 480 ) (-576 760 480 ) (-576 712 480 ) 
4 1226 (-608 712 544 ) (-608 712 480 ) (-576 712 480 ) (-576 712 544 ) 
4 1226 (-608 760 544 ) (-608 712 544 ) (-576 712 544 ) (-576 760 544 ) 
4 1226 (-576 760 544 ) (-576 760 480 ) (-608 760 480 ) (-608 760 544 ) 
4 1227 (-608 544 480 ) (-611 544 480 ) (-611 928 480 ) (-608 928 480 ) 
4 1227 (-608 928 544 ) (-608 760 544 ) (-608 760 480 ) (-608 928 480 ) 
4 1227 (-608 712 544 ) (-608 544 544 ) (-608 544 480 ) (-608 712 480 ) 
4 1227 (-608 544 544 ) (-612 544 544 ) (-612 544 480 ) (-608 544 480 ) 
4 1227 (-612 544 544 ) (-608 544 544 ) (-608 928 544 ) (-612 928 544 ) 
4 1227 (-612 928 544 ) (-608 928 544 ) (-608 928 480 ) (-612 928 480 ) 
4 1228 (-612 544 336 ) (-612 928 336 ) (-611 928 336 ) (-611 544 336 ) 
4 1228 (-611 928 336 ) (-611 928 480 ) (-611 544 480 ) (-611 544 336 ) 
4 1228 (-612 928 448 ) (-611 928 448 ) (-611 928 336 ) (-612 928 336 ) 
4 1228 (-612 928 480 ) (-611 928 480 ) (-611 928 448 ) (-612 928 448 ) 
4 1228 (-611 544 336 ) (-611 544 480 ) (-612 544 480 ) (-612 544 336 ) 
4 1229 (-612 924 296 ) (-612 548 296 ) (-612 548 304 ) (-612 924 304 ) 
4 1229 (-612 928 296 ) (-612 924 296 ) (-612 924 304 ) (-612 928 304 ) 
4 1229 (-612 548 304 ) (-612 548 320 ) (-612 924 320 ) (-612 924 304 ) 
4 1229 (-612 924 320 ) (-612 928 320 ) (-612 928 304 ) (-612 924 304 ) 
4 1229 (-612 548 296 ) (-612 544 296 ) (-612 544 320 ) (-612 548 320 ) 
4 1229 (-612 544 296 ) (-611 544 296 ) (-611 544 320 ) (-612 544 320 ) 
4 1229 (-612 928 320 ) (-611 928 320 ) (-611 928 296 ) (-612 928 296 ) 
4 1229 (-611 928 320 ) (-611 544 320 ) (-611 544 296 ) (-611 928 296 ) 
4 1229 (-611 544 320 ) (-611 928 320 ) (-612 928 320 ) (-612 544 320 ) 
4 1230 (-1024 928 336 ) (-612 928 336 ) (-612 544 336 ) (-1024 544 336 ) 
4 1230 (-699 928 448 ) (-699 928 336 ) (-1024 928 336 ) (-1024 928 448 ) 
4 1230 (-635 928 448 ) (-612 928 448 ) (-612 928 336 ) (-635 928 336 ) 
4 1230 (-944 928 544 ) (-944 928 480 ) (-1024 928 480 ) (-1024 928 544 ) 
4 1230 (-896 928 544 ) (-612 928 544 ) (-612 928 480 ) (-896 928 480 ) 
4 1230 (-612 928 480 ) (-612 928 448 ) (-1024 928 448 ) (-1024 928 480 ) 
4 1230 (-612 544 544 ) (-612 928 544 ) (-1024 928 544 ) (-1024 544 544 ) 
4 1230 (-612 544 336 ) (-612 544 544 ) (-1024 544 544 ) (-1024 544 336 ) 
4 1231 (-660 924 320 ) (-660 924 304 ) (-660 548 304 ) (-660 548 320 ) 
4 1231 (-616 924 320 ) (-660 924 320 ) (-660 548 320 ) (-616 548 320 ) 
4 1231 (-616 548 320 ) (-660 548 320 ) (-660 548 304 ) (-616 548 304 ) 
4 1231 (-660 924 320 ) (-616 924 320 ) (-616 924 304 ) (-660 924 304 ) 
4 1231 (-616 548 320 ) (-616 548 304 ) (-616 924 304 ) (-616 924 320 ) 
4 1232 (-840 924 320 ) (-672 924 320 ) (-672 924 304 ) (-840 924 304 ) 
4 1232 (-672 548 320 ) (-840 548 320 ) (-840 548 304 ) (-672 548 304 ) 
4 1232 (-672 924 320 ) (-840 924 320 ) (-840 548 320 ) (-672 548 320 ) 
4 1232 (-840 924 320 ) (-840 924 304 ) (-840 548 304 ) (-840 548 320 ) 
4 1232 (-672 548 320 ) (-672 548 304 ) (-672 924 304 ) (-672 924 320 ) 
4 1233 (-864 924 320 ) (-1012 924 320 ) (-1012 548 320 ) (-864 548 320 ) 
4 1233 (-864 548 320 ) (-1012 548 320 ) (-1012 548 304 ) (-864 548 304 ) 
4 1233 (-1012 924 320 ) (-864 924 320 ) (-864 924 304 ) (-1012 924 304 ) 
4 1233 (-864 548 320 ) (-864 548 304 ) (-864 924 304 ) (-864 924 320 ) 
4 1233 (-1012 924 320 ) (-1012 924 304 ) (-1012 548 304 ) (-1012 548 320 ) 
4 1234 (-1024 924 304 ) (-616 924 304 ) (-616 924 296 ) (-1024 924 296 ) 
4 1234 (-1012 924 304 ) (-1024 924 304 ) (-1024 548 304 ) (-1012 548 304 ) 
4 1234 (-660 924 304 ) (-672 924 304 ) (-672 548 304 ) (-660 548 304 ) 
4 1234 (-840 924 304 ) (-864 924 304 ) (-864 548 304 ) (-840 548 304 ) 
4 1234 (-1024 548 296 ) (-616 548 296 ) (-616 548 304 ) (-1024 548 304 ) 
4 1234 (-616 548 304 ) (-616 548 296 ) (-616 924 296 ) (-616 924 304 ) 
4 1235 (-611 840 144 ) (-611 840 160 ) (-643 840 160 ) (-643 840 144 ) 
4 1235 (-722 895 144 ) (-722 928 144 ) (-611 928 144 ) (-611 895 144 ) 
4 1235 (-616 840 296 ) (-612 840 296 ) (-612 924 296 ) (-616 924 296 ) 
4 1235 (-612 924 296 ) (-612 928 296 ) (-1024 928 296 ) (-1024 924 296 ) 
4 1235 (-699 928 256 ) (-699 928 144 ) (-1024 928 144 ) (-1024 928 256 ) 
4 1235 (-635 928 256 ) (-611 928 256 ) (-611 928 144 ) (-635 928 144 ) 
4 1235 (-611 928 296 ) (-611 928 256 ) (-1024 928 256 ) (-1024 928 296 ) 
4 1235 (-611 840 144 ) (-611 928 144 ) (-611 928 296 ) (-611 840 296 ) 
4 1236 (-611 895 128 ) (-611 840 128 ) (-722 840 128 ) (-722 895 128 ) 
4 1236 (-643 840 128 ) (-611 840 128 ) (-611 840 144 ) (-643 840 144 ) 
4 1236 (-611 895 144 ) (-611 840 144 ) (-611 840 128 ) (-611 895 128 ) 
4 1236 (-611 895 144 ) (-611 895 128 ) (-722 895 128 ) (-722 895 144 ) 
4 1237 (-1024 840 128 ) (-1024 880 128 ) (-896 880 128 ) (-896 840 128 ) 
4 1237 (-1024 880 128 ) (-1024 928 128 ) (-896 928 128 ) (-896 880 128 ) 
4 1237 (-896 928 128 ) (-722 928 128 ) (-722 840 128 ) (-896 840 128 ) 
4 1237 (-722 895 128 ) (-722 928 128 ) (-722 928 144 ) (-722 895 144 ) 
4 1237 (-722 928 144 ) (-722 928 128 ) (-1024 928 128 ) (-1024 928 144 ) 
4 1238 (-611 840 160 ) (-611 840 296 ) (-611 808 296 ) (-611 808 160 ) 
4 1238 (-616 840 296 ) (-616 808 296 ) (-612 808 296 ) (-612 840 296 ) 
4 1238 (-643 808 160 ) (-643 840 160 ) (-611 840 160 ) (-611 808 160 ) 
4 1239 (-1024 808 128 ) (-1024 840 128 ) (-896 840 128 ) (-896 808 128 ) 
4 1239 (-896 840 128 ) (-643 840 128 ) (-643 808 128 ) (-896 808 128 ) 
4 1239 (-645 808 128 ) (-643 808 128 ) (-643 808 144 ) (-645 808 144 ) 
4 1239 (-643 808 160 ) (-643 808 128 ) (-643 840 128 ) (-643 840 160 ) 
4 1240 (-576 680 144 ) (-576 680 258 ) (-611 680 258 ) (-611 680 144 ) 
4 1240 (-576 680 144 ) (-611 680 144 ) (-611 808 144 ) (-576 808 144 ) 
4 1240 (-611 808 144 ) (-611 808 258 ) (-576 808 258 ) (-576 808 144 ) 
4 1240 (-576 808 258 ) (-611 808 258 ) (-611 680 258 ) (-576 680 258 ) 
4 1241 (-643 680 160 ) (-643 680 144 ) (-611 680 144 ) (-611 680 160 ) 
4 1241 (-611 680 144 ) (-645 680 144 ) (-645 808 144 ) (-611 808 144 ) 
4 1241 (-611 680 296 ) (-611 680 258 ) (-611 808 258 ) (-611 808 296 ) 
4 1241 (-616 808 296 ) (-616 680 296 ) (-612 680 296 ) (-612 808 296 ) 
4 1241 (-643 808 144 ) (-643 808 160 ) (-611 808 160 ) (-611 808 144 ) 
4 1242 (-1024 680 128 ) (-1024 808 128 ) (-896 808 128 ) (-896 680 128 ) 
4 1242 (-896 808 128 ) (-645 808 128 ) (-645 680 128 ) (-896 680 128 ) 
4 1242 (-645 808 128 ) (-645 808 144 ) (-645 680 144 ) (-645 680 128 ) 
4 1243 (-611 648 296 ) (-611 648 160 ) (-611 680 160 ) (-611 680 296 ) 
4 1243 (-616 680 296 ) (-616 648 296 ) (-612 648 296 ) (-612 680 296 ) 
4 1243 (-611 648 160 ) (-643 648 160 ) (-643 680 160 ) (-611 680 160 ) 
4 1244 (-1024 648 128 ) (-1024 680 128 ) (-896 680 128 ) (-896 648 128 ) 
4 1244 (-896 680 128 ) (-643 680 128 ) (-643 648 128 ) (-896 648 128 ) 
4 1244 (-643 648 160 ) (-643 648 128 ) (-643 680 128 ) (-643 680 160 ) 
4 1244 (-645 680 144 ) (-643 680 144 ) (-643 680 128 ) (-645 680 128 ) 
4 1245 (-1024 544 128 ) (-1024 648 128 ) (-896 648 128 ) (-896 544 128 ) 
4 1245 (-896 648 128 ) (-611 648 128 ) (-611 544 128 ) (-896 544 128 ) 
4 1245 (-612 544 296 ) (-612 548 296 ) (-1024 548 296 ) (-1024 544 296 ) 
4 1245 (-616 648 296 ) (-616 548 296 ) (-612 548 296 ) (-612 648 296 ) 
4 1245 (-611 648 296 ) (-611 544 296 ) (-611 544 128 ) (-611 648 128 ) 
4 1245 (-643 648 160 ) (-611 648 160 ) (-611 648 128 ) (-643 648 128 ) 
4 1245 (-1024 544 128 ) (-611 544 128 ) (-611 544 296 ) (-1024 544 296 ) 
4 1246 (-1024 384 960 ) (-576 384 960 ) (-576 512 960 ) (-1024 512 960 ) 
4 1246 (-576 496.002625 640 ) (-1024 496.002625 640 ) (-1024 512 658.458679 ) (-576 512 658.458679 ) 
4 1247 (-1024 512 136 ) (-1024 512 128 ) (-1024 448 128 ) (-1024 448 136 ) 
4 1247 (-1024 512 400 ) (-1024 512 136 ) (-1024 448 136 ) (-1024 448 400 ) 
4 1247 (-1024 448 128 ) (-1024 384 128 ) (-1024 384 400 ) (-1024 448 400 ) 
4 1247 (-1024 384 128 ) (-1024 512 128 ) (-896 512 128 ) (-896 384 128 ) 
4 1247 (-896 512 128 ) (-576 512 128 ) (-576 384 128 ) (-896 384 128 ) 
4 1247 (-1024 496 640 ) (-576 496 640 ) (-576 512 640 ) (-1024 512 640 ) 
4 1247 (-576 512 640 ) (-576 512 544 ) (-1024 512 544 ) (-1024 512 640 ) 
4 1247 (-576 512 544 ) (-576 512 296 ) (-1024 512 296 ) (-1024 512 544 ) 
4 1247 (-611 512 296 ) (-576 512 296 ) (-576 512 128 ) (-611 512 128 ) 
4 1247 (-611 512 296 ) (-611 512 128 ) (-1024 512 128 ) (-1024 512 296 ) 
4 1248 (-48 384 128 ) (0 384 128 ) (0 256 128 ) (-48 256 128 ) 
4 1248 (-48 384 944 ) (-48 384 864 ) (-48 256 864 ) (-48 256 944 ) 
4 1248 (-48 344 960 ) (-48 384 960 ) (-48 384 944 ) (-48 344 944 ) 
4 1248 (-48 256 400 ) (-48 256 128 ) (0 256 128 ) (0 256 400 ) 
4 1248 (-48 256 960 ) (0 256 960 ) (0 384 960 ) (-48 384 960 ) 
4 1249 (-48 112 864 ) (-48 112 944 ) (-48 256 944 ) (-48 256 864 ) 
4 1249 (-48 112 944 ) (-48 112 960 ) (-48 168 960 ) (-48 168 944 ) 
4 1249 (-48 256 960 ) (-48 112 960 ) (0 112 960 ) (0 256 960 ) 
4 1249 (0 112 400 ) (-48 112 400 ) (-48 256 400 ) (0 256 400 ) 
4 1250 (-64 168 944 ) (-64 256 944 ) (-48 256 944 ) (-48 168 944 ) 
4 1250 (-64 256 944 ) (-64 344 944 ) (-48 344 944 ) (-48 256 944 ) 
4 1250 (-48 344 960 ) (-48 344 944 ) (-64 344 944 ) (-64 344 960 ) 
4 1250 (-64 344 960 ) (-64 168 960 ) (-48 168 960 ) (-48 344 960 ) 
4 1250 (-64 168 960 ) (-64 168 944 ) (-48 168 944 ) (-48 168 960 ) 
4 1251 (-64 384 128 ) (-48 384 128 ) (-48 256 128 ) (-64 256 128 ) 
4 1251 (-64 352 128 ) (-64 256 128 ) (-64 256 400 ) (-64 352 400 ) 
4 1251 (-64 256 400 ) (-64 256 656 ) (-64 352 656 ) (-64 352 400 ) 
4 1251 (-64 256 656 ) (-64 256 816 ) (-64 352 816 ) (-64 352 656 ) 
4 1251 (-64 384 240 ) (-64 384 128 ) (-64 379 128 ) (-64 379 240 ) 
4 1251 (-64 379 128 ) (-64 352 128 ) (-64 352 240 ) (-64 379 240 ) 
4 1251 (-64 384 816 ) (-64 384 656 ) (-64 352 656 ) (-64 352 816 ) 
4 1251 (-64 384 656 ) (-64 384 240 ) (-64 352 240 ) (-64 352 656 ) 
4 1251 (-48 256 128 ) (-48 256 400 ) (-64 256 400 ) (-64 256 128 ) 
4 1251 (-64 384 815.990967 ) (-64 256 815.990967 ) (-48 256 863.994080 ) (-48 384 863.994080 ) 
4 1252 (-64 256 656 ) (-64 256 400 ) (-64 128 400 ) (-64 128 656 ) 
4 1252 (-64 168 816 ) (-64 256 816 ) (-64 256 656 ) (-64 168 656 ) 
4 1252 (-64 128 816 ) (-64 168 816 ) (-64 168 656 ) (-64 128 656 ) 
4 1252 (-48 256 863.989319 ) (-64 256 815.989319 ) (-64 128.003555 815.989319 ) (-48 112.003571 863.989319 ) 
4 1252 (-64 112 400 ) (-64 256 400 ) (-48 256 400 ) (-48 112 400 ) 
3 1253 (-48 112 863.991150 ) (-64 128 815.991272 ) (-64 112 863.990845 ) 
4 1254 (-176 352 944 ) (-208 352 944 ) (-208 384 944 ) (-176 384 944 ) 
4 1254 (-104 352 944 ) (-176 352 944 ) (-176 384 944 ) (-104 384 944 ) 
4 1254 (-208 352 944 ) (-280 352 944 ) (-280 384 944 ) (-208 384 944 ) 
4 1254 (-104 384 960 ) (-104 352 960 ) (-104 352 944 ) (-104 384 944 ) 
4 1254 (-280 352 960 ) (-104 352 960 ) (-104 384 960 ) (-280 384 960 ) 
4 1254 (-280 384 944 ) (-280 352 944 ) (-280 352 960 ) (-280 384 960 ) 
4 1255 (-176 352 706 ) (-176 384 706 ) (-180 384 714 ) (-180 352 714 ) 
4 1255 (-208 384 705.997803 ) (-208 352 705.997803 ) (-203.998642 352 714 ) (-203.998627 384 714 ) 
4 1255 (-208 384 656 ) (-208 352 656 ) (-208 352 706 ) (-208 384 706 ) 
4 1255 (-176 352 656 ) (-208 352 656 ) (-208 384 656 ) (-176 384 656 ) 
4 1255 (-176 384 706 ) (-176 352 706 ) (-176 352 656 ) (-176 384 656 ) 
4 1255 (-203.998154 384 714 ) (-203.998154 352 714 ) (-192 352 720 ) (-192 384 720 ) 
4 1255 (-191.998749 384 720 ) (-191.998749 352 720 ) (-180.009964 352 714.004944 ) (-180.009964 384 714.004944 ) 
4 1256 (-229 384 128 ) (-165 384 128 ) (-165 379 128 ) (-229 379 128 ) 
4 1256 (-229 379 128 ) (-229 379 240 ) (-229 384 240 ) (-229 384 128 ) 
4 1256 (-229 379 240 ) (-165 379 240 ) (-165 384 240 ) (-229 384 240 ) 
4 1256 (-165 379 240 ) (-229 379 240 ) (-229 379 128 ) (-165 379 128 ) 
4 1256 (-165 384 128 ) (-165 384 240 ) (-165 379 240 ) (-165 379 128 ) 
4 1257 (-280 352 944 ) (-104 352 944 ) (-104 344 944 ) (-280 344 944 ) 
4 1257 (-280 344 944 ) (-104 344 944 ) (-104 344 960 ) (-280 344 960 ) 
4 1257 (-280 352 960 ) (-280 352 944 ) (-280 344 944 ) (-280 344 960 ) 
4 1257 (-104 352 960 ) (-280 352 960 ) (-280 344 960 ) (-104 344 960 ) 
4 1257 (-104 344 960 ) (-104 344 944 ) (-104 352 944 ) (-104 352 960 ) 
4 1258 (-96 168 944 ) (-104 168 944 ) (-104 344 944 ) (-96 344 944 ) 
4 1258 (-64 168 944 ) (-96 168 944 ) (-96 344 944 ) (-64 344 944 ) 
4 1258 (-104 344 960 ) (-104 344 944 ) (-104 168 944 ) (-104 168 960 ) 
4 1258 (-104 168 944 ) (-64 168 944 ) (-64 168 960 ) (-104 168 960 ) 
4 1258 (-104 344 960 ) (-104 168 960 ) (-64 168 960 ) (-64 344 960 ) 
4 1258 (-104 344 960 ) (-64 344 960 ) (-64 344 944 ) (-104 344 944 ) 
4 1259 (-280 168 944 ) (-320 168 944 ) (-320 344 944 ) (-280 344 944 ) 
4 1259 (-280 344 960 ) (-280 344 944 ) (-320 344 944 ) (-320 344 960 ) 
4 1259 (-280 344 960 ) (-320 344 960 ) (-320 168 960 ) (-280 168 960 ) 
4 1259 (-320 168 960 ) (-320 168 944 ) (-280 168 944 ) (-280 168 960 ) 
4 1259 (-280 168 960 ) (-280 168 944 ) (-280 344 944 ) (-280 344 960 ) 
4 1260 (-288 352 656 ) (-96 352 656 ) (-96 288 656 ) (-288 288 656 ) 
4 1260 (-288 288 656 ) (-96 288 656 ) (-96 288 720 ) (-288 288 720 ) 
4 1260 (-96 352 720 ) (-96 288 720 ) (-96 288 656 ) (-96 352 656 ) 
4 1260 (-288 352 720 ) (-208 352 720 ) (-208 352 656 ) (-288 352 656 ) 
4 1260 (-176 352 720 ) (-96 352 720 ) (-96 352 656 ) (-176 352 656 ) 
3 1260 (-201 352 720 ) (-208 352 706 ) (-208 352 720 ) 
3 1260 (-192 352 720 ) (-204 352 714 ) (-201 352 720 ) 
3 1260 (-183 352 720 ) (-176 352 720 ) (-176 352 706 ) 
3 1260 (-192 352 720 ) (-183 352 720 ) (-180 352 714 ) 
4 1260 (-288 288 720 ) (-96 288 720 ) (-96 352 720 ) (-288 352 720 ) 
4 1260 (-288 352 656 ) (-288 288 656 ) (-288 288 720 ) (-288 352 720 ) 
4 1261 (-320 112 400 ) (-320 128 400 ) (-64 128 400 ) (-64 112 400 ) 
4 1261 (-64 128 656 ) (-64 128 400 ) (-320 128 400 ) (-320 128 656 ) 
4 1261 (-64 128 816 ) (-64 128 656 ) (-320 128 656 ) (-320 128 816 ) 
4 1261 (-64 112 864.001465 ) (-64 128 815.998840 ) (-320 128 815.998840 ) (-320 112 863.998840 ) 
4 1262 (-320 176 944 ) (-336 176 944 ) (-336 344 944 ) (-320 344 944 ) 
4 1262 (-336 344 960 ) (-336 176 960 ) (-320 176 960 ) (-320 344 960 ) 
4 1262 (-320 344 960 ) (-320 344 944 ) (-336 344 944 ) (-336 344 960 ) 
4 1263 (-336 384 128 ) (-320 384 128 ) (-320 176 128 ) (-336 176 128 ) 
4 1263 (-336 176 128 ) (-320 176 128 ) (-320 176 400 ) (-336 176 400 ) 
4 1263 (-320 176 400 ) (-320 176 128 ) (-320 352 128 ) (-320 352 400 ) 
4 1263 (-320 176 656 ) (-320 176 400 ) (-320 352 400 ) (-320 352 656 ) 
4 1263 (-320 288 720 ) (-320 288 656 ) (-320 352 656 ) (-320 352 720 ) 
4 1263 (-320 288 720 ) (-320 176 720 ) (-320 176 656 ) (-320 288 656 ) 
4 1263 (-320 176 816 ) (-320 176 720 ) (-320 352 720 ) (-320 352 816 ) 
4 1263 (-320 379 240 ) (-320 379 128 ) (-320 384 128 ) (-320 384 240 ) 
4 1263 (-320 379 240 ) (-320 352 240 ) (-320 352 128 ) (-320 379 128 ) 
4 1263 (-320 352 816 ) (-320 352 656 ) (-320 384 656 ) (-320 384 816 ) 
4 1263 (-320 352 656 ) (-320 352 240 ) (-320 384 240 ) (-320 384 656 ) 
4 1263 (-336 384 864.006287 ) (-336 176 864.006287 ) (-320 176 816.006287 ) (-320 384 816.006287 ) 
4 1264 (-1024 384 400 ) (-1024 384 128 ) (-1024 176 128 ) (-1024 176 400 ) 
4 1264 (-1024 176 128 ) (-1024 384 128 ) (-896 384 128 ) (-896 176 128 ) 
4 1264 (-896 384 128 ) (-336 384 128 ) (-336 176 128 ) (-896 176 128 ) 
4 1264 (-424 176 128 ) (-336 176 128 ) (-336 176 330 ) (-424 176 330 ) 
4 1264 (-1024 176 128 ) (-632 176 128 ) (-632 176 330 ) (-1024 176 330 ) 
4 1264 (-336 176 330 ) (-336 176 400 ) (-1024 176 400 ) (-1024 176 330 ) 
4 1264 (-336 384 864 ) (-336 384 944 ) (-336 176 944 ) (-336 176 864 ) 
4 1264 (-336 344 944 ) (-336 384 944 ) (-336 384 960 ) (-336 344 960 ) 
4 1264 (-336 176 960 ) (-336 384 960 ) (-1024 384 960 ) (-1024 176 960 ) 
4 1265 (-336 168 944 ) (-336 176 944 ) (-320 176 944 ) (-320 168 944 ) 
4 1265 (-336 168 960 ) (-320 168 960 ) (-320 176 960 ) (-336 176 960 ) 
4 1265 (-336 168 960 ) (-336 168 944 ) (-320 168 944 ) (-320 168 960 ) 
3 1266 (-336 112 864 ) (-320 112 864 ) (-320 128 816 ) 
4 1266 (-336 112 400 ) (-336 176 400 ) (-320 176 400 ) (-320 112 400 ) 
4 1266 (-320 128 816 ) (-320 128 656 ) (-320 168 656 ) (-320 168 696 ) 
4 1266 (-320 176 672 ) (-320 168 696 ) (-320 168 656 ) (-320 176 656 ) 
4 1266 (-320 176 656 ) (-320 128 656 ) (-320 128 400 ) (-320 176 400 ) 
4 1267 (-320 176 672 ) (-320 176 720 ) (-320 168 720 ) (-320 168 696 ) 
4 1267 (-320 176 816 ) (-320 168 816 ) (-320 168 720 ) (-320 176 720 ) 
3 1267 (-320 128 816 ) (-320 168 696 ) (-320 168 816 ) 
5 1267 (-335.996094 112 863.992432 ) (-320 127.996094 816.004272 ) (-320 176 816.004272 ) (-336 176 864.004150 ) (-336 112 864.004150 ) 
4 1268 (-336 137 944 ) (-336 137 864 ) (-336 176 864 ) (-336 176 944 ) 
4 1268 (-336 168 960 ) (-336 137 960 ) (-336 137 944 ) (-336 168 944 ) 
4 1268 (-336 137 960 ) (-336 176 960 ) (-1024 176 960 ) (-1024 137 960 ) 
4 1268 (-336 137 400 ) (-1024 137 400 ) (-1024 176 400 ) (-336 176 400 ) 
4 1269 (-632 176 128 ) (-424 176 128 ) (-439.600006 137 128 ) (-616.399963 137 128 ) 
4 1269 (-611 137 326 ) (-616 137 326 ) (-616 137 149 ) (-611 137 149 ) 
4 1269 (-525 137 326 ) (-534 137 326 ) (-534 137 149 ) (-525 137 149 ) 
4 1269 (-440 137 149 ) (-440 137 326 ) (-446 137 326 ) (-446 137 149 ) 
4 1269 (-440 137 326 ) (-440 137 330 ) (-616 137 330 ) (-616 137 326 ) 
4 1269 (-616 137 128 ) (-440 137 128 ) (-440 137 149 ) (-616 137 149 ) 
4 1269 (-616.398193 137 128 ) (-616.398193 137 330 ) (-631.998169 176 330 ) (-631.998169 176 128 ) 
4 1269 (-424 176 330 ) (-632 176 330 ) (-616.399963 137 330 ) (-439.600006 137 330 ) 
4 1269 (-424.004669 176 128 ) (-424.004669 176 330 ) (-439.604462 137 330 ) (-439.604462 137 128 ) 
4 1270 (-336 137 944 ) (-336 136 944 ) (-336 136 864 ) (-336 137 864 ) 
4 1270 (-336 137 960 ) (-336 136 960 ) (-336 136 944 ) (-336 137 944 ) 
4 1270 (-336 136 960 ) (-336 137 960 ) (-1024 137 960 ) (-1024 136 960 ) 
4 1270 (-336 136 400 ) (-1024 136 400 ) (-1024 137 400 ) (-336 137 400 ) 
3 1271 (-440 137 128 ) (-439.600006 137 128 ) (-440 136 128 ) 
4 1271 (-440 136 149 ) (-440 136 326 ) (-440 137 326 ) (-440 137 149 ) 
4 1271 (-440 136 326 ) (-440 136 330 ) (-440 137 330 ) (-440 137 326 ) 
4 1271 (-440 136 128 ) (-440 136 149 ) (-440 137 149 ) (-440 137 128 ) 
3 1271 (-439.600006 137 330 ) (-440 137 330 ) (-440 136 330 ) 
4 1271 (-440 136 330 ) (-440 136 128 ) (-439.599487 137 128 ) (-439.599487 137 330 ) 
4 1272 (-446 136 326 ) (-525 136 326 ) (-525 136 149 ) (-446 136 149 ) 
4 1272 (-446 137 326 ) (-446 136 326 ) (-446 136 149 ) (-446 137 149 ) 
4 1272 (-525 136 326 ) (-446 136 326 ) (-446 137 326 ) (-525 137 326 ) 
4 1272 (-525 137 149 ) (-446 137 149 ) (-446 136 149 ) (-525 136 149 ) 
4 1272 (-525 137 149 ) (-525 136 149 ) (-525 136 326 ) (-525 137 326 ) 
4 1273 (-534 136 326 ) (-611 136 326 ) (-611 136 149 ) (-534 136 149 ) 
4 1273 (-611 137 149 ) (-534 137 149 ) (-534 136 149 ) (-611 136 149 ) 
4 1273 (-611 136 326 ) (-534 136 326 ) (-534 137 326 ) (-611 137 326 ) 
4 1273 (-534 137 326 ) (-534 136 326 ) (-534 136 149 ) (-534 137 149 ) 
4 1273 (-611 137 149 ) (-611 136 149 ) (-611 136 326 ) (-611 137 326 ) 
3 1274 (-616.399963 137 128 ) (-616 137 128 ) (-616 136 128 ) 
3 1274 (-616 137 330 ) (-616.399963 137 330 ) (-616 136 330 ) 
4 1274 (-616 137 128 ) (-616 137 149 ) (-616 136 149 ) (-616 136 128 ) 
4 1274 (-616 137 326 ) (-616 137 330 ) (-616 136 330 ) (-616 136 326 ) 
4 1274 (-616 137 149 ) (-616 137 326 ) (-616 136 326 ) (-616 136 149 ) 
4 1274 (-616 136 128 ) (-616 136 330 ) (-616.399963 137 330 ) (-616.399963 137 128 ) 
4 1275 (-336 136 944 ) (-336 112 944 ) (-336 112 864 ) (-336 136 864 ) 
4 1275 (-336 136 960 ) (-336 112 960 ) (-336 112 944 ) (-336 136 944 ) 
4 1275 (-336 112 960 ) (-336 136 960 ) (-1024 136 960 ) (-1024 112 960 ) 
4 1275 (-1024 136 400 ) (-336 136 400 ) (-336 112 400 ) (-1024 112 400 ) 
4 1276 (-576 32 400 ) (-480 32 400 ) (-480 32 448 ) (-576 32 448 ) 
4 1276 (-464 32 400 ) (-368 32 400 ) (-368 32 448 ) (-464 32 448 ) 
4 1276 (-688 32 400 ) (-592 32 400 ) (-592 32 448 ) (-688 32 448 ) 
4 1276 (-352 32 400 ) (-256 32 400 ) (-256 32 448 ) (-352 32 448 ) 
4 1276 (-800 32 400 ) (-704 32 400 ) (-704 32 448 ) (-800 32 448 ) 
4 1276 (-240 32 400 ) (-144 32 400 ) (-144 32 448 ) (-240 32 448 ) 
4 1276 (-912 32 400 ) (-816 32 400 ) (-816 32 448 ) (-912 32 448 ) 
4 1276 (-128 32 400 ) (-32 32 400 ) (-32 32 448 ) (-128 32 448 ) 
4 1276 (-1024 32 448 ) (-1024 32 400 ) (-928 32 400 ) (-928 32 448 ) 
4 1276 (-16 32 400 ) (0 32 400 ) (0 32 448 ) (-16 32 448 ) 
4 1276 (0 112 960 ) (-1024 112 960 ) (-1024 32 960 ) (0 32 960 ) 
4 1276 (-64 112 944 ) (-64 112 960 ) (-48 112 960 ) (-48 112 944 ) 
4 1276 (-64 112 864 ) (-64 112 944 ) (-48 112 944 ) (-48 112 864 ) 
4 1276 (-320 112 864 ) (-320 112 960 ) (-64 112 960 ) (-64 112 864 ) 
4 1276 (-336 112 944 ) (-336 112 960 ) (-320 112 960 ) (-320 112 944 ) 
4 1276 (-336 112 864 ) (-336 112 944 ) (-320 112 944 ) (-320 112 864 ) 
4 1276 (0 32 400 ) (-1024 32 400 ) (-1024 112 400 ) (0 112 400 ) 
4 1277 (-1024 0 960 ) (-1024 0 448 ) (0 0 448 ) (0 0 960 ) 
4 1277 (-480 0 448 ) (-576 0 448 ) (-576 32 448 ) (-480 32 448 ) 
4 1277 (-368 0 448 ) (-464 0 448 ) (-464 32 448 ) (-368 32 448 ) 
4 1277 (-592 0 448 ) (-688 0 448 ) (-688 32 448 ) (-592 32 448 ) 
4 1277 (-256 0 448 ) (-352 0 448 ) (-352 32 448 ) (-256 32 448 ) 
4 1277 (-704 0 448 ) (-800 0 448 ) (-800 32 448 ) (-704 32 448 ) 
4 1277 (-144 0 448 ) (-240 0 448 ) (-240 32 448 ) (-144 32 448 ) 
4 1277 (-816 0 448 ) (-912 0 448 ) (-912 32 448 ) (-816 32 448 ) 
4 1277 (-32 0 448 ) (-128 0 448 ) (-128 32 448 ) (-32 32 448 ) 
4 1277 (-928 0 448 ) (-1024 0 448 ) (-1024 32 448 ) (-928 32 448 ) 
4 1277 (0 0 448 ) (-16 0 448 ) (-16 32 448 ) (0 32 448 ) 
4 1277 (0 32 960 ) (-1024 32 960 ) (-1024 0 960 ) (0 0 960 ) 
4 1278 (-32 0 400 ) (-16 0 400 ) (-16 0 448 ) (-32 0 448 ) 
4 1278 (-32 32 400 ) (-32 0 400 ) (-32 0 448 ) (-32 32 448 ) 
4 1278 (-16 0 400 ) (-32 0 400 ) (-32 32 400 ) (-16 32 400 ) 
4 1278 (-16 32 448 ) (-16 0 448 ) (-16 0 400 ) (-16 32 400 ) 
4 1279 (-144 0 400 ) (-128 0 400 ) (-128 0 448 ) (-144 0 448 ) 
4 1279 (-144 32 400 ) (-144 0 400 ) (-144 0 448 ) (-144 32 448 ) 
4 1279 (-128 0 400 ) (-144 0 400 ) (-144 32 400 ) (-128 32 400 ) 
4 1279 (-128 32 448 ) (-128 0 448 ) (-128 0 400 ) (-128 32 400 ) 
4 1280 (-256 0 400 ) (-240 0 400 ) (-240 0 448 ) (-256 0 448 ) 
4 1280 (-256 32 400 ) (-256 0 400 ) (-256 0 448 ) (-256 32 448 ) 
4 1280 (-240 0 400 ) (-256 0 400 ) (-256 32 400 ) (-240 32 400 ) 
4 1280 (-240 32 448 ) (-240 0 448 ) (-240 0 400 ) (-240 32 400 ) 
4 1281 (-368 0 400 ) (-352 0 400 ) (-352 0 448 ) (-368 0 448 ) 
4 1281 (-352 0 400 ) (-368 0 400 ) (-368 32 400 ) (-352 32 400 ) 
4 1281 (-352 32 448 ) (-352 0 448 ) (-352 0 400 ) (-352 32 400 ) 
4 1281 (-368 32 400 ) (-368 0 400 ) (-368 0 448 ) (-368 32 448 ) 
4 1282 (-480 0 400 ) (-464 0 400 ) (-464 0 448 ) (-480 0 448 ) 
4 1282 (-480 32 400 ) (-480 0 400 ) (-480 0 448 ) (-480 32 448 ) 
4 1282 (-464 32 448 ) (-464 0 448 ) (-464 0 400 ) (-464 32 400 ) 
4 1282 (-464 0 400 ) (-480 0 400 ) (-480 32 400 ) (-464 32 400 ) 
4 1283 (-592 0 400 ) (-576 0 400 ) (-576 0 448 ) (-592 0 448 ) 
4 1283 (-576 0 400 ) (-592 0 400 ) (-592 32 400 ) (-576 32 400 ) 
4 1283 (-592 32 400 ) (-592 0 400 ) (-592 0 448 ) (-592 32 448 ) 
4 1283 (-576 32 448 ) (-576 0 448 ) (-576 0 400 ) (-576 32 400 ) 
4 1284 (-704 0 400 ) (-688 0 400 ) (-688 0 448 ) (-704 0 448 ) 
4 1284 (-688 32 448 ) (-688 0 448 ) (-688 0 400 ) (-688 32 400 ) 
4 1284 (-688 0 400 ) (-704 0 400 ) (-704 32 400 ) (-688 32 400 ) 
4 1284 (-704 32 400 ) (-704 0 400 ) (-704 0 448 ) (-704 32 448 ) 
4 1285 (-816 0 400 ) (-800 0 400 ) (-800 0 448 ) (-816 0 448 ) 
4 1285 (-800 32 448 ) (-800 0 448 ) (-800 0 400 ) (-800 32 400 ) 
4 1285 (-800 0 400 ) (-816 0 400 ) (-816 32 400 ) (-800 32 400 ) 
4 1285 (-816 32 400 ) (-816 0 400 ) (-816 0 448 ) (-816 32 448 ) 
4 1286 (-928 0 400 ) (-912 0 400 ) (-912 0 448 ) (-928 0 448 ) 
4 1286 (-912 32 448 ) (-912 0 448 ) (-912 0 400 ) (-912 32 400 ) 
4 1286 (-912 0 400 ) (-928 0 400 ) (-928 32 400 ) (-912 32 400 ) 
4 1286 (-928 32 400 ) (-928 0 400 ) (-928 0 448 ) (-928 32 448 ) 
4 1287 (-103 584 55 ) (-103 576 55 ) (-103 576 80 ) (-103 584 80 ) 
4 1287 (-103 768 55 ) (-103 760 55 ) (-103 760 80 ) (-103 768 80 ) 
4 1287 (-103 512 55 ) (-64 512 55 ) (-64 512 80 ) (-103 512 80 ) 
4 1287 (-103 832 80 ) (-64 832 80 ) (-64 832 55 ) (-103 832 55 ) 
4 1287 (-103 512 80 ) (-64 512 80 ) (-64 832 80 ) (-103 832 80 ) 
4 1287 (-64 512 55 ) (-64 832 55 ) (-64 832 80 ) (-64 512 80 ) 
4 1288 (-104 768 80 ) (-104 832 80 ) (-104 832 56 ) (-104 768 56 ) 
4 1288 (-103 832 80 ) (-103 832 55 ) (-104 832 55 ) (-104 832 80 ) 
4 1288 (-103 768 80 ) (-103 832 80 ) (-104 832 80 ) (-104 768 80 ) 
4 1288 (-104 768 80 ) (-104 768 55 ) (-103 768 55 ) (-103 768 80 ) 
4 1289 (-104 584 80 ) (-104 760 80 ) (-104 760 56 ) (-104 584 56 ) 
4 1289 (-104 584 80 ) (-104 584 55 ) (-103 584 55 ) (-103 584 80 ) 
4 1289 (-103 584 80 ) (-103 760 80 ) (-104 760 80 ) (-104 584 80 ) 
4 1289 (-103 760 80 ) (-103 760 55 ) (-104 760 55 ) (-104 760 80 ) 
4 1290 (-104 512 80 ) (-104 576 80 ) (-104 576 56 ) (-104 512 56 ) 
4 1290 (-103 512 80 ) (-103 576 80 ) (-104 576 80 ) (-104 512 80 ) 
4 1290 (-104 512 80 ) (-104 512 55 ) (-103 512 55 ) (-103 512 80 ) 
4 1290 (-103 576 80 ) (-103 576 55 ) (-104 576 55 ) (-104 576 80 ) 
4 1291 (-64 832 55 ) (-64 512 55 ) (-64 512 0 ) (-64 832 0 ) 
4 1291 (-64 832 55 ) (-64 832 0 ) (-104 832 0 ) (-104 832 55 ) 
4 1291 (-103 760 55 ) (-103 768 55 ) (-104 768 55 ) (-104 760 55 ) 
4 1291 (-103 576 55 ) (-103 584 55 ) (-104 584 55 ) (-104 576 55 ) 
4 1291 (-64 512 0 ) (-64 512 55 ) (-104 512 55 ) (-104 512 0 ) 
4 1292 (-104 512 56 ) (-104 832 56 ) (-128 832 56 ) (-128 512 56 ) 
4 1292 (-104 760 56 ) (-104 760 55 ) (-104 768 55 ) (-104 768 56 ) 
4 1292 (-104 576 56 ) (-104 576 55 ) (-104 584 55 ) (-104 584 56 ) 
4 1292 (-104 832 56 ) (-104 832 0 ) (-128 832 0 ) (-128 832 56 ) 
4 1292 (-104 512 0 ) (-104 512 56 ) (-128 512 56 ) (-128 512 0 ) 
4 1293 (-128 256 56 ) (-128 832 56 ) (-128 832 80 ) (-128 256 80 ) 
4 1293 (-232 256 80 ) (-128 256 80 ) (-128 832 80 ) (-232 832 80 ) 
4 1293 (-232 832 56 ) (-232 832 80 ) (-128 832 80 ) (-128 832 56 ) 
4 1293 (-232 256 56 ) (-128 256 56 ) (-128 256 80 ) (-232 256 80 ) 
4 1293 (-232 832 80 ) (-232 832 56 ) (-232 256 56 ) (-232 256 80 ) 
4 1294 (-232 832 56 ) (-256 832 56 ) (-256 256 56 ) (-232 256 56 ) 
4 1294 (-256 256 56 ) (-256 256 0 ) (-128 256 0 ) (-128 256 56 ) 
4 1294 (-256 832 56 ) (-128 832 56 ) (-128 832 0 ) (-256 832 0 ) 
4 1294 (-128 512 56 ) (-128 256 56 ) (-128 256 0 ) (-128 512 0 ) 
4 1295 (-436 256 56 ) (-256 256 56 ) (-256 256 80 ) (-436 256 80 ) 
4 1295 (-256 256 80 ) (-256 256 56 ) (-256 832 56 ) (-256 832 80 ) 
4 1295 (-436 832 56 ) (-436 832 80 ) (-256 832 80 ) (-256 832 56 ) 
4 1295 (-436 256 80 ) (-256 256 80 ) (-256 832 80 ) (-436 832 80 ) 
4 1295 (-436 832 80 ) (-436 832 56 ) (-436 256 56 ) (-436 256 80 ) 
4 1296 (-576 512 56 ) (-576 256 56 ) (-576 256 80 ) (-576 512 80 ) 
4 1296 (-460 256 80 ) (-460 256 56 ) (-460 832 56 ) (-460 832 80 ) 
4 1296 (-576 256 80 ) (-460 256 80 ) (-460 832 80 ) (-576 832 80 ) 
4 1296 (-460 832 56 ) (-576 832 56 ) (-576 832 80 ) (-460 832 80 ) 
4 1296 (-576 256 80 ) (-576 256 56 ) (-460 256 56 ) (-460 256 80 ) 
4 1297 (-576 512 0 ) (-576 256 0 ) (-576 256 56 ) (-576 512 56 ) 
4 1297 (-436 832 56 ) (-460 832 56 ) (-460 256 56 ) (-436 256 56 ) 
4 1297 (-576 256 56 ) (-576 256 0 ) (-256 256 0 ) (-256 256 56 ) 
4 1297 (-576 832 56 ) (-256 832 56 ) (-256 832 0 ) (-576 832 0 ) 
4 1298 (-616 512 80 ) (-576 512 80 ) (-576 832 80 ) (-616 832 80 ) 
4 1298 (-616 832 80 ) (-576 832 80 ) (-576 832 56 ) (-616 832 56 ) 
4 1298 (-616 512 56 ) (-576 512 56 ) (-576 512 80 ) (-616 512 80 ) 
4 1298 (-616 832 80 ) (-616 832 56 ) (-616 512 56 ) (-616 512 80 ) 
4 1299 (-616 832 56 ) (-640 832 56 ) (-640 512 56 ) (-616 512 56 ) 
4 1299 (-640 512 56 ) (-640 512 0 ) (-576 512 0 ) (-576 512 56 ) 
4 1299 (-576 832 56 ) (-576 832 0 ) (-640 832 0 ) (-640 832 56 ) 
4 1300 (-512 192 32 ) (-512 224 32 ) (-512 224 0 ) (-512 192 0 ) 
4 1300 (-256 224 32 ) (-256 32 32 ) (-256 32 0 ) (-256 224 0 ) 
4 1300 (-512 224 32 ) (-256 224 32 ) (-256 224 0 ) (-512 224 0 ) 
4 1300 (-512 32 32 ) (-256 32 32 ) (-256 224 32 ) (-512 224 32 ) 
4 1300 (-512 32 32 ) (-512 32 0 ) (-256 32 0 ) (-256 32 32 ) 
4 1301 (-512 0 32 ) (-512 192 32 ) (-640 192 32 ) (-640 0 32 ) 
4 1301 (-512 0 0 ) (-512 32 0 ) (-512 32 32 ) (-512 0 32 ) 
4 1301 (-640 192 0 ) (-640 192 32 ) (-512 192 32 ) (-512 192 0 ) 
4 1302 (-768 1024 0 ) (-768 928 0 ) (-768 928 64 ) (-768 1024 64 ) 
4 1302 (-640 1024 64 ) (-640 928 64 ) (-640 928 0 ) (-640 1024 0 ) 
4 1302 (-640 928 64 ) (-640 1024 64 ) (-768 1024 64 ) (-768 928 64 ) 
4 1302 (-768 928 64 ) (-768 928 0 ) (-640 928 0 ) (-640 928 64 ) 
4 1303 (-640 512 0 ) (-640 512 80 ) (-768 512 80 ) (-768 512 0 ) 
4 1303 (-768 512 56 ) (-768 512 80 ) (-768 704 80 ) (-768 704 56 ) 
4 1303 (-768 896 80 ) (-768 896 0 ) (-768 704 0 ) (-768 704 80 ) 
4 1303 (-768 896 0 ) (-768 896 64 ) (-640 896 64 ) (-640 896 0 ) 
4 1303 (-768 896 64 ) (-768 896 80 ) (-640 896 80 ) (-640 896 64 ) 
4 1303 (-768 512 80 ) (-640 512 80 ) (-640 896 80 ) (-768 896 80 ) 
4 1303 (-640 896 80 ) (-640 832 80 ) (-640 832 0 ) (-640 896 0 ) 
4 1303 (-640 832 56 ) (-640 832 80 ) (-640 512 80 ) (-640 512 56 ) 
4 1304 (-792 512 56 ) (-792 512 0 ) (-768 512 0 ) (-768 512 56 ) 
4 1304 (-792 704 0 ) (-792 704 56 ) (-768 704 56 ) (-768 704 0 ) 
4 1304 (-768 512 56 ) (-768 704 56 ) (-792 704 56 ) (-792 512 56 ) 
4 1305 (-792 512 80 ) (-832 512 80 ) (-832 512 0 ) (-792 512 0 ) 
4 1305 (-832 512 80 ) (-792 512 80 ) (-792 704 80 ) (-832 704 80 ) 
4 1305 (-792 704 0 ) (-832 704 0 ) (-832 704 80 ) (-792 704 80 ) 
4 1305 (-792 512 80 ) (-792 512 56 ) (-792 704 56 ) (-792 704 80 ) 
4 1305 (-832 704 80 ) (-832 704 0 ) (-832 512 0 ) (-832 512 80 ) 
4 1306 (-896 192 0 ) (-896 0 0 ) (-896 0 32 ) (-896 192 32 ) 
4 1306 (-896 192 0 ) (-896 192 32 ) (-640 192 32 ) (-640 192 0 ) 
4 1306 (-640 0 32 ) (-640 192 32 ) (-896 192 32 ) (-896 0 32 ) 
4 1307 (-912 1024 114 ) (-912 896 114 ) (-912 896 96 ) (-912 1024 96 ) 
4 1307 (-912 896 114 ) (-912 1024 114 ) (-1024 1024 114 ) (-1024 896 114 ) 
4 1307 (-1024 896 96 ) (-912 896 96 ) (-912 896 114 ) (-1024 896 114 ) 
4 1308 (-1024 880 0 ) (-928 880 0 ) (-928 880 32 ) (-1024 880 32 ) 
4 1308 (-928 880 0 ) (-896 880 0 ) (-896 880 32 ) (-928 880 32 ) 
4 1308 (-896 880 32 ) (-896 880 96 ) (-1024 880 96 ) (-1024 880 32 ) 
4 1308 (-912 896 96 ) (-1024 896 96 ) (-1024 880 96 ) (-912 880 96 ) 
4 1308 (-896 1024 96 ) (-912 1024 96 ) (-912 880 96 ) (-896 880 96 ) 
4 1308 (-896 896 80 ) (-896 880 80 ) (-896 880 0 ) (-896 896 0 ) 
4 1308 (-896 1024 64 ) (-896 896 64 ) (-896 896 0 ) (-896 1024 0 ) 
4 1308 (-896 1024 64 ) (-896 1024 80 ) (-896 896 80 ) (-896 896 64 ) 
4 1308 (-896 880 96 ) (-896 880 80 ) (-896 1024 80 ) (-896 1024 96 ) 
4 1309 (-1024 32 0 ) (-928 32 0 ) (-928 32 32 ) (-1024 32 32 ) 
4 1309 (-1024 160 32 ) (-1024 32 32 ) (-928 32 32 ) (-928 160 32 ) 
4 1309 (-928 32 0 ) (-928 160 0 ) (-928 160 32 ) (-928 32 32 ) 
4 1309 (-1024 160 32 ) (-928 160 32 ) (-928 160 0 ) (-1024 160 0 ) 
4 1310 (-160 864 -32 ) (-232 864 -32 ) (-232 864 -128 ) (-160 864 -128 ) 
4 1310 (-96 864 -32 ) (-160 864 -32 ) (-160 864 -80 ) (-96 864 -80 ) 
4 1310 (-32 864 -32 ) (-96 864 -32 ) (-96 864 -128 ) (-32 864 -128 ) 
4 1310 (-232 992 -128 ) (-232 864 -128 ) (-232 864 -96 ) (-232 992 -96 ) 
4 1310 (0 1024 -32 ) (-232 1024 -32 ) (-232 864 -32 ) (0 864 -32 ) 
4 1311 (-232 864 -32 ) (-256 864 -32 ) (-256 864 -96 ) (-232 864 -96 ) 
4 1311 (-256 864 -96 ) (-256 992 -96 ) (-232 992 -96 ) (-232 864 -96 ) 
4 1311 (-256 864 -96 ) (-256 864 -32 ) (-256 1024 -32 ) (-256 1024 -96 ) 
4 1311 (-232 1024 -32 ) (-256 1024 -32 ) (-256 864 -32 ) (-232 864 -32 ) 
4 1312 (-256 1024 -128 ) (-256 992 -128 ) (-256 992 -96 ) (-256 1024 -96 ) 
4 1312 (-232 992 -128 ) (-232 992 -96 ) (-256 992 -96 ) (-256 992 -128 ) 
4 1313 (-768 928 -128 ) (-768 1024 -128 ) (-640 1024 -128 ) (-640 928 -128 ) 
4 1313 (-768 1024 -128 ) (-768 928 -128 ) (-768 928 0 ) (-768 1024 0 ) 
4 1313 (-672 928 -128 ) (-640 928 -128 ) (-640 928 -16 ) (-672 928 -16 ) 
4 1313 (-640 928 -16 ) (-640 928 0 ) (-736 928 0 ) (-736 928 -16 ) 
4 1313 (-768 928 0 ) (-768 928 -128 ) (-736 928 -128 ) (-736 928 0 ) 
4 1313 (-640 1024 -32 ) (-640 928 -32 ) (-640 928 -128 ) (-640 1024 -128 ) 
4 1313 (-640 928 -32 ) (-640 1024 -32 ) (-640 1024 0 ) (-640 928 0 ) 
4 1314 (-736 928 -128 ) (-672 928 -128 ) (-672 896 -128 ) (-736 896 -128 ) 
4 1314 (-672 928 -16 ) (-736 928 -16 ) (-736 896 -16 ) (-672 896 -16 ) 
4 1314 (-736 928 -16 ) (-736 928 -128 ) (-736 896 -128 ) (-736 896 -16 ) 
4 1314 (-672 928 -128 ) (-672 928 -16 ) (-672 896 -16 ) (-672 896 -128 ) 
4 1315 (-640 864 -128 ) (-768 864 -128 ) (-768 896 -128 ) (-640 896 -128 ) 
4 1315 (-768 896 -128 ) (-768 864 -128 ) (-768 864 0 ) (-768 896 0 ) 
4 1315 (-672 896 -16 ) (-640 896 -16 ) (-640 896 -128 ) (-672 896 -128 ) 
4 1315 (-736 896 -16 ) (-736 896 0 ) (-640 896 0 ) (-640 896 -16 ) 
4 1315 (-736 896 0 ) (-736 896 -128 ) (-768 896 -128 ) (-768 896 0 ) 
4 1315 (-640 896 -32 ) (-640 896 0 ) (-640 864 0 ) (-640 864 -32 ) 
4 1315 (-640 896 -32 ) (-640 864 -32 ) (-640 864 -128 ) (-640 896 -128 ) 
4 1316 (-1024 880 -128 ) (-1024 1024 -128 ) (-896 1024 -128 ) (-896 880 -128 ) 
4 1316 (-896 1024 0 ) (-896 880 0 ) (-896 880 -128 ) (-896 1024 -128 ) 
4 1316 (-1024 880 -128 ) (-896 880 -128 ) (-896 880 0 ) (-1024 880 0 ) 
4 1317 (-160 864 -128 ) (-232 864 -128 ) (-232 864 -192 ) (-160 864 -192 ) 
4 1317 (-32 864 -128 ) (-96 864 -128 ) (-96 864 -192 ) (-32 864 -192 ) 
4 1317 (-232 992 -192 ) (-232 864 -192 ) (-232 864 -128 ) (-232 992 -128 ) 
4 1317 (0 864 -192 ) (-232 864 -192 ) (-232 1024 -192 ) (0 1024 -192 ) 
4 1318 (-256 1024 -192 ) (-256 992 -192 ) (-256 992 -128 ) (-256 1024 -128 ) 
4 1318 (-256 992 -192 ) (-256 1024 -192 ) (-232 1024 -192 ) (-232 992 -192 ) 
4 1318 (-256 992 -128 ) (-256 992 -192 ) (-232 992 -192 ) (-232 992 -128 ) 
4 1319 (-32 864 -192 ) (0 864 -192 ) (0 832 -192 ) (-32 832 -192 ) 
4 1319 (-32 864 -32 ) (-32 864 -192 ) (-32 832 -192 ) (-32 832 -32 ) 
4 1319 (0 864 -32 ) (-32 864 -32 ) (-32 832 -32 ) (0 832 -32 ) 
4 1320 (-160 864 -192 ) (-96 864 -192 ) (-96 832 -192 ) (-160 832 -192 ) 
4 1320 (-160 864 -80 ) (-160 864 -128 ) (-160 832 -128 ) (-160 832 -80 ) 
4 1320 (-160 864 -128 ) (-160 864 -192 ) (-160 832 -192 ) (-160 832 -128 ) 
4 1320 (-96 832 -80 ) (-96 832 -192 ) (-96 864 -192 ) (-96 864 -80 ) 
4 1320 (-96 832 -80 ) (-96 864 -80 ) (-160 864 -80 ) (-160 832 -80 ) 
4 1321 (-768 832 -128 ) (-768 864 -128 ) (-640 864 -128 ) (-640 832 -128 ) 
4 1321 (-768 864 0 ) (-768 864 -128 ) (-768 832 -128 ) (-768 832 0 ) 
4 1321 (-640 832 0 ) (-640 832 -128 ) (-640 864 -128 ) (-640 864 0 ) 
4 1322 (-32 768 -192 ) (-32 832 -192 ) (0 832 -192 ) (0 768 -192 ) 
4 1322 (-32 832 -128 ) (-32 832 -192 ) (-32 768 -192 ) (-32 768 -128 ) 
4 1322 (-32 832 -32 ) (-32 832 -128 ) (-32 768 -128 ) (-32 768 -32 ) 
4 1322 (0 768 -32 ) (0 832 -32 ) (-32 832 -32 ) (-32 768 -32 ) 
4 1322 (0 768 -32 ) (-32 768 -32 ) (-32 768 -192 ) (0 768 -192 ) 
4 1323 (-768 720 -96 ) (-768 720 -128 ) (-544 720 -128 ) (-608 720 -96 ) 
4 1323 (-768 832 -128 ) (-608 832 -128 ) (-608 720 -128 ) (-768 720 -128 ) 
4 1323 (-64 720 0 ) (-64 720 -128 ) (-64 832 -128 ) (-64 832 0 ) 
4 1323 (-640 832 -128 ) (-640 832 0 ) (-160 832 0 ) (-160 832 -128 ) 
4 1323 (-160 832 -80 ) (-160 832 0 ) (-96 832 0 ) (-96 832 -80 ) 
4 1323 (-64 832 -128 ) (-96 832 -128 ) (-96 832 0 ) (-64 832 0 ) 
4 1323 (-768 832 0 ) (-768 832 -128 ) (-768 720 -128 ) (-768 720 0 ) 
4 1324 (-544 720 -128 ) (-576 720 -128 ) (-576 720 -160 ) (-480 720 -160 ) 
4 1324 (-576 720 -160 ) (-576 720 -144 ) (-576 832 -144 ) (-576 832 -160 ) 
4 1324 (-576 720 -160 ) (-576 832 -160 ) (-544 832 -160 ) (-544 720 -160 ) 
4 1324 (-96 832 -160 ) (-96 832 -128 ) (-64 832 -128 ) (-64 832 -160 ) 
4 1324 (-576 832 -160 ) (-576 832 -128 ) (-160 832 -128 ) (-160 832 -160 ) 
4 1324 (-64 720 -160 ) (-64 832 -160 ) (-64 832 -128 ) (-64 720 -128 ) 
4 1325 (-432 720 -160 ) (-544 720 -160 ) (-544 720 -176 ) (-432 720 -176 ) 
4 1325 (-320 720 -160 ) (-336 720 -160 ) (-336 720 -176 ) (-320 720 -176 ) 
4 1325 (-64 720 -176 ) (-64 720 -160 ) (-320 720 -160 ) (-320 720 -176 ) 
4 1325 (-544 832 -176 ) (-512 832 -176 ) (-512 720 -176 ) (-544 720 -176 ) 
4 1325 (-64 720 -160 ) (-64 720 -176 ) (-64 832 -176 ) (-64 832 -160 ) 
4 1325 (-544 832 -176 ) (-544 832 -160 ) (-160 832 -160 ) (-160 832 -176 ) 
4 1325 (-96 832 -176 ) (-96 832 -160 ) (-64 832 -160 ) (-64 832 -176 ) 
4 1325 (-544 832 -176 ) (-544 720 -176 ) (-544 720 -160 ) (-544 832 -160 ) 
4 1326 (-576 720 -128 ) (-608 720 -128 ) (-608 720 -144 ) (-576 720 -144 ) 
4 1326 (-608 720 -128 ) (-608 832 -128 ) (-608 832 -144 ) (-608 720 -144 ) 
4 1326 (-576 832 -144 ) (-608 832 -144 ) (-608 832 -128 ) (-576 832 -128 ) 
4 1326 (-608 720 -144 ) (-608 832 -144 ) (-576 832 -144 ) (-576 720 -144 ) 
4 1327 (-512 720 -192 ) (-432 720 -192 ) (-432 720 -176 ) (-512 720 -176 ) 
4 1327 (-336 720 -192 ) (-320 720 -192 ) (-320 720 -176 ) (-336 720 -176 ) 
4 1327 (-320 720 -192 ) (-64 720 -192 ) (-64 720 -176 ) (-320 720 -176 ) 
4 1327 (-64 720 -192 ) (-512 720 -192 ) (-512 832 -192 ) (-64 832 -192 ) 
4 1327 (-64 720 -176 ) (-64 720 -192 ) (-64 832 -192 ) (-64 832 -176 ) 
4 1327 (-512 832 -176 ) (-160 832 -176 ) (-160 832 -192 ) (-512 832 -192 ) 
4 1327 (-96 832 -176 ) (-64 832 -176 ) (-64 832 -192 ) (-96 832 -192 ) 
4 1327 (-512 720 -176 ) (-512 832 -176 ) (-512 832 -192 ) (-512 720 -192 ) 
4 1328 (-16 544 -200 ) (-16 552 -200 ) (0 552 -192 ) (0 544 -192 ) 
4 1328 (-16 664 -200 ) (-16 672 -200 ) (0 672 -192 ) (0 664 -192 ) 
4 1328 (-16 672 -200 ) (-16 664 -200 ) (-16 608 -144 ) (-16 612 -140 ) 
4 1328 (-16 552 -200 ) (-16 544 -200 ) (-16 608 -136 ) (-16 612 -140 ) 
4 1328 (0 608.003601 -127.996376 ) (0 672.006775 -191.998886 ) (-16 672.006775 -199.998886 ) (-16 608.003479 -135.996506 ) 
4 1328 (0 608 -128.001144 ) (-16 608 -136.001144 ) (-16 544.001526 -199.998459 ) (0 544.001526 -191.998550 ) 
5 1329 (-32 656 -208 ) (-32 560 -208 ) (-32 560 -200 ) (-32 608 -152 ) (-32 656 -200 ) 
3 1329 (-32 664 -208 ) (-32 656 -208 ) (-32 656 -200 ) 
3 1329 (-32 560 -208 ) (-32 552 -208 ) (-32 560 -200 ) 
4 1329 (-32 607.998413 -151.998398 ) (-32 552.006165 -207.990250 ) (-16 552.006165 -199.993851 ) (-16 608 -144 ) 
4 1329 (-32 608 -152 ) (-16 608 -144 ) (-16 664 -200 ) (-32 664 -208 ) 
4 1330 (-32 672 -384 ) (-32 664 -384 ) (-32 664 -224 ) (-32 672 -224 ) 
4 1330 (-32 664 -384 ) (-32 672 -384 ) (0 672 -384 ) (0 664 -384 ) 
4 1330 (-32 672 -224 ) (0 672 -208 ) (0 672 -384 ) (-32 672 -384 ) 
4 1330 (0 672 -207.997330 ) (-32 672 -223.997559 ) (-32 664 -224 ) (0 664 -208 ) 
3 1331 (-32 560 -240 ) (-32 560 -208 ) (-32 608 -224 ) 
3 1331 (-32 560 -208 ) (-32 656 -208 ) (-32 656 -240 ) 
4 1331 (-32 664 -384 ) (-32 656 -384 ) (-32 656 -208 ) (-32 664 -208 ) 
4 1331 (-32 560 -384 ) (-32 552 -384 ) (-32 552 -208 ) (-32 560 -208 ) 
4 1331 (0 552 -208 ) (0 552 -192.001389 ) (-32 552 -208.001511 ) (-32 552 -224 ) 
4 1331 (-32 664 -224 ) (-32 664 -208.001511 ) (0 664 -192.001389 ) (0 664 -208 ) 
4 1331 (-32 552 -384 ) (-32 664 -384 ) (0 664 -384 ) (0 552 -384 ) 
4 1332 (-32 552 -384 ) (-32 544 -384 ) (-32 544 -224 ) (-32 552 -224 ) 
4 1332 (-32 544 -384 ) (0 544 -384 ) (0 544 -208 ) (-32 544 -224 ) 
4 1332 (-32 544 -384 ) (-32 552 -384 ) (0 552 -384 ) (0 544 -384 ) 
4 1332 (0 552 -207.997330 ) (-32 552 -223.997559 ) (-32 544 -224 ) (0 544 -208 ) 
4 1333 (-32 656 -239.998779 ) (-64 656 -239.998779 ) (-64 608.001404 -224 ) (-32 608.001343 -224 ) 
4 1333 (-32 656 -240 ) (-32 656 -384 ) (-64 656 -384 ) (-64 656 -240 ) 
4 1333 (-64 560 -240 ) (-64 560 -384 ) (-32 560 -384 ) (-32 560 -240 ) 
4 1333 (-32 560 -384 ) (-64 560 -384 ) (-64 656 -384 ) (-32 656 -384 ) 
4 1333 (-32 607.993042 -224.002335 ) (-64 607.993042 -224.002335 ) (-64 560 -240 ) (-32 560 -240 ) 
4 1334 (-608 704 -96 ) (-768 704 -96 ) (-768 720 -96 ) (-608 720 -96 ) 
4 1334 (-768 720 0 ) (-768 720 -96 ) (-768 704 -96 ) (-768 704 0 ) 
4 1334 (-64 704 0 ) (-64 704 -96 ) (-64 720 -96 ) (-64 720 0 ) 
4 1335 (-432 704 -160 ) (-480 704 -160 ) (-480 720 -160 ) (-432 720 -160 ) 
4 1335 (-320 704 -160 ) (-336 704 -160 ) (-336 720 -160 ) (-320 720 -160 ) 
4 1335 (-64 704 -160 ) (-320 704 -160 ) (-320 720 -160 ) (-64 720 -160 ) 
4 1335 (-64 704 -96 ) (-64 704 -160 ) (-64 720 -160 ) (-64 720 -96 ) 
4 1335 (-480.002045 720 -160 ) (-480.002045 704 -160 ) (-608 704 -96 ) (-608 720 -96 ) 
4 1336 (-320 720 -384 ) (-320 720 -224 ) (-320 704 -224 ) (-320 704 -384 ) 
4 1336 (-336 720 -384 ) (-336 720 -224 ) (-320 720 -224 ) (-320 720 -384 ) 
4 1336 (-336 720 -384 ) (-320 720 -384 ) (-320 704 -384 ) (-336 704 -384 ) 
4 1336 (-320 704 -224 ) (-320 720 -224 ) (-336 720 -224 ) (-336 704 -224 ) 
4 1337 (-432 704 -192 ) (-432 704 -160 ) (-432 720 -160 ) (-432 720 -192 ) 
4 1337 (-336 720 -192 ) (-336 720 -160 ) (-336 704 -160 ) (-336 704 -192 ) 
4 1337 (-432 704 -192 ) (-432 720 -192 ) (-336 720 -192 ) (-336 704 -192 ) 
4 1338 (-448 720 -384 ) (-336 720 -384 ) (-336 704 -384 ) (-448 704 -384 ) 
4 1338 (-448 720 -224 ) (-336 720 -224 ) (-336 720 -384 ) (-448 720 -384 ) 
4 1338 (-448 704 -224 ) (-432 704 -224 ) (-432 720 -224 ) (-448 720 -224 ) 
4 1338 (-432 704 -224 ) (-336 704 -224 ) (-336 720 -224 ) (-432 720 -224 ) 
4 1338 (-448 720 -384 ) (-448 704 -384 ) (-448 704 -224 ) (-448 720 -224 ) 
4 1339 (-576 512 -160 ) (-576 512 -192 ) (-448 512 -192 ) (-448 512 -160 ) 
4 1339 (-576 512 0 ) (-832 512 0 ) (-832 512 -192 ) (-576 512 -192 ) 
4 1339 (-448 512 -160 ) (-448 512 -192 ) (-432 512 -192 ) (-432 512 -160 ) 
4 1339 (-336 512 -192 ) (-320 512 -192 ) (-320 512 -160 ) (-336 512 -160 ) 
4 1339 (-320 512 -160 ) (-320 512 -192 ) (-128 512 -192 ) (-128 512 -160 ) 
4 1339 (-64 512 -192 ) (-64 512 0 ) (-128 512 0 ) (-128 512 -192 ) 
4 1339 (-832 672 -192 ) (-832 544 -192 ) (-832 544 0 ) (-832 672 0 ) 
4 1339 (-832 704 0 ) (-832 704 -192 ) (-832 672 -192 ) (-832 672 0 ) 
4 1339 (-832 544 -192 ) (-832 512 -192 ) (-832 512 0 ) (-832 544 0 ) 
4 1339 (-448 704 -192 ) (-320 704 -192 ) (-320 512 -192 ) (-448 512 -192 ) 
4 1339 (-64 656 -192 ) (-64 656 0 ) (-64 560 0 ) (-64 560 -192 ) 
4 1339 (-64 704 -192 ) (-64 704 0 ) (-64 656 0 ) (-64 656 -192 ) 
4 1339 (-64 560 -192 ) (-64 560 0 ) (-64 512 0 ) (-64 512 -192 ) 
4 1339 (-768 704 -160 ) (-832 704 -160 ) (-832 704 0 ) (-768 704 0 ) 
4 1339 (-480 704 -160 ) (-768 704 -160 ) (-768 704 -96 ) (-608 704 -96 ) 
4 1339 (-320 704 -192 ) (-320 704 -160 ) (-64 704 -160 ) (-64 704 -192 ) 
4 1339 (-336 704 -192 ) (-336 704 -160 ) (-320 704 -160 ) (-320 704 -192 ) 
4 1339 (-432 704 -192 ) (-832 704 -192 ) (-832 704 -160 ) (-432 704 -160 ) 
4 1340 (-128 512 -192 ) (-320 512 -192 ) (-320 512 -384 ) (-128 512 -384 ) 
4 1340 (-64 512 -384 ) (-64 512 -192 ) (-128 512 -192 ) (-128 512 -384 ) 
4 1340 (-320 512 -224 ) (-320 512 -192 ) (-320 704 -192 ) (-320 704 -224 ) 
4 1340 (-320 704 -384 ) (-64 704 -384 ) (-64 512 -384 ) (-320 512 -384 ) 
3 1340 (-64 608 -224 ) (-64 560 -208 ) (-64 560 -240 ) 
4 1340 (-64 656 -240 ) (-64 656 -192 ) (-64 560 -192 ) (-64 560 -208 ) 
4 1340 (-64 704 -384 ) (-64 704 -192 ) (-64 656 -192 ) (-64 656 -384 ) 
4 1340 (-64 560 -384 ) (-64 560 -192 ) (-64 512 -192 ) (-64 512 -384 ) 
4 1340 (-320 704 -384 ) (-320 704 -192 ) (-64 704 -192 ) (-64 704 -384 ) 
4 1341 (-448 704 -384 ) (-320 704 -384 ) (-320 512 -384 ) (-448 512 -384 ) 
4 1341 (-320 512 -224 ) (-320 704 -224 ) (-448 704 -224 ) (-448 512 -224 ) 
4 1342 (-448 512 -192 ) (-576 512 -192 ) (-576 512 -384 ) (-448 512 -384 ) 
4 1342 (-576 512 -192 ) (-832 512 -192 ) (-832 512 -384 ) (-576 512 -384 ) 
3 1342 (-832 544 -240 ) (-832 544 -208 ) (-832 608 -224 ) 
4 1342 (-832 544 -208 ) (-832 544 -192 ) (-832 672 -192 ) (-832 672 -240 ) 
4 1342 (-832 704 -192 ) (-832 704 -384 ) (-832 672 -384 ) (-832 672 -192 ) 
4 1342 (-832 544 -384 ) (-832 512 -384 ) (-832 512 -192 ) (-832 544 -192 ) 
4 1342 (-448 704 -224 ) (-448 704 -192 ) (-448 512 -192 ) (-448 512 -224 ) 
4 1342 (-832 704 -224 ) (-448 704 -224 ) (-448 704 -384 ) (-832 704 -384 ) 
4 1342 (-448 704 -192 ) (-448 704 -224 ) (-832 704 -224 ) (-832 704 -192 ) 
4 1342 (-832 512 -384 ) (-832 704 -384 ) (-448 704 -384 ) (-448 512 -384 ) 
4 1343 (-832 608 -224 ) (-832 672 -240 ) (-960 672 -240 ) (-960 608 -224 ) 
4 1343 (-960 544 -240 ) (-960 544 -384 ) (-832 544 -384 ) (-832 544 -240 ) 
4 1343 (-960 544 -384 ) (-960 672 -384 ) (-832 672 -384 ) (-832 544 -384 ) 
4 1343 (-832 672 -240 ) (-832 672 -384 ) (-960 672 -384 ) (-960 672 -240 ) 
4 1343 (-832 608.002747 -224 ) (-960 608.002747 -224 ) (-960 544 -240 ) (-832 544 -240 ) 
4 1344 (-960 512 -384 ) (-960 512 -64 ) (-1024 512 -64 ) (-1024 512 -384 ) 
4 1344 (-1024 512 -64 ) (-960 512 -64 ) (-960 704 -64 ) (-1024 704 -64 ) 
3 1344 (-960 608 -224 ) (-960 544 -208 ) (-960 544 -240 ) 
4 1344 (-960 672 -240 ) (-960 672 -64 ) (-960 544 -64 ) (-960 544 -208 ) 
4 1344 (-960 672 -64 ) (-960 672 -384 ) (-960 704 -384 ) (-960 704 -64 ) 
4 1344 (-960 544 -64 ) (-960 512 -64 ) (-960 512 -384 ) (-960 544 -384 ) 
4 1344 (-960 704 -224 ) (-960 704 -384 ) (-1024 704 -384 ) (-1024 704 -224 ) 
4 1344 (-960 704 -224 ) (-1024 704 -224 ) (-1024 704 -160 ) (-960 704 -160 ) 
4 1344 (-960 704 -64 ) (-960 704 -160 ) (-1024 704 -160 ) (-1024 704 -64 ) 
4 1344 (-1024 704 -384 ) (-960 704 -384 ) (-960 512 -384 ) (-1024 512 -384 ) 
4 1345 (-128 496 0 ) (-128 496 -160 ) (-128 512 -160 ) (-128 512 0 ) 
4 1345 (-128 496 -160 ) (-320 496 -160 ) (-320 512 -160 ) (-128 512 -160 ) 
4 1346 (-128 256 -128 ) (-128 256 -16 ) (-320 256 -16 ) (-320 256 -128 ) 
4 1346 (-128 256 -188 ) (-128 256 -128 ) (-320 256 -128 ) (-320 256 -188 ) 
4 1346 (-128 256 -16 ) (-128 256 0 ) (-320 256 0 ) (-320 256 -16 ) 
4 1346 (-320 352 -176 ) (-320 320 -176 ) (-320 320 -160 ) (-320 352 -160 ) 
4 1346 (-320 320 -176 ) (-320 288 -176 ) (-320 288 -144 ) (-320 320 -144 ) 
4 1346 (-320 384 -176 ) (-320 384 -188 ) (-320 288 -188 ) (-320 288 -176 ) 
4 1346 (-320 256 -188 ) (-320 256 -128 ) (-320 288 -128 ) (-320 288 -188 ) 
4 1346 (-320 432 -188 ) (-320 496 -188 ) (-256 496 -188 ) (-256 432 -188 ) 
4 1346 (-192 464 -188 ) (-192 400 -188 ) (-256 400 -188 ) (-256 464 -188 ) 
4 1346 (-128 496 -188 ) (-128 496 0 ) (-128 256 0 ) (-128 256 -188 ) 
4 1346 (-128 496 -160 ) (-128 496 -188 ) (-320 496 -188 ) (-320 496 -160 ) 
4 1347 (-128 256 -192 ) (-128 256 -188 ) (-192 256 -188 ) (-192 256 -192 ) 
4 1347 (-192 464 -192 ) (-192 400 -192 ) (-192 400 -188 ) (-192 464 -188 ) 
4 1347 (-192 496 -192 ) (-128 496 -192 ) (-128 256 -192 ) (-192 256 -192 ) 
4 1347 (-192 496 -192 ) (-192 496 -188 ) (-128 496 -188 ) (-128 496 -192 ) 
4 1347 (-128 496 -192 ) (-128 496 -188 ) (-128 256 -188 ) (-128 256 -192 ) 
4 1348 (-256 464 -188 ) (-256 496 -188 ) (-256 496 -192 ) (-256 464 -192 ) 
4 1348 (-256 464 -188 ) (-256 464 -192 ) (-192 464 -192 ) (-192 464 -188 ) 
4 1348 (-192 496 -192 ) (-256 496 -192 ) (-256 496 -188 ) (-192 496 -188 ) 
4 1348 (-256 464 -192 ) (-256 496 -192 ) (-192 496 -192 ) (-192 464 -192 ) 
4 1349 (-192 256 -188 ) (-256 256 -188 ) (-256 256 -192 ) (-192 256 -192 ) 
4 1349 (-256 256 -192 ) (-256 400 -192 ) (-192 400 -192 ) (-192 256 -192 ) 
4 1349 (-192 400 -188 ) (-192 400 -192 ) (-256 400 -192 ) (-256 400 -188 ) 
4 1350 (-256 256 -192 ) (-256 256 -188 ) (-320 256 -188 ) (-320 256 -192 ) 
4 1350 (-320 288 -188 ) (-320 384 -188 ) (-320 384 -192 ) (-320 288 -192 ) 
4 1350 (-320 256 -192 ) (-320 256 -188 ) (-320 288 -188 ) (-320 288 -192 ) 
4 1350 (-320 256 -192 ) (-320 432 -192 ) (-256 432 -192 ) (-256 256 -192 ) 
4 1350 (-256 400 -192 ) (-256 432 -192 ) (-256 432 -188 ) (-256 400 -188 ) 
4 1350 (-320 432 -188 ) (-256 432 -188 ) (-256 432 -192 ) (-320 432 -192 ) 
4 1351 (-432 496 -160 ) (-448 496 -160 ) (-448 512 -160 ) (-432 512 -160 ) 
4 1351 (-320 496 -160 ) (-336 496 -160 ) (-336 512 -160 ) (-320 512 -160 ) 
4 1352 (-432 496 -192 ) (-432 496 -160 ) (-432 512 -160 ) (-432 512 -192 ) 
4 1352 (-336 512 -192 ) (-336 512 -160 ) (-336 496 -160 ) (-336 496 -192 ) 
4 1352 (-432 496 -192 ) (-432 512 -192 ) (-336 512 -192 ) (-336 496 -192 ) 
4 1353 (-432 496 -384 ) (-320 496 -384 ) (-320 496 -224 ) (-432 496 -224 ) 
4 1353 (-336 512 -224 ) (-432 512 -224 ) (-432 496 -224 ) (-336 496 -224 ) 
4 1353 (-320 512 -224 ) (-336 512 -224 ) (-336 496 -224 ) (-320 496 -224 ) 
4 1353 (-320 496 -224 ) (-320 496 -384 ) (-320 512 -384 ) (-320 512 -224 ) 
4 1353 (-320 496 -384 ) (-432 496 -384 ) (-432 512 -384 ) (-320 512 -384 ) 
4 1354 (-448 512 -224 ) (-448 512 -384 ) (-448 496 -384 ) (-448 496 -224 ) 
4 1354 (-448 496 -224 ) (-448 496 -384 ) (-432 496 -384 ) (-432 496 -224 ) 
4 1354 (-432 496 -384 ) (-448 496 -384 ) (-448 512 -384 ) (-432 512 -384 ) 
4 1354 (-448 512 -224 ) (-448 496 -224 ) (-432 496 -224 ) (-432 512 -224 ) 
4 1355 (-416 256 -16 ) (-448 256 -16 ) (-448 256 -128 ) (-416 256 -128 ) 
4 1355 (-320 256 -128 ) (-320 256 -16 ) (-352 256 -16 ) (-352 256 -128 ) 
4 1355 (-320 256 -16 ) (-320 256 0 ) (-448 256 0 ) (-448 256 -16 ) 
4 1355 (-448 256 -128 ) (-448 288 -128 ) (-320 288 -128 ) (-320 256 -128 ) 
4 1356 (-448 384 -192 ) (-320 384 -192 ) (-320 384 -176 ) (-448 384 -176 ) 
4 1356 (-432 496 -160 ) (-432 496 -192 ) (-448 496 -192 ) (-448 496 -160 ) 
4 1356 (-336 496 -192 ) (-336 496 -160 ) (-320 496 -160 ) (-320 496 -192 ) 
4 1356 (-320 432 -192 ) (-320 496 -192 ) (-320 496 -188 ) (-320 432 -188 ) 
4 1356 (-448 384 -192 ) (-448 496 -192 ) (-320 496 -192 ) (-320 384 -192 ) 
4 1357 (-320 288 -144 ) (-448 288 -144 ) (-448 320 -144 ) (-320 320 -144 ) 
4 1357 (-320 288 -144 ) (-320 288 -128 ) (-448 288 -128 ) (-448 288 -144 ) 
4 1358 (-448 352 -176 ) (-320 352 -176 ) (-320 352 -160 ) (-448 352 -160 ) 
4 1358 (-448 352 -176 ) (-448 384 -176 ) (-320 384 -176 ) (-320 352 -176 ) 
4 1359 (-320 320 -160 ) (-320 320 -144 ) (-448 320 -144 ) (-448 320 -160 ) 
4 1359 (-320 320 -160 ) (-448 320 -160 ) (-448 352 -160 ) (-320 352 -160 ) 
4 1360 (-576 512 0 ) (-576 512 -160 ) (-576 496 -160 ) (-576 496 0 ) 
4 1360 (-448 496 -160 ) (-576 496 -160 ) (-576 512 -160 ) (-448 512 -160 ) 
4 1361 (-448 256 -128 ) (-448 256 -16 ) (-576 256 -16 ) (-576 256 -128 ) 
4 1361 (-448 256 -192 ) (-448 256 -128 ) (-576 256 -128 ) (-576 256 -192 ) 
4 1361 (-448 256 -16 ) (-448 256 0 ) (-576 256 0 ) (-576 256 -16 ) 
4 1361 (-448 288 -192 ) (-448 288 -128 ) (-448 256 -128 ) (-448 256 -192 ) 
4 1361 (-448 288 -176 ) (-448 288 -192 ) (-448 384 -192 ) (-448 384 -176 ) 
4 1361 (-448 320 -144 ) (-448 288 -144 ) (-448 288 -176 ) (-448 320 -176 ) 
4 1361 (-448 352 -160 ) (-448 320 -160 ) (-448 320 -176 ) (-448 352 -176 ) 
4 1361 (-576 256 -192 ) (-576 256 0 ) (-576 496 0 ) (-576 496 -192 ) 
4 1361 (-448 496 -160 ) (-448 496 -192 ) (-576 496 -192 ) (-576 496 -160 ) 
4 1361 (-576 256 -192 ) (-576 496 -192 ) (-448 496 -192 ) (-448 256 -192 ) 
4 1362 (-352 256 -16 ) (-352 224 -16 ) (-352 224 -128 ) (-352 256 -128 ) 
4 1362 (-352 256 -16 ) (-416 256 -16 ) (-416 224 -16 ) (-352 224 -16 ) 
4 1362 (-352 224 -128 ) (-416 224 -128 ) (-416 256 -128 ) (-352 256 -128 ) 
4 1362 (-416 256 -128 ) (-416 224 -128 ) (-416 224 -16 ) (-416 256 -16 ) 
4 1363 (-512 224 0 ) (-512 224 -128 ) (-512 192 -128 ) (-512 192 0 ) 
4 1363 (-384 56 -128 ) (-256 56 -128 ) (-256 56 -32 ) (-384 56 -32 ) 
4 1363 (-256 56 0 ) (-256 56 -128 ) (-256 224 -128 ) (-256 224 0 ) 
4 1363 (-512 56 -128 ) (-512 224 -128 ) (-256 224 -128 ) (-256 56 -128 ) 
4 1363 (-256 224 -16 ) (-512 224 -16 ) (-512 224 0 ) (-256 224 0 ) 
4 1363 (-256 224 -128 ) (-352 224 -128 ) (-352 224 -16 ) (-256 224 -16 ) 
4 1363 (-416 224 -128 ) (-512 224 -128 ) (-512 224 -16 ) (-416 224 -16 ) 
4 1364 (-256 32 -32 ) (-384 32 -32 ) (-384 56 -32 ) (-256 56 -32 ) 
4 1364 (-512 32 0 ) (-512 32 -32 ) (-256 32 -32 ) (-256 32 0 ) 
4 1364 (-256 56 -32 ) (-256 56 0 ) (-256 32 0 ) (-256 32 -32 ) 
4 1365 (-512 32 -128 ) (-512 56 -128 ) (-384 56 -128 ) (-384 32 -128 ) 
4 1365 (-512 32 -32 ) (-512 32 -128 ) (-384 32 -128 ) (-384 32 -32 ) 
4 1365 (-384 56 -128 ) (-384 56 -32 ) (-384 32 -32 ) (-384 32 -128 ) 
4 1366 (-896 0 -80 ) (-896 0 -16 ) (-896 84 -16 ) (-896 84 -80 ) 
4 1366 (-896 108 -16 ) (-896 192 -16 ) (-896 192 -80 ) (-896 108 -80 ) 
4 1366 (-896 0 -16 ) (-896 0 0 ) (-896 192 0 ) (-896 192 -16 ) 
4 1366 (-896 192 -128 ) (-896 0 -128 ) (-896 0 -80 ) (-896 192 -80 ) 
4 1366 (-512 0 -128 ) (-896 0 -128 ) (-896 192 -128 ) (-512 192 -128 ) 
4 1366 (-512 32 0 ) (-512 0 0 ) (-512 0 -128 ) (-512 32 -128 ) 
4 1366 (-512 192 0 ) (-512 192 -128 ) (-896 192 -128 ) (-896 192 0 ) 
3 1367 (-920 102 -16 ) (-928 108 -16 ) (-928 102 -16 ) 
3 1367 (-928 102 -80 ) (-928 108 -80 ) (-920 102 -80 ) 
4 1367 (-928 107.996475 -16 ) (-920.004700 102 -16 ) (-920.004700 102 -80 ) (-928 107.996117 -80 ) 
4 1368 (-928 84.003105 -80 ) (-920.004150 90 -80 ) (-920.002930 90 -16 ) (-928 84.003105 -16 ) 
4 1368 (-920 102 -16 ) (-904 102 -16 ) (-904 102 -80 ) (-920 102 -80 ) 
3 1368 (-928 84 -80 ) (-928 102 -80 ) (-904 102 -80 ) 
3 1368 (-904 102 -16 ) (-928 102 -16 ) (-928 84 -16 ) 
4 1369 (-920 90 -16 ) (-920 90 -80 ) (-904 90 -80 ) (-904 90 -16 ) 
3 1369 (-920 90 -80 ) (-896 108 -80 ) (-896 90 -80 ) 
3 1369 (-896 90 -16 ) (-896 108 -16 ) (-920 90 -16 ) 
4 1369 (-904 102 -16 ) (-896 108 -16 ) (-896 108.003105 -80 ) (-904.004150 102 -80 ) 
3 1370 (-896 84 -16 ) (-896 90 -16 ) (-904 90 -16 ) 
3 1370 (-904 90 -80 ) (-896 90 -80 ) (-896 84 -80 ) 
4 1370 (-904.004700 90 -16 ) (-904.004700 90 -80 ) (-896 83.996475 -80 ) (-896 83.992714 -16 ) 
4 1371 (-1024 160 0 ) (-928 160 0 ) (-928 160 -96 ) (-1024 160 -96 ) 
4 1371 (-928 160 -80 ) (-928 32 -80 ) (-928 32 -96 ) (-928 160 -96 ) 
4 1371 (-928 160 0 ) (-928 32 0 ) (-928 32 -16 ) (-928 160 -16 ) 
4 1371 (-928 160 -16 ) (-928 108 -16 ) (-928 108 -80 ) (-928 160 -80 ) 
4 1371 (-928 84 -16 ) (-928 32 -16 ) (-928 32 -80 ) (-928 84 -80 ) 
4 1371 (-928 160 -96 ) (-928 32 -96 ) (-1024 32 -96 ) (-1024 160 -96 ) 
4 1371 (-1024 32 -96 ) (-928 32 -96 ) (-928 32 0 ) (-1024 32 0 ) 
4 1372 (-580 0 -1546 ) (-580 0 -1338 ) (-580 1024 -1338 ) (-580 1024 -1546 ) 
4 1372 (0 1024 -1338 ) (-580 1024 -1338 ) (-580 0 -1338 ) (0 0 -1338 ) 
4 1372 (0 0 -1546 ) (-580 0 -1546 ) (-580 1024 -1546 ) (0 1024 -1546 ) 
4 1373 (-896 0 0 ) (-896 -146 0 ) (-896 -146 32 ) (-896 0 32 ) 
4 1373 (-896 -146 32 ) (-512 -146 32 ) (-512 0 32 ) (-896 0 32 ) 
4 1373 (-512 0 32 ) (-512 -146 32 ) (-512 -146 0 ) (-512 0 0 ) 
4 1373 (-896 -146 32 ) (-896 -146 0 ) (-512 -146 0 ) (-512 -146 32 ) 
4 1374 (-928 -160 32 ) (-928 -32 32 ) (-1024 -32 32 ) (-1024 -160 32 ) 
4 1374 (-1024 -160 0 ) (-928 -160 0 ) (-928 -160 32 ) (-1024 -160 32 ) 
4 1374 (-928 -32 32 ) (-928 -160 32 ) (-928 -160 0 ) (-928 -32 0 ) 
4 1374 (-1024 -32 32 ) (-928 -32 32 ) (-928 -32 0 ) (-1024 -32 0 ) 
4 1375 (-896 0 -16 ) (-896 0 -80 ) (-896 -84 -80 ) (-896 -84 -16 ) 
4 1375 (-896 -108 -80 ) (-896 -146 -80 ) (-896 -146 -16 ) (-896 -108 -16 ) 
4 1375 (-896 -146 0 ) (-896 0 0 ) (-896 0 -16 ) (-896 -146 -16 ) 
4 1375 (-896 0 -80 ) (-896 0 -128 ) (-896 -146 -128 ) (-896 -146 -80 ) 
4 1375 (-896 -146 0 ) (-896 -146 -128 ) (-512 -146 -128 ) (-512 -146 0 ) 
4 1375 (-896 -146 -128 ) (-896 0 -128 ) (-512 0 -128 ) (-512 -146 -128 ) 
4 1375 (-512 0 0 ) (-512 -146 0 ) (-512 -146 -128 ) (-512 0 -128 ) 
4 1376 (-920.002930 -90 -80 ) (-928 -84.003105 -80 ) (-928 -84.003105 -16 ) (-920.004150 -90 -16 ) 
4 1376 (-920 -102 -80 ) (-904 -102 -80 ) (-904 -102 -16 ) (-920 -102 -16 ) 
3 1376 (-928 -102 -80 ) (-928 -84 -80 ) (-904 -102 -80 ) 
3 1376 (-904 -102 -16 ) (-928 -84 -16 ) (-928 -102 -16 ) 
3 1377 (-920 -102 -16 ) (-928 -102 -16 ) (-928 -108 -16 ) 
3 1377 (-928 -108 -80 ) (-928 -102 -80 ) (-920 -102 -80 ) 
4 1377 (-928 -107.996117 -16 ) (-928 -107.996475 -80 ) (-920.004700 -102 -80 ) (-920.004700 -102 -16 ) 
3 1378 (-904 -90 -16 ) (-896 -90 -16 ) (-896 -84 -16 ) 
3 1378 (-896 -84 -80 ) (-896 -90 -80 ) (-904 -90 -80 ) 
4 1378 (-896 -83.992714 -80 ) (-904.004700 -90 -80 ) (-904.004700 -90 -16 ) (-896 -83.996475 -16 ) 
4 1379 (-904 -90 -16 ) (-904 -90 -80 ) (-920 -90 -80 ) (-920 -90 -16 ) 
3 1379 (-896 -90 -80 ) (-896 -108 -80 ) (-920 -90 -80 ) 
3 1379 (-920 -90 -16 ) (-896 -108 -16 ) (-896 -90 -16 ) 
4 1379 (-896 -108.003105 -16 ) (-904.004150 -102 -16 ) (-904 -102 -80 ) (-896 -108 -80 ) 
4 1380 (-1024 -160 -96 ) (-928 -160 -96 ) (-928 -160 0 ) (-1024 -160 0 ) 
4 1380 (-928 -160 -96 ) (-928 -32 -96 ) (-928 -32 -80 ) (-928 -160 -80 ) 
4 1380 (-928 -160 -16 ) (-928 -32 -16 ) (-928 -32 0 ) (-928 -160 0 ) 
4 1380 (-928 -160 -80 ) (-928 -108 -80 ) (-928 -108 -16 ) (-928 -160 -16 ) 
4 1380 (-928 -84 -80 ) (-928 -32 -80 ) (-928 -32 -16 ) (-928 -84 -16 ) 
4 1380 (-1024 -160 -96 ) (-1024 -32 -96 ) (-928 -32 -96 ) (-928 -160 -96 ) 
4 1380 (-1024 -32 0 ) (-928 -32 0 ) (-928 -32 -96 ) (-1024 -32 -96 ) 
4 1381 (0 -84 -1546 ) (0 -84 -1338 ) (-580 -84 -1338 ) (-580 -84 -1546 ) 
4 1381 (-580 -84 -1338 ) (-580 0 -1338 ) (-580 0 -1546 ) (-580 -84 -1546 ) 
4 1381 (0 -84 -1338 ) (0 0 -1338 ) (-580 0 -1338 ) (-580 -84 -1338 ) 
4 1381 (0 -84 -1546 ) (-580 -84 -1546 ) (-580 0 -1546 ) (0 0 -1546 ) 
4 1382 (-1024 1024 320 ) (-1088 1024 320 ) (-1088 1680 320 ) (-1024 1680 320 ) 
4 1382 (-1088 1680 320 ) (-1088 1680 960 ) (-1024 1680 960 ) (-1024 1680 320 ) 
4 1382 (-1024 1680 960 ) (-1088 1680 960 ) (-1088 1024 960 ) (-1024 1024 960 ) 
4 1383 (-1072 1584 114 ) (-1072 1584 96 ) (-1072 1452 96 ) (-1072 1452 114 ) 
4 1383 (-1024 1452 114 ) (-1024 1584 114 ) (-1072 1584 114 ) (-1072 1452 114 ) 
4 1383 (-1072 1584 114 ) (-1024 1584 114 ) (-1024 1584 96 ) (-1072 1584 96 ) 
4 1383 (-1072 1452 114 ) (-1072 1452 96 ) (-1024 1452 96 ) (-1024 1452 114 ) 
4 1384 (-1072 1196 114 ) (-1072 1196 96 ) (-1024 1196 96 ) (-1024 1196 114 ) 
4 1384 (-1024 1428 114 ) (-1024 1428 96 ) (-1072 1428 96 ) (-1072 1428 114 ) 
4 1384 (-1024 1196 114 ) (-1024 1428 114 ) (-1072 1428 114 ) (-1072 1196 114 ) 
4 1384 (-1072 1428 96 ) (-1072 1196 96 ) (-1072 1196 114 ) (-1072 1428 114 ) 
4 1385 (-1024 1172 114 ) (-1072 1172 114 ) (-1072 1024 114 ) (-1024 1024 114 ) 
4 1385 (-1072 1172 96 ) (-1072 1024 96 ) (-1072 1024 114 ) (-1072 1172 114 ) 
4 1385 (-1024 1172 114 ) (-1024 1172 96 ) (-1072 1172 96 ) (-1072 1172 114 ) 
4 1386 (-1088 1360 0 ) (-1088 1152 0 ) (-1088 1152 96 ) (-1088 1360 96 ) 
4 1386 (-1088 1600 0 ) (-1088 1424 0 ) (-1088 1424 96 ) (-1088 1600 96 ) 
4 1386 (-1088 1424 0 ) (-1088 1360 0 ) (-1088 1360 96 ) (-1088 1424 96 ) 
4 1386 (-1024 1584 96 ) (-1024 1600 96 ) (-1088 1600 96 ) (-1088 1584 96 ) 
4 1386 (-1072 1584 96 ) (-1088 1584 96 ) (-1088 1024 96 ) (-1072 1024 96 ) 
4 1386 (-1024 1428 96 ) (-1024 1452 96 ) (-1072 1452 96 ) (-1072 1428 96 ) 
4 1386 (-1024 1172 96 ) (-1024 1196 96 ) (-1072 1196 96 ) (-1072 1172 96 ) 
4 1386 (-1024 1600 0 ) (-1088 1600 0 ) (-1088 1600 96 ) (-1024 1600 96 ) 
4 1387 (-1328 1024 880 ) (-1328 1024 960 ) (-1328 1056 960 ) (-1328 1056 880 ) 
4 1387 (-1328 1056 880 ) (-1328 1056 960 ) (-1328 1494.486450 960 ) (-1328 1494.486450 880 ) 
5 1387 (-1328 1494.486450 960 ) (-1328 1024 960 ) (-1088 1024 960 ) (-1088 1680 960 ) (-1240 1680 960 ) 
4 1387 (-1240 1680 960 ) (-1088 1680 960 ) (-1088 1680 328 ) (-1240 1680 328 ) 
4 1387 (-1240 1680 960 ) (-1240 1680 328 ) (-1328 1494.487305 328 ) (-1328 1494.487305 960 ) 
4 1388 (-1328 1494.484863 880 ) (-1328 1494.484863 328 ) (-1536 1056 328 ) (-1536 1056 640 ) 
3 1388 (-1328 1494.493164 879.995911 ) (-1536.002686 1056 639.995972 ) (-1328 1056 880 ) 
3 1389 (-1536 1056 328 ) (-1530.666748 1024 328 ) (-1551.179443 1024 328 ) 
4 1389 (-1568 1056 328 ) (-1536 1056 328 ) (-1551.179443 1024 328 ) (-1557.333252 1024 328 ) 
4 1389 (-1328 1056 879.991394 ) (-1535.992676 1056 640 ) (-1535.992676 1024 640 ) (-1328 1024 879.991394 ) 
4 1389 (-1568 1056 603.076721 ) (-1536 1056 640 ) (-1536 1056 328 ) (-1568 1056 328 ) 
3 1390 (-1568 1056 603.076721 ) (-1568 1056 640.076904 ) (-1536 1056 640 ) 
4 1390 (-1535.995605 1024 640 ) (-1535.995605 1056 640 ) (-1568 1056 640.076843 ) (-1568 1024 640.076843 ) 
4 1391 (-1557.330688 1024 320 ) (-1568 1056.007935 320 ) (-1568 1056.007568 328 ) (-1557.330688 1024 328 ) 
5 1392 (-1440 1024 320 ) (-1530.666748 1024 320 ) (-1536 1056 320 ) (-1490.461548 1152 320 ) (-1440 1152 320 ) 
4 1392 (-1424 1024 320 ) (-1440 1024 320 ) (-1440 1136 320 ) (-1424 1136 320 ) 
4 1392 (-1440 1136 320 ) (-1440 1152 320 ) (-1424 1152 320 ) (-1424 1136 320 ) 
4 1392 (-1104 1024 320 ) (-1424 1024 320 ) (-1424 1136 320 ) (-1104 1136 320 ) 
4 1392 (-1088 1136 320 ) (-1088 1024 320 ) (-1104 1024 320 ) (-1104 1136 320 ) 
4 1392 (-1088 1152 320 ) (-1088 1136 320 ) (-1424 1136 320 ) (-1424 1152 320 ) 
4 1392 (-1452.512817 1232 320 ) (-1391.794922 1360 320 ) (-1136 1360 320 ) (-1136 1232 320 ) 
4 1392 (-1136 1360 320 ) (-1120 1360 320 ) (-1120 1232 320 ) (-1136 1232 320 ) 
4 1392 (-1120 1152 320 ) (-1490.461548 1152 320 ) (-1452.512817 1232 320 ) (-1120 1232 320 ) 
4 1392 (-1088 1360 320 ) (-1088 1152 320 ) (-1120 1152 320 ) (-1120 1360 320 ) 
4 1392 (-1240 1680 320 ) (-1168 1680 320 ) (-1168 1424 320 ) (-1361.435913 1424 320 ) 
4 1392 (-1168 1680 320 ) (-1088 1680 320 ) (-1088 1424 320 ) (-1168 1424 320 ) 
4 1392 (-1088 1424 320 ) (-1088 1360 320 ) (-1391.794922 1360 320 ) (-1361.435913 1424 320 ) 
4 1392 (-1240 1680 328 ) (-1088 1680 328 ) (-1088 1680 320 ) (-1240 1680 320 ) 
4 1392 (-1536 1056.003906 328 ) (-1240.002563 1680 328 ) (-1240 1680 320 ) (-1536 1056 320 ) 
4 1392 (-1530.667236 1024 328 ) (-1536.002075 1056.008789 328 ) (-1536.002075 1056.008789 320 ) (-1530.667236 1024 320 ) 
4 1393 (-1419 1542 36 ) (-1413 1542 36 ) (-1413 1542 40 ) (-1419 1542 40 ) 
4 1393 (-1275 1542 36 ) (-1269 1542 36 ) (-1269 1542 40 ) (-1275 1542 40 ) 
4 1393 (-1520 1648 40 ) (-1520 1542 40 ) (-1168 1542 40 ) (-1168 1648 40 ) 
4 1393 (-1168 1542 0 ) (-1168 1648 0 ) (-1168 1648 40 ) (-1168 1542 40 ) 
4 1393 (-1520 1542 40 ) (-1520 1648 40 ) (-1520 1648 0 ) (-1520 1542 0 ) 
4 1393 (-1168 1648 40 ) (-1168 1648 0 ) (-1520 1648 0 ) (-1520 1648 40 ) 
4 1394 (-1266 1539 36 ) (-1266 1533 36 ) (-1266 1533 40 ) (-1266 1539 40 ) 
4 1394 (-1168 1530 36 ) (-1168 1542 36 ) (-1168 1542 40 ) (-1168 1530 40 ) 
4 1394 (-1266 1542 40 ) (-1266 1530 40 ) (-1168 1530 40 ) (-1168 1542 40 ) 
4 1395 (-1266 1533 40 ) (-1266 1533 36 ) (-1269 1530 36 ) (-1269 1530 40 ) 
3 1395 (-1266 1533 40 ) (-1269 1530 40 ) (-1266 1530 40 ) 
4 1396 (-1269 1542 40 ) (-1269 1542 36 ) (-1266 1539 36 ) (-1266 1539 40 ) 
3 1396 (-1266 1539 40 ) (-1266 1542 40 ) (-1269 1542 40 ) 
3 1397 (-1275 1542 40 ) (-1278 1542 40 ) (-1278 1539 40 ) 
4 1397 (-1278 1539 40 ) (-1278 1539 36 ) (-1275 1542 36 ) (-1275 1542 40 ) 
4 1398 (-1275 1530 40 ) (-1275 1530 36 ) (-1278 1533 36 ) (-1278 1533 40 ) 
3 1398 (-1278 1533 40 ) (-1278 1530 40 ) (-1275 1530 40 ) 
4 1399 (-1410 1539 36 ) (-1410 1533 36 ) (-1410 1533 40 ) (-1410 1539 40 ) 
4 1399 (-1278 1539 40 ) (-1278 1533 40 ) (-1278 1533 36 ) (-1278 1539 36 ) 
4 1399 (-1278 1542 40 ) (-1410 1542 40 ) (-1410 1530 40 ) (-1278 1530 40 ) 
4 1400 (-1419 1530 40 ) (-1419 1530 36 ) (-1422 1533 36 ) (-1422 1533 40 ) 
3 1400 (-1422 1533 40 ) (-1422 1530 40 ) (-1419 1530 40 ) 
4 1401 (-1410 1533 40 ) (-1410 1533 36 ) (-1413 1530 36 ) (-1413 1530 40 ) 
3 1401 (-1410 1533 40 ) (-1413 1530 40 ) (-1410 1530 40 ) 
4 1402 (-1422 1539 40 ) (-1422 1539 36 ) (-1419 1542 36 ) (-1419 1542 40 ) 
3 1402 (-1419 1542 40 ) (-1422 1542 40 ) (-1422 1539 40 ) 
3 1403 (-1410 1539 40 ) (-1410 1542 40 ) (-1413 1542 40 ) 
4 1403 (-1413 1542 40 ) (-1413 1542 36 ) (-1410 1539 36 ) (-1410 1539 40 ) 
4 1404 (-1422 1539 40 ) (-1422 1533 40 ) (-1422 1533 36 ) (-1422 1539 36 ) 
4 1404 (-1422 1542 40 ) (-1520 1542 40 ) (-1520 1530 40 ) (-1422 1530 40 ) 
4 1404 (-1520 1530 40 ) (-1520 1542 40 ) (-1520 1542 36 ) (-1520 1530 36 ) 
8 1405 (-1410 1533 36 ) (-1410 1539 36 ) (-1413 1542 36 ) (-1419 1542 36 ) (-1422 1539 36 ) (-1422 1533 36 ) (-1419 1530 36 ) (-1413 1530 36 ) 
8 1405 (-1266 1533 36 ) (-1266 1539 36 ) (-1269 1542 36 ) (-1275 1542 36 ) (-1278 1539 36 ) (-1278 1533 36 ) (-1275 1530 36 ) (-1269 1530 36 ) 
4 1405 (-1520 1542 36 ) (-1520 1542 0 ) (-1520 1530 0 ) (-1520 1530 36 ) 
4 1405 (-1168 1530 36 ) (-1168 1530 0 ) (-1168 1542 0 ) (-1168 1542 36 ) 
4 1406 (-1419 1530 40 ) (-1413 1530 40 ) (-1413 1530 36 ) (-1419 1530 36 ) 
4 1406 (-1275 1530 40 ) (-1269 1530 40 ) (-1269 1530 36 ) (-1275 1530 36 ) 
4 1406 (-1520 1530 40 ) (-1520 1424 40 ) (-1168 1424 40 ) (-1168 1530 40 ) 
4 1406 (-1520 1424 0 ) (-1168 1424 0 ) (-1168 1424 40 ) (-1520 1424 40 ) 
4 1406 (-1168 1530 0 ) (-1168 1530 40 ) (-1168 1424 40 ) (-1168 1424 0 ) 
4 1406 (-1520 1424 0 ) (-1520 1424 40 ) (-1520 1530 40 ) (-1520 1530 0 ) 
4 1407 (-1136 1296 104 ) (-1136 1239.997437 48 ) (-1120 1239.997437 48 ) (-1120 1295.998779 104.001328 ) 
3 1407 (-1120 1296 104 ) (-1120 1240 48 ) (-1120 1352 48 ) 
4 1407 (-1120 1352.001709 48 ) (-1136 1352.001709 48 ) (-1136 1296.002563 103.997330 ) (-1120 1296.002563 103.997330 ) 
4 1408 (-1264 1352 48 ) (-1264 1360 48 ) (-1136 1360 48 ) (-1136 1352 48 ) 
4 1408 (-1136 1232 48 ) (-1264 1232 48 ) (-1264 1240 48 ) (-1136 1240 48 ) 
4 1408 (-1264 1240 48 ) (-1264 1232.002441 48 ) (-1264 1292.001221 107.998817 ) (-1264 1296 104 ) 
4 1408 (-1264 1360 48 ) (-1264 1352 48 ) (-1264 1292.001221 107.998817 ) (-1264 1296.001221 111.998779 ) 
4 1408 (-1136 1300 108 ) (-1136 1296 104 ) (-1136 1352 48 ) (-1136 1360 48 ) 
4 1408 (-1136 1296 112 ) (-1136 1232 48 ) (-1136 1240 48 ) (-1136 1300 108 ) 
4 1408 (-1264 1296 112 ) (-1264 1232 48 ) (-1136 1232 48 ) (-1136 1296 112 ) 
4 1408 (-1136 1296.003052 111.996910 ) (-1136 1360 48.001587 ) (-1264 1360 48 ) (-1264 1296.003052 111.996902 ) 
4 1409 (-1264 1296 104 ) (-1264 1352 48 ) (-1280 1352 48 ) (-1280 1296 104 ) 
4 1409 (-1264 1240 48 ) (-1264 1296.002563 104.002617 ) (-1280 1296.002563 104.002617 ) (-1280 1240 48 ) 
4 1410 (-1408 1352 48 ) (-1408 1360 48 ) (-1280 1360 48 ) (-1280 1352 48 ) 
4 1410 (-1280 1232 48 ) (-1408 1232 48 ) (-1408 1240 48 ) (-1280 1240 48 ) 
4 1410 (-1408 1360 48 ) (-1408 1352 48 ) (-1408 1292.001221 107.998817 ) (-1408 1296.001221 111.998779 ) 
4 1410 (-1408 1240 48 ) (-1408 1232.002441 48 ) (-1408 1292.001221 107.998817 ) (-1408 1296 104 ) 
4 1410 (-1280 1296 104 ) (-1280 1292.001221 107.998817 ) (-1280 1232.002441 48 ) (-1280 1240 48 ) 
4 1410 (-1280 1296.001221 111.998779 ) (-1280 1292.001221 107.998817 ) (-1280 1352 48 ) (-1280 1360 48 ) 
4 1410 (-1280 1296 112 ) (-1408 1296 112 ) (-1408 1232 48.001354 ) (-1280 1232 48 ) 
4 1410 (-1280 1295.997559 112.002426 ) (-1280 1360 48.001587 ) (-1408 1360 48 ) (-1408 1296.003052 111.996902 ) 
4 1411 (-1408 1296 104 ) (-1408 1352 48 ) (-1424 1352 48 ) (-1424 1296 104 ) 
4 1411 (-1408 1240 48 ) (-1408 1296.002563 104.002617 ) (-1424 1296.002563 104.002617 ) (-1424 1240 48 ) 
4 1412 (-1552 1352 48 ) (-1552 1360 48 ) (-1424 1360 48 ) (-1424 1352 48 ) 
4 1412 (-1424 1232 48 ) (-1552 1232 48 ) (-1552 1240 48 ) (-1424 1240 48 ) 
4 1412 (-1552 1360 48 ) (-1552 1352 48 ) (-1552 1296 104 ) (-1552 1300 108 ) 
4 1412 (-1552 1240 48 ) (-1552 1232 48 ) (-1552 1296 112 ) (-1552 1300 108 ) 
4 1412 (-1424 1296 112 ) (-1552 1296 112.001068 ) (-1552 1232 48.002075 ) (-1424 1232 48.001434 ) 
4 1412 (-1424 1296 104 ) (-1424 1292.001221 107.998817 ) (-1424 1232.002441 48 ) (-1424 1240 48 ) 
4 1412 (-1424 1296.001221 111.998779 ) (-1424 1292.001221 107.998817 ) (-1424 1352 48 ) (-1424 1360 48 ) 
4 1412 (-1552 1360 48 ) (-1552 1295.997559 112.002419 ) (-1424 1295.997559 112.002426 ) (-1424 1360 48.001587 ) 
3 1413 (-1568 1352 48 ) (-1568 1240 48 ) (-1568 1296 104 ) 
4 1413 (-1568 1239.997437 48 ) (-1552 1239.997437 48 ) (-1552 1295.998779 104.001328 ) (-1568 1295.998779 104.001328 ) 
4 1413 (-1568 1296.002563 103.997330 ) (-1552 1296.002563 103.997330 ) (-1552 1352 48 ) (-1568 1352 48 ) 
3 1414 (-1568 1248 32 ) (-1568 1240 32 ) (-1568 1240 34.666660 ) 
5 1414 (-1568 1240 48 ) (-1568 1352 48 ) (-1568 1352 32 ) (-1568 1248 32 ) (-1568 1240 34.666660 ) 
4 1414 (-1568 1240 32 ) (-1120 1240 32 ) (-1120 1240 48 ) (-1568 1240 48 ) 
4 1414 (-1120 1352 48 ) (-1120 1240 48 ) (-1120 1240 32 ) (-1120 1352 32 ) 
4 1414 (-1568 1352 48 ) (-1120 1352 48 ) (-1120 1352 32 ) (-1568 1352 32 ) 
5 1415 (-1568 1248 0 ) (-1568 1232 0 ) (-1568 1232 32 ) (-1568 1248 32 ) (-1568 1296 16 ) 
4 1415 (-1568 1360 0 ) (-1568 1344 0 ) (-1568 1248 32 ) (-1568 1360 32 ) 
4 1415 (-1120 1352 32 ) (-1120 1360 32 ) (-1568 1360 32 ) (-1568 1352 32 ) 
4 1415 (-1120 1240 32 ) (-1568 1240 32 ) (-1568 1232 32 ) (-1120 1232 32 ) 
4 1415 (-1120 1232 32 ) (-1120 1232 0 ) (-1120 1360 0 ) (-1120 1360 32 ) 
4 1415 (-1120 1360 32 ) (-1120 1360 0 ) (-1568 1360 0 ) (-1568 1360 32 ) 
4 1415 (-1120 1232 0 ) (-1120 1232 32 ) (-1568 1232 32 ) (-1568 1232 0 ) 
4 1416 (-1424 1152 280 ) (-1424 1152 128 ) (-1424 1136 128 ) (-1424 1136 280 ) 
4 1416 (-1120 1136 128 ) (-1424 1136 128 ) (-1424 1152 128 ) (-1120 1152 128 ) 
3 1416 (-1120 1152 128 ) (-1424 1152 128 ) (-1424 1152 280 ) 
4 1416 (-1424 1152 279.998932 ) (-1424 1136 279.998932 ) (-1119.998657 1136 128 ) (-1119.998657 1152 128 ) 
4 1417 (-1424 1024 272 ) (-1424 1024 296 ) (-1424 1136 296 ) (-1424 1136 272 ) 
4 1417 (-1424 1136 96 ) (-1424 1024 96 ) (-1424 1024 128 ) (-1424 1136 128 ) 
4 1417 (-1104 1024 136 ) (-1104 1024 96 ) (-1104 1136 96 ) (-1104 1136 136 ) 
5 1417 (-1104 1136 136 ) (-1104 1136 128 ) (-1120 1136 128 ) (-1424 1136 280 ) (-1424 1136 296 ) 
4 1417 (-1104 1136 128 ) (-1104 1136 96 ) (-1424 1136 96 ) (-1424 1136 128 ) 
4 1417 (-1104 1024 136 ) (-1104 1136 136 ) (-1424 1136 296 ) (-1424 1024 296 ) 
4 1418 (-1440 1136 128 ) (-1440 1024 128 ) (-1440 1024 272 ) (-1440 1136 272 ) 
4 1418 (-1424 1136 272 ) (-1424 1136 128 ) (-1440 1136 128 ) (-1440 1136 272 ) 
4 1418 (-1424 1136 128 ) (-1424 1024 128 ) (-1440 1024 128 ) (-1440 1136 128 ) 
4 1418 (-1424 1024 272 ) (-1424 1136 272 ) (-1440 1136 272 ) (-1440 1024 272 ) 
3 1419 (-1568 1024 215 ) (-1568 1056 215 ) (-1557.333374 1024 220.332733 ) 
4 1419 (-1557.329956 1024 220.334564 ) (-1568 1056.010254 215 ) (-1568 1056.010254 320 ) (-1557.329956 1024 320 ) 
4 1420 (-1440 1152 96 ) (-1120 1152 96 ) (-1120 1152 0 ) (-1440 1152 0 ) 
4 1420 (-1120 1152 0 ) (-1120 1152 96 ) (-1088 1152 96 ) (-1088 1152 0 ) 
4 1420 (-1424 1136 96 ) (-1088 1136 96 ) (-1088 1152 96 ) (-1424 1152 96 ) 
4 1420 (-1104 1136 96 ) (-1104 1024 96 ) (-1088 1024 96 ) (-1088 1136 96 ) 
4 1420 (-1440 1024 96 ) (-1424 1024 96 ) (-1424 1152 96 ) (-1440 1152 96 ) 
4 1420 (-1440 1024 96 ) (-1440 1152 96 ) (-1440 1152 0 ) (-1440 1024 0 ) 
4 1421 (-1568 1056 400 ) (-1584 1056 400 ) (-1584 1096 400 ) (-1568 1096 400 ) 
4 1421 (-1568 1096 640 ) (-1568 1096 400 ) (-1600 1096 400 ) (-1600 1096 625.882202 ) 
4 1421 (-1568 1056 640 ) (-1568 1056 400 ) (-1568 1096 400 ) (-1568 1096 640 ) 
4 1421 (-1568 1096 640 ) (-1600 1096 625.882751 ) (-1600 1056 625.880920 ) (-1568 1056 639.998596 ) 
4 1422 (-1600 1096 196 ) (-1600 1096 200 ) (-1600 1097 200.489365 ) (-1600 1097 196.499969 ) 
4 1422 (-1584 1096 196.001587 ) (-1600 1096 196.001587 ) (-1600 1472.032349 384.015808 ) (-1584 1472.032349 384.015808 ) 
3 1422 (-1584 1472.002197 384.001099 ) (-1584 1096 200 ) (-1584 1096 196 ) 
4 1422 (-1584 1472.395142 384.196442 ) (-1600 1472.395142 384.196442 ) (-1600 1096 200.001801 ) (-1584 1096 200.001801 ) 
5 1423 (-1600 1072 184 ) (-1600 1056 184 ) (-1600 1056 191 ) (-1600 1088 207 ) (-1600 1088 192 ) 
4 1423 (-1600 1096 211 ) (-1600 1096 196 ) (-1600 1088 192 ) (-1600 1088 207 ) 
4 1423 (-1600 1056 199 ) (-1600 1056 184 ) (-1584 1056 184 ) (-1584 1056 207 ) 
4 1423 (-1584 1056 184 ) (-1600 1056 184 ) (-1600 1072 184 ) (-1584 1072 184 ) 
5 1423 (-1584 1096 196 ) (-1584 1096 400 ) (-1584 1056 400 ) (-1584 1056 184 ) (-1584 1072 184 ) 
4 1423 (-1600 1096 200 ) (-1600 1096 400 ) (-1584 1096 400 ) (-1584 1096 200 ) 
4 1423 (-1600 1096 196.001587 ) (-1584 1096 196.001587 ) (-1584 1071.996826 184 ) (-1600 1071.996826 184 ) 
4 1424 (-1600 1343.998413 0 ) (-1600 1296 16 ) (-1568 1296 16 ) (-1568 1344 0 ) 
4 1424 (-1568 1295.990845 16 ) (-1600 1295.990845 16 ) (-1600 1247.992554 0 ) (-1568 1247.992554 0 ) 
4 1425 (-1600 1024 198.998505 ) (-1600 1056 198.998505 ) (-1568 1056 214.998550 ) (-1568 1024 214.998550 ) 
4 1425 (-1584 1056 207 ) (-1584 1056 400 ) (-1568 1056 400 ) (-1568 1056 215 ) 
4 1425 (-1568 1024 640 ) (-1568 1056 640 ) (-1600 1056 625.882324 ) (-1600 1024 625.882324 ) 
4 1426 (-1824 1472 176 ) (-1824 1456 176 ) (-1824 1456 336 ) (-1824 1472 336 ) 
4 1426 (-1616 1472 336 ) (-1616 1456 336 ) (-1616 1456 176 ) (-1616 1472 176 ) 
4 1426 (-1616 1472 336 ) (-1824 1472 336 ) (-1824 1456 336 ) (-1616 1456 336 ) 
4 1426 (-1616 1456 176 ) (-1824 1456 176 ) (-1824 1472 176 ) (-1616 1472 176 ) 
4 1426 (-1824 1472 336 ) (-1616 1472 336 ) (-1616 1472 176 ) (-1824 1472 176 ) 
4 1427 (-1856 1472 336 ) (-1856 1472 176 ) (-2048 1472 176 ) (-2048 1472 336 ) 
4 1427 (-1856 1456 176 ) (-2048 1456 176 ) (-2048 1472 176 ) (-1856 1472 176 ) 
4 1427 (-1856 1472 336 ) (-2048 1472 336 ) (-2048 1456 336 ) (-1856 1456 336 ) 
4 1427 (-1856 1472 336 ) (-1856 1456 336 ) (-1856 1456 176 ) (-1856 1472 176 ) 
4 1428 (-1856 1456 176 ) (-1824 1456 176 ) (-1824 1120 176 ) (-1856 1120 176 ) 
4 1428 (-1616 1456 176 ) (-1600 1456 176 ) (-1600 1120 176 ) (-1616 1120 176 ) 
4 1428 (-1824 1456 344 ) (-1856 1456 344 ) (-1856 1120.002197 176 ) (-1824 1120.002197 176 ) 
4 1428 (-1600 1456 344 ) (-1616 1456 344 ) (-1616 1120.002197 176 ) (-1600 1120.002197 176 ) 
4 1428 (-1600 1120 176 ) (-1600 1456 176 ) (-1600 1456 184 ) (-1600 1136 184 ) 
3 1428 (-1600 1456 344 ) (-1600 1136 184 ) (-1600 1456 184 ) 
4 1428 (-1600 1456 344 ) (-1600 1456 336 ) (-2048 1456 336 ) (-2048 1456 344 ) 
4 1428 (-1616 1456 336 ) (-1600 1456 336 ) (-1600 1456 176 ) (-1616 1456 176 ) 
4 1428 (-1856 1456 336 ) (-1824 1456 336 ) (-1824 1456 176 ) (-1856 1456 176 ) 
4 1429 (-2048 1097 200.489288 ) (-2048 1097 196.500031 ) (-1600 1097 196.500015 ) (-1600 1097 200.489380 ) 
4 1429 (-1600 1097 196.499435 ) (-2048 1097 196.499435 ) (-2048 1456 375.998169 ) (-1600 1456 375.998169 ) 
4 1429 (-1600 1456 376.173248 ) (-2048 1456 376.173248 ) (-2048 1097 200.491318 ) (-1600 1097 200.491318 ) 
4 1430 (-1824 1104 176 ) (-1616 1104 176 ) (-1616 1104 184.003952 ) (-1824 1104 184.003967 ) 
4 1430 (-1824 1104 184 ) (-1616 1104 184 ) (-1616 1456 360 ) (-1824 1456 360 ) 
4 1430 (-1824 1456 360 ) (-1616 1456 360 ) (-1616 1456 344 ) (-1824 1456 344 ) 
5 1430 (-1616 1456 360 ) (-1616 1104 184 ) (-1616 1104 176 ) (-1616 1119.996948 176 ) (-1616 1456 344.001282 ) 
5 1430 (-1824 1456 344.001282 ) (-1824 1119.996948 176 ) (-1824 1104 176 ) (-1824 1104 184 ) (-1824 1456 360 ) 
5 1431 (-1856 1456 360 ) (-1856 1104 184 ) (-1856 1104 176 ) (-1856 1119.996948 176 ) (-1856 1456 344.001282 ) 
4 1431 (-1856 1456 360 ) (-1856 1456 344 ) (-2048 1456 344 ) (-2048 1456 360 ) 
4 1431 (-1856 1104 184 ) (-1856 1456 360 ) (-2048 1456 360 ) (-2048 1104 184 ) 
4 1431 (-2048 1104 176 ) (-1856 1104 176 ) (-1856 1104 184.003967 ) (-2048 1104 184.003967 ) 
4 1432 (-1616 1104 144 ) (-1616 1456 144 ) (-1616 1456 176 ) (-1616 1104 176 ) 
4 1432 (-1824 1456 176 ) (-1616 1456 176 ) (-1616 1456 144 ) (-1824 1456 144 ) 
4 1432 (-1824 1104 144 ) (-1616 1104 144 ) (-1616 1104 176 ) (-1824 1104 176 ) 
4 1432 (-1824 1104 144 ) (-1824 1104 176 ) (-1824 1456 176 ) (-1824 1456 144 ) 
4 1433 (-1856 1456 144 ) (-1856 1456 176 ) (-1856 1104 176 ) (-1856 1104 144 ) 
4 1433 (-2048 1104 144 ) (-1856 1104 144 ) (-1856 1104 176 ) (-2048 1104 176 ) 
4 1433 (-1856 1456 176 ) (-1856 1456 144 ) (-2048 1456 144 ) (-2048 1456 176 ) 
4 1434 (-1600 1088 207 ) (-2048 1088 207 ) (-2048 1096 211 ) (-1600 1096 211 ) 
4 1434 (-1600 1096 625.882202 ) (-1600 1096 211 ) (-2048 1096 211 ) (-2048 1096 428.235260 ) 
4 1434 (-1600 1096 625.880798 ) (-2048 1096 428.234467 ) (-2048 1088 428.235260 ) (-1600 1088 625.882324 ) 
4 1435 (-1608 1464 144 ) (-1608 1096 144 ) (-1608 1096 112 ) (-1608 1464 112 ) 
4 1435 (-1856 1104 144 ) (-1824 1104 144 ) (-1824 1456 144 ) (-1856 1456 144 ) 
4 1435 (-1616 1096 144 ) (-1616 1104 144 ) (-2048 1104 144 ) (-2048 1096 144 ) 
4 1435 (-1616 1096 144 ) (-1608 1096 144 ) (-1608 1456 144 ) (-1616 1456 144 ) 
4 1435 (-1608 1456 144 ) (-1608 1464 144 ) (-2048 1464 144 ) (-2048 1456 144 ) 
4 1435 (-2048 1096 112 ) (-1608 1096 112 ) (-1608 1096 144 ) (-2048 1096 144 ) 
4 1435 (-2048 1464 144 ) (-1608 1464 144 ) (-1608 1464 112 ) (-2048 1464 112 ) 
4 1436 (-1824 1088 0 ) (-1600 1088 0 ) (-1600 1088 32 ) (-1824 1088 32 ) 
4 1436 (-2048 1088 32 ) (-2048 1088 0 ) (-1920 1088 0 ) (-1920 1088 32 ) 
4 1436 (-2048 1088 112 ) (-2048 1088 32 ) (-1600 1088 32 ) (-1600 1088 112 ) 
4 1436 (-1608 1464 112 ) (-1608 1472 112 ) (-2048 1472 112 ) (-2048 1464 112 ) 
4 1436 (-1608 1096 112 ) (-1600 1096 112 ) (-1600 1472 112 ) (-1608 1472 112 ) 
4 1436 (-1600 1096 112 ) (-2048 1096 112 ) (-2048 1088 112 ) (-1600 1088 112 ) 
5 1436 (-1600 1472 112 ) (-1600 1088 112 ) (-1600 1088 85.333344 ) (-1600 1344 0 ) (-1600 1472 0 ) 
4 1436 (-1600 1296 16 ) (-1600 1088 85.333336 ) (-1600 1088 0 ) (-1600 1248 0 ) 
4 1436 (-1600 1472 112 ) (-1600 1472 0 ) (-2048 1472 0 ) (-2048 1472 112 ) 
3 1437 (-1616 1056 191 ) (-1600 1056 191 ) (-1600 1056 199 ) 
4 1437 (-1600 1088 625.881104 ) (-2048 1088 428.233978 ) (-2048 1056 428.233917 ) (-1600 1056 625.880981 ) 
4 1437 (-1600 1056 191 ) (-2048 1056 191 ) (-2048 1088 207 ) (-1600 1088 207 ) 
4 1438 (-1920 1056 0 ) (-1920 1056 32 ) (-1920 1088 32 ) (-1920 1088 0 ) 
4 1438 (-1824 1088 32 ) (-1920 1088 32 ) (-1920 1056 32 ) (-1824 1056 32 ) 
4 1438 (-1824 1088 0 ) (-1824 1088 32 ) (-1824 1056 32 ) (-1824 1056 0 ) 
4 1439 (-1630 1042 184 ) (-2048 1042 184 ) (-2048 1056 191 ) (-1616 1056 191 ) 
4 1439 (-1600 1056 625.884094 ) (-2048 1056 428.236816 ) (-2048 1024 428.236816 ) (-1600 1024 625.884094 ) 
5 1439 (-1630 1024 184 ) (-1630 1042 184 ) (-1616 1056 191 ) (-1600 1056 199 ) (-1600 1024 199 ) 
4 1440 (-1630 1056 184 ) (-1742 1056 128 ) (-2048 1056 128 ) (-2048 1056 184 ) 
4 1440 (-2048 1042 184 ) (-1630 1042 184 ) (-1630 1056 184 ) (-2048 1056 184 ) 
4 1440 (-1741.998535 1024 128 ) (-1741.998535 1056 128 ) (-1629.997925 1056 184 ) (-1629.997925 1024 184 ) 
4 1441 (-1824 1056 32 ) (-1728 1056 32 ) (-1728 1056 0 ) (-1824 1056 0 ) 
4 1441 (-1920 1056 32 ) (-1920 1056 0 ) (-2048 1056 0 ) (-2048 1056 32 ) 
4 1441 (-1728 1056 128 ) (-1728 1056 32 ) (-2048 1056 32 ) (-2048 1056 128 ) 
4 1441 (-1742 1024 128 ) (-1728 1024 128 ) (-1728 1056 128 ) (-1742 1056 128 ) 
4 1441 (-1728 1024 0 ) (-1728 1056 0 ) (-1728 1056 128 ) (-1728 1024 128 ) 
3 1442 (-1024 1608 -128 ) (-1024 1600 -128 ) (-1040 1600 -128 ) 
3 1442 (-1024 1608 -16 ) (-1040 1600 -16 ) (-1024 1600 -16 ) 
4 1442 (-1024 1608 -128 ) (-1040.001343 1600 -128 ) (-1040.001343 1600 -16 ) (-1024 1608 -16 ) 
4 1443 (-1024 1152 -128 ) (-1088 1152 -128 ) (-1088 1184 -128 ) (-1024 1184 -128 ) 
4 1443 (-1088 1184 -128 ) (-1088 1600 -128 ) (-1024 1600 -128 ) (-1024 1184 -128 ) 
4 1443 (-1088 1264 -128 ) (-1088 1152 -128 ) (-1088 1152 -16 ) (-1088 1264 -16 ) 
4 1443 (-1088 1152 -16 ) (-1088 1152 0 ) (-1088 1328 0 ) (-1088 1328 -16 ) 
4 1443 (-1088 1600 -128 ) (-1088 1328 -128 ) (-1088 1328 0 ) (-1088 1600 0 ) 
4 1443 (-1040 1600 -16 ) (-1040 1600 -128 ) (-1088 1600 -128 ) (-1088 1600 -16 ) 
4 1443 (-1024 1600 0 ) (-1024 1600 -16 ) (-1088 1600 -16 ) (-1088 1600 0 ) 
4 1444 (-1120 1264 -128 ) (-1120 1328 -128 ) (-1088 1328 -128 ) (-1088 1264 -128 ) 
4 1444 (-1088 1264 -16 ) (-1088 1328 -16 ) (-1120 1328 -16 ) (-1120 1264 -16 ) 
4 1444 (-1088 1328 -16 ) (-1088 1328 -128 ) (-1120 1328 -128 ) (-1120 1328 -16 ) 
4 1444 (-1088 1264 -128 ) (-1088 1264 -16 ) (-1120 1264 -16 ) (-1120 1264 -128 ) 
4 1445 (-1520 1648 -128 ) (-1344 1648 -128 ) (-1344 1424 -128 ) (-1520 1424 -128 ) 
4 1445 (-1344 1648 -128 ) (-1168 1648 -128 ) (-1168 1424 -128 ) (-1344 1424 -128 ) 
4 1445 (-1520 1424 -128 ) (-1392 1424 -128 ) (-1392 1424 0 ) (-1520 1424 0 ) 
4 1445 (-1296 1424 -128 ) (-1168 1424 -128 ) (-1168 1424 0 ) (-1296 1424 0 ) 
4 1445 (-1520 1648 0 ) (-1168 1648 0 ) (-1168 1648 -128 ) (-1520 1648 -128 ) 
4 1445 (-1168 1648 0 ) (-1168 1424 0 ) (-1168 1424 -128 ) (-1168 1648 -128 ) 
4 1445 (-1520 1648 0 ) (-1520 1648 -128 ) (-1520 1424 -128 ) (-1520 1424 0 ) 
4 1446 (-1392 1424 -128 ) (-1344 1424 -128 ) (-1344 1360 -128 ) (-1392 1360 -128 ) 
4 1446 (-1344 1424 -128 ) (-1296 1424 -128 ) (-1296 1360 -128 ) (-1344 1360 -128 ) 
4 1446 (-1296 1360 0 ) (-1296 1360 -128 ) (-1296 1424 -128 ) (-1296 1424 0 ) 
4 1446 (-1392 1360 0 ) (-1296 1360 0 ) (-1296 1424 0 ) (-1392 1424 0 ) 
4 1446 (-1392 1424 0 ) (-1392 1424 -128 ) (-1392 1360 -128 ) (-1392 1360 0 ) 
4 1447 (-1568 1232 0 ) (-1568 1248 0 ) (-1568 1248 -128 ) (-1568 1232 -128 ) 
4 1447 (-1568 1344 0 ) (-1568 1360 0 ) (-1568 1360 -128 ) (-1568 1344 -128 ) 
4 1447 (-1536 1360 -128 ) (-1344 1360 -128 ) (-1344 1232 -128 ) (-1536 1232 -128 ) 
4 1447 (-1344 1360 -128 ) (-1120 1360 -128 ) (-1120 1232 -128 ) (-1344 1232 -128 ) 
4 1447 (-1120 1264 -16 ) (-1120 1232 -16 ) (-1120 1232 -128 ) (-1120 1264 -128 ) 
4 1447 (-1120 1232 -16 ) (-1120 1328 -16 ) (-1120 1328 0 ) (-1120 1232 0 ) 
4 1447 (-1120 1360 0 ) (-1120 1328 0 ) (-1120 1328 -128 ) (-1120 1360 -128 ) 
4 1447 (-1296 1360 0 ) (-1120 1360 0 ) (-1120 1360 -128 ) (-1296 1360 -128 ) 
4 1447 (-1392 1360 0 ) (-1392 1360 -128 ) (-1568 1360 -128 ) (-1568 1360 0 ) 
4 1447 (-1568 1232 0 ) (-1568 1232 -128 ) (-1120 1232 -128 ) (-1120 1232 0 ) 
4 1448 (-1024 1568 -192 ) (-1216 1568 -192 ) (-1216 1568 -224 ) (-1024 1568 -224 ) 
4 1448 (-1024 1632 -384 ) (-1216 1632 -384 ) (-1216 1632 -192 ) (-1024 1632 -192 ) 
4 1448 (-1216 1568 -192 ) (-1024 1568 -192 ) (-1024 1632 -192 ) (-1216 1632 -192 ) 
4 1448 (-1216 1632 -384 ) (-1024 1632 -384 ) (-1024 1568 -384 ) (-1216 1568 -384 ) 
4 1448 (-1216 1632 -192 ) (-1216 1632 -384 ) (-1216 1568 -384 ) (-1216 1568 -192 ) 
4 1449 (-1344 1568 -384 ) (-1344 1536 -384 ) (-1344 1536 -224 ) (-1344 1568 -224 ) 
4 1449 (-1344 1536 -384 ) (-1344 1568 -384 ) (-1024 1568 -384 ) (-1024 1536 -384 ) 
4 1449 (-1216 1568 -224 ) (-1216 1568 -384 ) (-1344 1568 -384 ) (-1344 1568 -224 ) 
4 1449 (-1024 1568 -224 ) (-1344 1568 -224 ) (-1344 1536 -224 ) (-1024 1536 -224 ) 
4 1450 (-1344 1536 -384 ) (-1344 1440 -384 ) (-1344 1440 -192 ) (-1344 1536 -192 ) 
4 1450 (-1152 1440 -192 ) (-1184 1440 -192 ) (-1184 1440 -384 ) (-1152 1440 -384 ) 
4 1450 (-1024 1536 -224 ) (-1344 1536 -224 ) (-1344 1536 -192 ) (-1024 1536 -192 ) 
4 1450 (-1024 1440 -192 ) (-1024 1536 -192 ) (-1344 1536 -192 ) (-1344 1440 -192 ) 
4 1450 (-1344 1440 -384 ) (-1344 1536 -384 ) (-1024 1536 -384 ) (-1024 1440 -384 ) 
4 1451 (-1152 1440 -192 ) (-1152 1440 -224 ) (-1152 1408 -224 ) (-1152 1408 -192 ) 
4 1451 (-1152 1408 -192 ) (-1024 1408 -192 ) (-1024 1440 -192 ) (-1152 1440 -192 ) 
4 1451 (-1152 1408 -192 ) (-1152 1408 -224 ) (-1024 1408 -224 ) (-1024 1408 -192 ) 
4 1452 (-1152 1440 -224 ) (-1152 1440 -384 ) (-1152 1376 -384 ) (-1152 1376 -224 ) 
4 1452 (-1024 1408 -224 ) (-1152 1408 -224 ) (-1152 1376 -224 ) (-1024 1376 -224 ) 
4 1452 (-1152 1440 -384 ) (-1024 1440 -384 ) (-1024 1376 -384 ) (-1152 1376 -384 ) 
4 1453 (-1152 1376 -384 ) (-1152 1344 -384 ) (-1152 1344 -192 ) (-1152 1376 -192 ) 
4 1453 (-1024 1376 -192 ) (-1024 1376 -224 ) (-1152 1376 -224 ) (-1152 1376 -192 ) 
4 1453 (-1152 1376 -192 ) (-1152 1344 -192 ) (-1024 1344 -192 ) (-1024 1376 -192 ) 
4 1453 (-1024 1376 -384 ) (-1024 1344 -384 ) (-1152 1344 -384 ) (-1152 1376 -384 ) 
4 1454 (-1344 1440 -384 ) (-1344 1408 -384 ) (-1344 1408 -192 ) (-1344 1440 -192 ) 
4 1454 (-1184 1408 -224 ) (-1184 1408 -192 ) (-1344 1408 -192 ) (-1344 1408 -224 ) 
4 1454 (-1184 1408 -192 ) (-1184 1408 -384 ) (-1184 1440 -384 ) (-1184 1440 -192 ) 
4 1454 (-1184 1408 -192 ) (-1184 1440 -192 ) (-1344 1440 -192 ) (-1344 1408 -192 ) 
4 1454 (-1344 1408 -384 ) (-1344 1440 -384 ) (-1184 1440 -384 ) (-1184 1408 -384 ) 
4 1455 (-1344 1408 -384 ) (-1344 1376 -384 ) (-1344 1376 -224 ) (-1344 1408 -224 ) 
4 1455 (-1344 1376 -224 ) (-1344 1376 -384 ) (-1184 1376 -384 ) (-1184 1376 -224 ) 
4 1455 (-1344 1376 -384 ) (-1344 1408 -384 ) (-1184 1408 -384 ) (-1184 1376 -384 ) 
4 1455 (-1184 1408 -224 ) (-1184 1376 -224 ) (-1184 1376 -384 ) (-1184 1408 -384 ) 
4 1455 (-1344 1376 -224 ) (-1184 1376 -224 ) (-1184 1408 -224 ) (-1344 1408 -224 ) 
4 1456 (-1280 1344 -192 ) (-1280 1344 -224 ) (-1280 1216 -224 ) (-1280 1216 -192 ) 
4 1456 (-1152 1344 -224 ) (-1280 1344 -224 ) (-1280 1344 -192 ) (-1152 1344 -192 ) 
4 1456 (-1024 1216 -192 ) (-1024 1344 -192 ) (-1280 1344 -192 ) (-1280 1216 -192 ) 
4 1456 (-1280 1216 -192 ) (-1280 1216 -224 ) (-1024 1216 -224 ) (-1024 1216 -192 ) 
3 1457 (-1120 1208 -384 ) (-1118 1208 -382 ) (-1120 1208 -382 ) 
4 1457 (-1120 1208 -382 ) (-1024 1208 -382 ) (-1024 1208 -290 ) (-1120 1208 -290 ) 
3 1457 (-1120 1208 -290 ) (-1118 1208 -290 ) (-1120 1208 -288 ) 
4 1457 (-1024 1216 -224 ) (-1280 1216 -224 ) (-1280 1208 -224 ) (-1024 1208 -224 ) 
4 1457 (-1280 1208 -384 ) (-1280 1344 -384 ) (-1024 1344 -384 ) (-1024 1208 -384 ) 
4 1457 (-1152 1344 -224 ) (-1152 1344 -384 ) (-1280 1344 -384 ) (-1280 1344 -224 ) 
4 1457 (-1280 1344 -224 ) (-1280 1344 -384 ) (-1280 1208 -384 ) (-1280 1208 -224 ) 
4 1458 (-1024 1184 -290 ) (-1024 1184 -272 ) (-1120 1184 -272 ) (-1120 1184 -290 ) 
4 1458 (-1024 1184 -272 ) (-1024 1184 -224 ) (-1120 1184 -224 ) (-1120 1184 -272 ) 
4 1458 (-1118 1186 -290 ) (-1096 1208 -290 ) (-1024 1208 -290 ) (-1024 1186 -290 ) 
3 1458 (-1118 1186 -290 ) (-1120 1184 -290 ) (-1120 1184 -288 ) 
4 1458 (-1024 1208 -224 ) (-1096 1208 -224 ) (-1120 1184 -224 ) (-1024 1184 -224 ) 
3 1459 (-1118 1208 -290 ) (-1096 1208 -290 ) (-1118 1186 -290 ) 
3 1459 (-1096 1208 -224 ) (-1120 1208 -224 ) (-1120 1184 -224 ) 
5 1459 (-1118.002319 1208 -290 ) (-1118.002319 1185.989868 -290 ) (-1119.992432 1184 -288.007782 ) (-1120 1184 -288 ) (-1120 1208 -288 ) 
4 1460 (-1280 1184 -272 ) (-1280 1184 -290 ) (-1232 1184 -290 ) (-1232 1184 -272 ) 
4 1460 (-1168 1184 -290 ) (-1120 1184 -290 ) (-1120 1184 -272 ) (-1168 1184 -272 ) 
4 1460 (-1120 1184 -224 ) (-1280 1184 -224 ) (-1280 1184 -272 ) (-1120 1184 -272 ) 
4 1460 (-1120 1208 -288 ) (-1120 1184 -288 ) (-1120 1184 -290 ) (-1120 1208 -290 ) 
4 1460 (-1120 1208 -224 ) (-1280 1208 -224 ) (-1280 1184 -224 ) (-1120 1184 -224 ) 
4 1460 (-1280 1184 -290 ) (-1280 1184 -224 ) (-1280 1208 -224 ) (-1280 1208 -290 ) 
4 1461 (-1280 1186 -382 ) (-1280 1186 -290 ) (-1280 1208 -290 ) (-1280 1208 -382 ) 
4 1461 (-1120 1208 -290 ) (-1120 1186 -290 ) (-1120 1186 -382 ) (-1120 1208 -382 ) 
4 1462 (-1024 1208 -382 ) (-1118 1208 -382 ) (-1118 1186 -382 ) (-1024 1186 -382 ) 
4 1462 (-1120 1208 -384 ) (-1024 1208 -384 ) (-1024 1186 -384 ) (-1120 1186 -384 ) 
4 1462 (-1120 1208 -384 ) (-1120 1186 -384 ) (-1118 1186 -382 ) (-1118 1208 -382 ) 
4 1463 (-1120 1208 -384 ) (-1120 1208 -382 ) (-1120 1186 -382 ) (-1120 1186 -384 ) 
4 1463 (-1280 1208 -384 ) (-1280 1186 -384 ) (-1280 1186 -382 ) (-1280 1208 -382 ) 
4 1463 (-1280 1186 -384 ) (-1280 1208 -384 ) (-1120 1208 -384 ) (-1120 1186 -384 ) 
4 1464 (-1120 1184 -384 ) (-1024 1184 -384 ) (-1024 1184 -290 ) (-1120 1184 -290 ) 
4 1464 (-1117.998779 1186 -290 ) (-1117.998779 1186 -381.998749 ) (-1120 1184 -384 ) (-1120 1184 -290 ) 
4 1464 (-1024 1186 -382 ) (-1118 1186 -382 ) (-1118 1186 -290 ) (-1024 1186 -290 ) 
4 1464 (-1024 1184 -384 ) (-1120 1184 -384 ) (-1118 1186 -384 ) (-1024 1186 -384 ) 
3 1465 (-1120 1184 -384 ) (-1120 1186 -384 ) (-1118 1186 -384 ) 
3 1465 (-1119.997437 1184 -384 ) (-1117.997437 1186 -382 ) (-1119.997437 1186 -384 ) 
4 1466 (-1280 1184 -384 ) (-1232 1184 -384 ) (-1232 1184 -290 ) (-1280 1184 -290 ) 
4 1466 (-1168 1184 -384 ) (-1120 1184 -384 ) (-1120 1184 -290 ) (-1168 1184 -290 ) 
4 1466 (-1120 1184 -290 ) (-1120 1184 -384 ) (-1120 1186 -384 ) (-1120 1186 -290 ) 
4 1466 (-1120 1184 -384 ) (-1280 1184 -384 ) (-1280 1186 -384 ) (-1120 1186 -384 ) 
4 1466 (-1280 1186 -384 ) (-1280 1184 -384 ) (-1280 1184 -290 ) (-1280 1186 -290 ) 
4 1467 (-1568 1232 -128 ) (-1568 1248 -128 ) (-1568 1248 -144 ) (-1568 1232 -144 ) 
4 1467 (-1568 1344 -128 ) (-1568 1360 -128 ) (-1568 1360 -144 ) (-1568 1344 -144 ) 
4 1467 (-1568 1360 -128 ) (-1536 1360 -128 ) (-1536 1360 -144 ) (-1568 1360 -144 ) 
4 1467 (-1536 1232 -128 ) (-1568 1232 -128 ) (-1568 1232 -144 ) (-1536 1232 -144 ) 
4 1467 (-1536 1232 -144 ) (-1568 1232 -144 ) (-1568 1360 -144 ) (-1536 1360 -144 ) 
4 1467 (-1536 1232 -128 ) (-1536 1232 -144 ) (-1536 1360 -144 ) (-1536 1360 -128 ) 
4 1468 (-1168 1184 -272 ) (-1168 1152 -272 ) (-1168 1152 -384 ) (-1168 1184 -384 ) 
4 1468 (-1168 1184 -272 ) (-1232 1184 -272 ) (-1232 1152 -272 ) (-1168 1152 -272 ) 
4 1468 (-1168 1152 -384 ) (-1232 1152 -384 ) (-1232 1184 -384 ) (-1168 1184 -384 ) 
4 1468 (-1232 1184 -384 ) (-1232 1152 -384 ) (-1232 1152 -272 ) (-1232 1184 -272 ) 
4 1469 (-1600 1248 0 ) (-1600 1248 -160 ) (-1568 1248 -160 ) (-1568 1248 0 ) 
4 1469 (-1568 1344 -160 ) (-1568 1344 -144 ) (-1568 1248 -144 ) (-1568 1248 -160 ) 
4 1469 (-1568 1344 0 ) (-1568 1344 -160 ) (-1600 1344 -160 ) (-1600 1344 0 ) 
4 1469 (-1568 1248 -160 ) (-1600 1248 -160 ) (-1600 1344 -160 ) (-1568 1344 -160 ) 
4 1470 (-1184 1152 -208 ) (-1216 1152 -224 ) (-1216 1024 -224 ) (-1184 1024 -208 ) 
4 1470 (-1216 1152 -224 ) (-1248 1152 -240 ) (-1248 1024 -240 ) (-1216 1024 -224 ) 
4 1470 (-1248 1152 -240 ) (-1312 1152 -272 ) (-1312 1024 -272 ) (-1248 1024 -240 ) 
4 1470 (-1184.001099 1152 -208 ) (-1184.001099 1024 -208 ) (-1120 1024 -240 ) (-1120 1152 -240 ) 
4 1470 (-1312 1024 -272 ) (-1312 1152 -272 ) (-1312 1152 -384 ) (-1312 1024 -384 ) 
4 1470 (-1120 1152 -240 ) (-1120 1152 -272 ) (-1312 1152 -272 ) (-1184 1152 -208 ) 
4 1470 (-1120 1152 -384 ) (-1168 1152 -384 ) (-1168 1152 -272 ) (-1120 1152 -272 ) 
4 1470 (-1232 1152 -384 ) (-1312 1152 -384 ) (-1312 1152 -272 ) (-1232 1152 -272 ) 
4 1470 (-1120 1024 -384 ) (-1312 1024 -384 ) (-1312 1152 -384 ) (-1120 1152 -384 ) 
4 1470 (-1120 1152 -239.996124 ) (-1120 1024 -239.996124 ) (-1120 1024 -384 ) (-1120 1152 -384 ) 
4 1471 (-1120 1152 -128 ) (-1024.003906 1152 -128 ) (-1024.003906 1024 -128 ) (-1120 1024 -128 ) 
4 1471 (-1088 1152 -16 ) (-1120 1152 -16 ) (-1120 1152 0 ) (-1088 1152 0 ) 
4 1471 (-1088 1152 -16 ) (-1088 1152 -128 ) (-1120 1152 -128 ) (-1120 1152 -16 ) 
4 1471 (-1120 1152 -128 ) (-1440 1152 -128 ) (-1440 1152 0 ) (-1120 1152 0 ) 
4 1471 (-1440 1152 0 ) (-1440 1152 -128 ) (-1440 1024 -128 ) (-1440 1024 0 ) 
4 1472 (-1120 1152 -144 ) (-1120 1152 -128 ) (-1120 1024 -128 ) (-1120 1024 -144 ) 
4 1472 (-1120 1152 -144 ) (-1152 1152 -144 ) (-1152 1152 -128 ) (-1120 1152 -128 ) 
4 1472 (-1152 1024 -144 ) (-1152 1152 -144 ) (-1120 1152 -144 ) (-1120 1024 -144 ) 
4 1473 (-1152 1152 -160 ) (-1184 1152 -160 ) (-1184 1152 -128 ) (-1152 1152 -128 ) 
4 1473 (-1152 1152 -160 ) (-1152 1152 -144 ) (-1152 1024 -144 ) (-1152 1024 -160 ) 
4 1473 (-1184 1024 -160 ) (-1184 1152 -160 ) (-1152 1152 -160 ) (-1152 1024 -160 ) 
4 1474 (-1216 1152 -176 ) (-1184 1152 -176 ) (-1184 1024 -176 ) (-1216 1024 -176 ) 
4 1474 (-1184 1152 -176 ) (-1312 1152 -176 ) (-1312 1152 -128 ) (-1184 1152 -128 ) 
4 1474 (-1184 1152 -176 ) (-1184 1152 -160 ) (-1184 1024 -160 ) (-1184 1024 -176 ) 
4 1475 (-1248 1152 -192 ) (-1216 1152 -192 ) (-1216 1024 -192 ) (-1248 1024 -192 ) 
4 1475 (-1280 1152 -192 ) (-1280 1152 -176 ) (-1216 1152 -176 ) (-1216 1152 -192 ) 
4 1475 (-1216 1152 -192 ) (-1216 1152 -176 ) (-1216 1024 -176 ) (-1216 1024 -192 ) 
4 1476 (-1280 1024 -208 ) (-1280 1152 -208 ) (-1248 1152 -208 ) (-1248 1024 -208 ) 
4 1476 (-1248 1152 -208 ) (-1280 1152 -208 ) (-1280 1152 -192 ) (-1248 1152 -192 ) 
4 1476 (-1248 1152 -192 ) (-1248 1024 -192 ) (-1248 1024 -208 ) (-1248 1152 -208 ) 
4 1477 (-1280 1152 -208 ) (-1280 1024 -208 ) (-1280 1024 -224 ) (-1280 1152 -224 ) 
4 1477 (-1280 1152 -176 ) (-1280 1152 -224 ) (-1312 1152 -224 ) (-1312 1152 -176 ) 
4 1477 (-1312 1024 -224 ) (-1312 1152 -224 ) (-1280 1152 -224 ) (-1280 1024 -224 ) 
4 1478 (-1312 1152 -224 ) (-1312 1024 -224 ) (-1312 1024 -240 ) (-1312 1152 -240 ) 
4 1478 (-1440 1024 -240 ) (-1440 1152 -240 ) (-1312 1152 -240 ) (-1312 1024 -240 ) 
4 1478 (-1440 1024 -240 ) (-1440 1024 -128 ) (-1440 1152 -128 ) (-1440 1152 -240 ) 
4 1478 (-1312 1152 -240 ) (-1440 1152 -240 ) (-1440 1152 -128 ) (-1312 1152 -128 ) 
4 1479 (-1900 1496 -150 ) (-1900 1472 -150 ) (-1900 1472 -64 ) (-1900 1496 -64 ) 
4 1479 (-1796 1496 -64 ) (-1796 1472 -64 ) (-1796 1472 -150 ) (-1796 1496 -150 ) 
4 1479 (-1796 1472 -150 ) (-1900 1472 -150 ) (-1900 1496 -150 ) (-1796 1496 -150 ) 
4 1479 (-1900 1496 -64 ) (-1900 1472 -64 ) (-1796 1472 -64 ) (-1796 1496 -64 ) 
4 1479 (-1796 1496 -64 ) (-1796 1496 -150 ) (-1900 1496 -150 ) (-1900 1496 -64 ) 
4 1480 (-1920 1088 0 ) (-2048 1088 0 ) (-2048 1088 -24 ) (-1920 1088 -24 ) 
4 1480 (-1600 1088 -24 ) (-1600 1088 0 ) (-1824 1088 0 ) (-1824 1088 -24 ) 
4 1480 (-1776 1432 -24 ) (-1920 1432 -24 ) (-1920 1440 -24 ) (-1776 1440 -24 ) 
4 1480 (-1920 1472 -24 ) (-1912 1472 -24 ) (-1912 1440 -24 ) (-1920 1440 -24 ) 
4 1480 (-1912 1472 -24 ) (-1900 1472 -24 ) (-1900 1440 -24 ) (-1912 1440 -24 ) 
4 1480 (-1900 1472 -24 ) (-1796 1472 -24 ) (-1796 1440 -24 ) (-1900 1440 -24 ) 
4 1480 (-1784 1472 -24 ) (-1776 1472 -24 ) (-1776 1440 -24 ) (-1784 1440 -24 ) 
4 1480 (-1796 1472 -24 ) (-1784 1472 -24 ) (-1784 1440 -24 ) (-1796 1440 -24 ) 
4 1480 (-1600 1472 -24 ) (-1600 1472 0 ) (-1600 1344 0 ) (-1600 1344 -24 ) 
4 1480 (-1600 1248 -24 ) (-1600 1248 0 ) (-1600 1152 0 ) (-1600 1152 -24 ) 
4 1480 (-1600 1088 -24 ) (-1600 1152 -24 ) (-1600 1152 0 ) (-1600 1088 0 ) 
4 1480 (-1796 1472 -24 ) (-1796 1472 0 ) (-1600 1472 0 ) (-1600 1472 -24 ) 
4 1480 (-1796 1472 -24 ) (-2048 1472 -24 ) (-2048 1472 0 ) (-1796 1472 0 ) 
4 1481 (-1600 1088 -40 ) (-1600 1088 -24 ) (-1602 1088 -24 ) (-1602 1088 -40 ) 
4 1481 (-1602 1148 -40 ) (-1602 1196 -40 ) (-1600 1196 -40 ) (-1600 1148 -40 ) 
4 1481 (-1600 1472 -40 ) (-1600 1472 -24 ) (-1600 1344 -24 ) (-1600 1344 -40 ) 
4 1481 (-1600 1248 -40 ) (-1600 1248 -24 ) (-1600 1152 -24 ) (-1600 1152 -40 ) 
4 1481 (-1600 1088 -24 ) (-1600 1088 -40 ) (-1600 1152 -40 ) (-1600 1152 -24 ) 
4 1481 (-1602 1472 -40 ) (-1602 1472 -24 ) (-1600 1472 -24 ) (-1600 1472 -40 ) 
4 1482 (-1602 1472 -112 ) (-1602 1472 -40 ) (-1600 1472 -40 ) (-1600 1472 -112 ) 
4 1482 (-1600 1196 -112 ) (-1600 1248 -112 ) (-1600 1248 -40 ) (-1600 1196 -40 ) 
4 1482 (-1600 1472 -112 ) (-1600 1472 -40 ) (-1600 1344 -40 ) (-1600 1344 -112 ) 
4 1482 (-1602 1196 -112 ) (-1600 1196 -112 ) (-1600 1196 -40 ) (-1602 1196 -40 ) 
4 1483 (-1600 1196 -112 ) (-1602 1196 -112 ) (-1602 1148 -112 ) (-1600 1148 -112 ) 
4 1483 (-1600 1472 -160 ) (-1600 1472 -112 ) (-1600 1344 -112 ) (-1600 1344 -160 ) 
4 1483 (-1600 1248 -160 ) (-1600 1248 -112 ) (-1600 1152 -112 ) (-1600 1152 -160 ) 
4 1483 (-1600 1148 -112 ) (-1600 1148 -128 ) (-1600 1152 -128 ) (-1600 1152 -112 ) 
4 1483 (-1600 1148 -160 ) (-1600 1152 -160 ) (-1600 1152 -128 ) (-1600 1148 -128 ) 
4 1483 (-1602 1148 -160 ) (-1602 1472 -160 ) (-1600 1472 -160 ) (-1600 1148 -160 ) 
4 1483 (-1602 1472 -150 ) (-1600 1472 -150 ) (-1600 1472 -160 ) (-1602 1472 -160 ) 
4 1483 (-1602 1472 -150 ) (-1602 1472 -112 ) (-1600 1472 -112 ) (-1600 1472 -150 ) 
4 1484 (-1600 1088 -160 ) (-1600 1088 -40 ) (-1602 1088 -40 ) (-1602 1088 -160 ) 
4 1484 (-1600 1148 -112 ) (-1602 1148 -112 ) (-1602 1148 -40 ) (-1600 1148 -40 ) 
4 1484 (-1600 1088 -160 ) (-1602 1088 -160 ) (-1602 1148 -160 ) (-1600 1148 -160 ) 
4 1484 (-1600 1088 -160 ) (-1600 1148 -160 ) (-1600 1148 -128 ) (-1600 1088 -128 ) 
4 1484 (-1600 1148 -40 ) (-1600 1088 -40 ) (-1600 1088 -128 ) (-1600 1148 -128 ) 
4 1485 (-1776 1472 -152 ) (-1760 1472 -152 ) (-1760 1440 -152 ) (-1776 1440 -152 ) 
4 1485 (-1776 1440 -32 ) (-1776 1440 -24 ) (-1776 1472 -24 ) (-1776 1472 -32 ) 
4 1485 (-1776 1472 -152 ) (-1776 1472 -150 ) (-1602 1472 -150 ) (-1602 1472 -152 ) 
4 1485 (-1602 1472 -150 ) (-1776 1472 -150 ) (-1776 1472 -24 ) (-1602 1472 -24 ) 
4 1486 (-1784 1472 -152 ) (-1776 1472 -152 ) (-1776 1440 -152 ) (-1784 1440 -152 ) 
4 1486 (-1784 1472 -152 ) (-1784 1440 -152 ) (-1784 1440 -48 ) (-1784 1472 -48 ) 
4 1486 (-1776 1472 -32 ) (-1776 1472 -150 ) (-1784 1472 -150 ) (-1784 1472 -48 ) 
4 1486 (-1776 1472 -152 ) (-1784 1472 -152 ) (-1784 1472 -150 ) (-1776 1472 -150 ) 
4 1486 (-1784 1472 -48 ) (-1784 1440 -48 ) (-1776 1440 -31.998835 ) (-1776 1472 -31.998835 ) 
4 1487 (-1900 1448 -64 ) (-1900 1472 -64 ) (-1900 1472 -150 ) (-1900 1448 -150 ) 
4 1487 (-1900 1448 -150 ) (-1796 1448 -150 ) (-1796 1448 -144 ) (-1900 1448 -144 ) 
4 1487 (-1796 1448 -64 ) (-1796 1472 -64 ) (-1900 1472 -64 ) (-1900 1448 -64 ) 
4 1487 (-1796 1448 -150 ) (-1796 1472 -150 ) (-1796 1472 -64 ) (-1796 1448 -64 ) 
4 1487 (-1900 1448 -150 ) (-1900 1472 -150 ) (-1796 1472 -150 ) (-1796 1448 -150 ) 
4 1488 (-1900 1440 -144 ) (-1900 1440 -64 ) (-1900 1448 -64 ) (-1900 1448 -144 ) 
4 1488 (-1796 1448 -144 ) (-1796 1448 -64 ) (-1796 1440 -64 ) (-1796 1440 -144 ) 
4 1488 (-1796 1440 -64 ) (-1796 1448 -64 ) (-1900 1448 -64 ) (-1900 1440 -64 ) 
4 1488 (-1900 1440 -144 ) (-1900 1448 -144 ) (-1796 1448 -144 ) (-1796 1440 -144 ) 
4 1489 (-1920 1472 -152 ) (-1912 1472 -152 ) (-1912 1440 -152 ) (-1920 1440 -152 ) 
4 1489 (-1912 1472 -48 ) (-1912 1440 -48 ) (-1912 1440 -152 ) (-1912 1472 -152 ) 
4 1489 (-1912 1472 -152 ) (-1920 1472 -152 ) (-1920 1472 -150 ) (-1912 1472 -150 ) 
4 1489 (-1920 1472 -32 ) (-1912 1472 -48 ) (-1912 1472 -64 ) (-1920 1472 -64 ) 
4 1489 (-1920 1472 -64 ) (-1912 1472 -64 ) (-1912 1472 -150 ) (-1920 1472 -150 ) 
4 1489 (-1920 1440 -32 ) (-1912 1440 -47.997787 ) (-1912 1472 -47.997787 ) (-1920 1472 -32 ) 
4 1490 (-1760 1432 -152 ) (-1920 1432 -152 ) (-1920 1440 -152 ) (-1760 1440 -152 ) 
4 1490 (-1784.001587 1440 -48.003159 ) (-1911.998535 1440 -48.003159 ) (-1919.998535 1432 -32.003159 ) (-1776.001587 1432 -32.003155 ) 
4 1490 (-1796 1440 -48 ) (-1784 1440 -48 ) (-1784 1440 -152 ) (-1796 1440 -152 ) 
4 1490 (-1900 1440 -150 ) (-1796 1440 -150 ) (-1796 1440 -152 ) (-1900 1440 -152 ) 
4 1490 (-1900 1440 -64 ) (-1900 1440 -48 ) (-1796 1440 -48 ) (-1796 1440 -64 ) 
4 1490 (-1900 1440 -150 ) (-1900 1440 -144 ) (-1796 1440 -144 ) (-1796 1440 -150 ) 
4 1490 (-1912 1440 -48 ) (-1900 1440 -48 ) (-1900 1440 -152 ) (-1912 1440 -152 ) 
4 1491 (-1776 1440 -24 ) (-1776 1440 -32 ) (-1776 1432 -32 ) (-1776 1432 -24 ) 
3 1492 (-1920 1432 -32 ) (-1912 1440 -48 ) (-1920 1440 -32 ) 
3 1493 (-1784 1440 -48 ) (-1776 1432 -32 ) (-1776 1440 -32 ) 
4 1494 (-1936 1472 -152 ) (-1920 1472 -152 ) (-1920 1432 -152 ) (-1936 1432 -152 ) 
4 1494 (-1920 1440 -32 ) (-1920 1440 -24 ) (-1920 1432 -24 ) (-1920 1432 -32 ) 
4 1494 (-1920 1472 -32 ) (-1920 1472 -24 ) (-1920 1440 -24 ) (-1920 1440 -32 ) 
4 1494 (-1920 1472 -152 ) (-2048 1472 -152 ) (-2048 1472 -150 ) (-1920 1472 -150 ) 
4 1494 (-1920 1472 -24 ) (-1920 1472 -64 ) (-2048 1472 -64 ) (-2048 1472 -24 ) 
4 1494 (-1920 1472 -64 ) (-1920 1472 -150 ) (-2048 1472 -150 ) (-2048 1472 -64 ) 
4 1495 (-1920 1088 -24 ) (-2048 1088 -24 ) (-2048 1088 -144 ) (-1920 1088 -144 ) 
4 1495 (-2048 1088 -144 ) (-2048 1088 -152 ) (-1824 1088 -152 ) (-1824 1088 -144 ) 
4 1495 (-1602 1088 -24 ) (-1824 1088 -24 ) (-1824 1088 -152 ) (-1602 1088 -152 ) 
4 1495 (-1760 1408 -152 ) (-1936 1408 -152 ) (-1936 1432 -152 ) (-1760 1432 -152 ) 
4 1495 (-1776 1432 -32 ) (-1920 1432 -32 ) (-1920 1432 -24 ) (-1776 1432 -24 ) 
4 1495 (-1602 1196 -40 ) (-1602 1148 -40 ) (-1602 1148 -112 ) (-1602 1196 -112 ) 
4 1496 (-1760 1472 -152 ) (-1602 1472 -152 ) (-1602 1472 -160 ) (-1760 1472 -160 ) 
4 1496 (-1760 1472 -160 ) (-1602 1472 -160 ) (-1602 1408 -160 ) (-1760 1408 -160 ) 
4 1496 (-1760 1408 -160 ) (-1760 1408 -152 ) (-1760 1472 -152 ) (-1760 1472 -160 ) 
4 1497 (-1936 1088 -160 ) (-1824 1088 -160 ) (-1824 1088 -152 ) (-1936 1088 -152 ) 
4 1497 (-1824 1088 -160 ) (-1602 1088 -160 ) (-1602 1088 -152 ) (-1824 1088 -152 ) 
4 1497 (-1760 1408 -152 ) (-1760 1408 -160 ) (-1936 1408 -160 ) (-1936 1408 -152 ) 
4 1497 (-1602 1088 -160 ) (-1936 1088 -160 ) (-1936 1408 -160 ) (-1602 1408 -160 ) 
4 1498 (-2048 1088 -152 ) (-2048 1088 -160 ) (-1936 1088 -160 ) (-1936 1088 -152 ) 
4 1498 (-1936 1408 -160 ) (-1936 1472 -160 ) (-1936 1472 -152 ) (-1936 1408 -152 ) 
4 1498 (-2048 1472 -152 ) (-1936 1472 -152 ) (-1936 1472 -160 ) (-2048 1472 -160 ) 
4 1498 (-1936 1088 -160 ) (-2048 1088 -160 ) (-2048 1472 -160 ) (-1936 1472 -160 ) 
4 1499 (-1920 1080 -128 ) (-1920 1080 -144 ) (-1824 1080 -144 ) (-1824 1080 -128 ) 
4 1499 (-1920 1088 0 ) (-1920 1088 -144 ) (-1920 1080 -144 ) (-1920 1080 0 ) 
4 1499 (-1824 1080 0 ) (-1824 1080 -144 ) (-1824 1088 -144 ) (-1824 1088 0 ) 
4 1499 (-1920 1088 -144 ) (-1824 1088 -144 ) (-1824 1080 -144 ) (-1920 1080 -144 ) 
4 1500 (-1824 1080 -128 ) (-1824 1080 0 ) (-1824 1056 0 ) (-1824 1056 -128 ) 
4 1500 (-1920 1056 -128 ) (-1920 1056 0 ) (-1920 1080 0 ) (-1920 1080 -128 ) 
4 1500 (-1920 1056 -128 ) (-1920 1080 -128 ) (-1824 1080 -128 ) (-1824 1056 -128 ) 
4 1501 (-1728 1024 0 ) (-1728 1024 -512 ) (-1728 1056 -512 ) (-1728 1056 0 ) 
4 1501 (-1920 1056 -144 ) (-1920 1056 -128 ) (-1824 1056 -128 ) (-1824 1056 -144 ) 
4 1501 (-1920 1056 -144 ) (-2048 1056 -144 ) (-2048 1056 0 ) (-1920 1056 0 ) 
4 1501 (-2048 1056 -512 ) (-2048 1056 -144 ) (-1824 1056 -144 ) (-1824 1056 -512 ) 
4 1501 (-1824 1056 -512 ) (-1824 1056 0 ) (-1728 1056 0 ) (-1728 1056 -512 ) 
4 1501 (-2048 1056 -512 ) (-1728 1056 -512 ) (-1728 1024 -512 ) (-2048 1024 -512 ) 
4 1502 (-1424 928 296 ) (-1424 848 296 ) (-1408 848 288 ) (-1408 928 288 ) 
4 1502 (-1408 848 288 ) (-1152.001587 848 160 ) (-1152.001587 928 160 ) (-1408 928 288 ) 
4 1502 (-1152.001587 848 160 ) (-1104 848 136 ) (-1104 928 136 ) (-1152.001587 928 160 ) 
4 1502 (-1200 928 184 ) (-1104 928 136 ) (-1104 960 136 ) (-1200 960 184 ) 
4 1502 (-1424 960 296 ) (-1424 928 296 ) (-1200 928 184 ) (-1200 960 184 ) 
4 1502 (-1104 1024 136 ) (-1424 1024 296 ) (-1424 960 296 ) (-1104 960 136 ) 
4 1502 (-1424 848 272 ) (-1424 848 296.011688 ) (-1424 1024 296.011688 ) (-1424 1024 272 ) 
5 1502 (-1424 848 296.007812 ) (-1424 848 280 ) (-1120 848 128 ) (-1104 848 128 ) (-1104 848 136 ) 
4 1502 (-1104 1024 136 ) (-1104 848 136 ) (-1104 848 128 ) (-1104 1024 128 ) 
4 1503 (-1120 816 128 ) (-1424 816 128 ) (-1424 848 128 ) (-1120 848 128 ) 
4 1503 (-1424 848 128 ) (-1424 816 128 ) (-1424 816 272 ) (-1424 848 272 ) 
4 1503 (-1424 816 272 ) (-1424 816 280 ) (-1424 848 280 ) (-1424 848 272 ) 
4 1503 (-1120.006714 848 128 ) (-1424 848 279.996674 ) (-1424 816 279.998810 ) (-1120 816 128 ) 
4 1504 (-1424 816 296 ) (-1424 544 296 ) (-1408 544 288 ) (-1408 816 288 ) 
4 1504 (-1216 664 192 ) (-1184.001587 664 176 ) (-1184.001587 808 176 ) (-1216 808 192 ) 
4 1504 (-1248 664 208 ) (-1216 664 192 ) (-1216 808 192 ) (-1248 808 208 ) 
4 1504 (-1184.001587 664 176 ) (-1152.001587 664 160 ) (-1152.001587 808 160 ) (-1184.001587 808 176 ) 
4 1504 (-1312.001587 664 240 ) (-1248 664 208 ) (-1248 808 208 ) (-1312.001587 808 240 ) 
4 1504 (-1376 664 272 ) (-1344.001587 664 256 ) (-1344.001587 808 256 ) (-1376 808 272 ) 
4 1504 (-1408 808 288 ) (-1408 664 288 ) (-1376 664 272 ) (-1376 808 272 ) 
4 1504 (-1344.001587 664 256 ) (-1312.001587 664 240 ) (-1312.001587 808 240 ) (-1344.001587 808 256 ) 
4 1504 (-1152.001587 816 160 ) (-1408 816 288 ) (-1408 808 288 ) (-1152.001587 808 160 ) 
4 1504 (-1104 664 136 ) (-1104 816 136 ) (-1152.001587 816 160 ) (-1152.001587 664 160 ) 
4 1504 (-1408 544 288 ) (-1104 544 136 ) (-1104 664 136 ) (-1408 664 288 ) 
4 1504 (-1424 544 296 ) (-1424 528 296 ) (-1104 528 136 ) (-1104 544 136 ) 
4 1504 (-1424 528 272 ) (-1424 528 296.011719 ) (-1424 816 296.011688 ) (-1424 816 272 ) 
5 1504 (-1424 528 296.007812 ) (-1424 528 280 ) (-1120 528 128 ) (-1104 528 128 ) (-1104 528 136.008743 ) 
5 1504 (-1104 816 136 ) (-1104 816 128 ) (-1120 816 128 ) (-1424 816 280 ) (-1424 816 296.007812 ) 
4 1504 (-1104 816 136 ) (-1104 528 136 ) (-1104 528 128 ) (-1104 816 128 ) 
4 1505 (-1120 512 128 ) (-1424 512 128 ) (-1424 528 128 ) (-1120 528 128 ) 
4 1505 (-1424 512 128 ) (-1120 512 128 ) (-1136 512 136 ) (-1424 512 136 ) 
3 1505 (-1136 512 136 ) (-1424 512 280 ) (-1424 512 136 ) 
4 1505 (-1424 528 128 ) (-1424 512 128 ) (-1424 512 280 ) (-1424 528 280 ) 
4 1505 (-1119.996704 528 128 ) (-1424 528 280.001282 ) (-1424 512 280.001282 ) (-1119.997437 512 128 ) 
4 1506 (-1488 960 320 ) (-1488 1024 320 ) (-1472 1024 320 ) (-1472 960 320 ) 
3 1506 (-1488 960 320 ) (-1471.996216 960 320 ) (-1488 960 328.001892 ) 
4 1507 (-1488 792 312 ) (-1488 792 304 ) (-1488 696 304 ) (-1488 696 312 ) 
4 1507 (-1488 792 328 ) (-1488 928 328 ) (-1488 928 304 ) (-1488 792 304 ) 
4 1507 (-1488 544 328 ) (-1488 696 328 ) (-1488 696 304 ) (-1488 544 304 ) 
4 1507 (-1488 544 304 ) (-1488 928 304 ) (-1440 928 304 ) (-1440 544 304 ) 
4 1507 (-1488 928 320 ) (-1472.003906 928 320 ) (-1440.003906 928 304 ) (-1488 928 304 ) 
3 1507 (-1488 928 320 ) (-1488 928 327.998047 ) (-1472.003906 928 320 ) 
3 1507 (-1488 544 304 ) (-1440.003906 544 304 ) (-1488 544 327.998047 ) 
4 1508 (-1440 1024 128 ) (-1424 1024 128 ) (-1424 848 128 ) (-1440 848 128 ) 
4 1508 (-1424 848 272 ) (-1424 1024 272 ) (-1440 1024 272 ) (-1440 848 272 ) 
4 1508 (-1440 1024 128 ) (-1440 848 128 ) (-1440 848 272 ) (-1440 1024 272 ) 
4 1508 (-1440 848 272 ) (-1440 848 128 ) (-1424 848 128 ) (-1424 848 272 ) 
4 1509 (-1424 816 128 ) (-1424 528 128 ) (-1440 528 128 ) (-1440 816 128 ) 
4 1509 (-1424 816 272 ) (-1424 816 128 ) (-1440 816 128 ) (-1440 816 272 ) 
4 1509 (-1440 816 128 ) (-1440 528 128 ) (-1440 528 272 ) (-1440 816 272 ) 
4 1509 (-1424 528 128 ) (-1424 528 272 ) (-1440 528 272 ) (-1440 528 128 ) 
4 1509 (-1424 816 272 ) (-1440 816 272 ) (-1440 528 272 ) (-1424 528 272 ) 
4 1510 (-1328 960 880 ) (-1328 960 960 ) (-1328 1024 960 ) (-1328 1024 880 ) 
4 1510 (-1328 975.994507 640 ) (-1024 975.994507 640 ) (-1024 960 658.455872 ) (-1328 960 658.455872 ) 
4 1510 (-1328 960 960 ) (-1024 960 960 ) (-1024 1024 960 ) (-1328 1024 960 ) 
4 1511 (-1488 975.994507 640 ) (-1328 975.994507 640 ) (-1328 960 658.455872 ) (-1488 960 658.455872 ) 
4 1511 (-1488 1024 695.377747 ) (-1488 960 695.377747 ) (-1328 960 879.994324 ) (-1328 1024 879.994324 ) 
4 1512 (-1024 960 480 ) (-1024 960 544 ) (-1152 960 544 ) (-1152 960 480 ) 
4 1512 (-1024 960 336 ) (-1024 960 480 ) (-1200 960 480 ) (-1200 960 336 ) 
4 1512 (-1200 960 320 ) (-1024 960 320 ) (-1024 960 336 ) (-1200 960 336 ) 
5 1512 (-1488 960 544 ) (-1488 960 328 ) (-1472 960 320 ) (-1200 960 320 ) (-1200 960 544 ) 
4 1512 (-1488 960 640 ) (-1488 960 544 ) (-1024 960 544 ) (-1024 960 640 ) 
4 1512 (-1024 976 640 ) (-1488 976 640 ) (-1488 960 640 ) (-1024 960 640 ) 
4 1512 (-1024 960 320 ) (-1472 960 320 ) (-1472 1024 320 ) (-1024 1024 320 ) 
4 1513 (-1328 704 880 ) (-1328 768 880 ) (-1024 768 880 ) (-1024 704 880 ) 
4 1513 (-1328 960 960 ) (-1328 512 960 ) (-1024 512 960 ) (-1024 960 960 ) 
4 1513 (-1328 960 960 ) (-1328 960 880 ) (-1328 512 880 ) (-1328 512 960 ) 
5 1514 (-1024 512 658.460266 ) (-1488 512 658.460266 ) (-1488 543.867859 695.230896 ) (-1327.866821 704.001099 880 ) (-1024 704.001099 880 ) 
4 1514 (-1327.994263 512 880 ) (-1327.994263 704 880 ) (-1488 543.994751 695.378540 ) (-1488 512 695.378540 ) 
4 1515 (-1327.994263 704 880 ) (-1327.994263 960 880 ) (-1488 960 695.378540 ) (-1488 543.994751 695.378540 ) 
5 1516 (-1327.864014 767.996887 880 ) (-1488 928.132812 695.227783 ) (-1488 960 658.457947 ) (-1024 960 658.457947 ) (-1024 767.996887 880 ) 
4 1517 (-1152 928 480 ) (-1200 928 480 ) (-1200 960 480 ) (-1152 960 480 ) 
4 1517 (-1200 928 480 ) (-1200 928 544 ) (-1200 960 544 ) (-1200 960 480 ) 
4 1517 (-1200 928 544 ) (-1152 928 544 ) (-1152 960 544 ) (-1200 960 544 ) 
4 1517 (-1152 960 544 ) (-1152 928 544 ) (-1152 928 480 ) (-1152 960 480 ) 
4 1518 (-1080 546 512 ) (-1080 544 512 ) (-1144 544 512 ) (-1144 546 512 ) 
4 1518 (-1408 544 544 ) (-1024 544 544 ) (-1024 928 544 ) (-1408 928 544 ) 
4 1518 (-1024 544 544 ) (-1408 544 544 ) (-1408 544 512 ) (-1024 544 512 ) 
4 1518 (-1200 928 512 ) (-1408 928 512 ) (-1408 928 544 ) (-1200 928 544 ) 
4 1518 (-1024 928 512 ) (-1152 928 512 ) (-1152 928 544 ) (-1024 928 544 ) 
4 1519 (-1080 546 400 ) (-1080 544 400 ) (-1080 544 512 ) (-1080 546 512 ) 
4 1519 (-1080 928 512 ) (-1024 928 512 ) (-1024 928 480 ) (-1080 928 480 ) 
4 1519 (-1080 928 400 ) (-1080 928 480 ) (-1024 928 480 ) (-1024 928 400 ) 
4 1519 (-1024 544 400 ) (-1024 544 512 ) (-1080 544 512 ) (-1080 544 400 ) 
4 1520 (-1080 928 400 ) (-1144 928 400 ) (-1144 928 480 ) (-1080 928 480 ) 
4 1520 (-1144 928 512 ) (-1080 928 512 ) (-1080 928 480 ) (-1144 928 480 ) 
4 1520 (-1144 546 512 ) (-1144 546 400 ) (-1080 546 400 ) (-1080 546 512 ) 
4 1521 (-1144 808 346.399597 ) (-1144 928 346.399597 ) (-1088 928 352 ) (-1088 808 352 ) 
4 1521 (-1088 544 352 ) (-1144 544 346.399658 ) (-1144 664 346.399628 ) (-1088 664 352 ) 
4 1521 (-1080 544 400 ) (-1080 546 400 ) (-1144 546 400 ) (-1144 544 400 ) 
4 1521 (-1144 544 346.400024 ) (-1024 544 358.400024 ) (-1024 544 400 ) (-1144 544 400 ) 
4 1521 (-1144 928 400 ) (-1024 928 400 ) (-1024 928 358.399994 ) (-1144 928 346.400024 ) 
4 1522 (-1408 808 320 ) (-1408 928 320 ) (-1144 928 346.399597 ) (-1144 808 346.399597 ) 
4 1522 (-1144 544 346.399658 ) (-1408 544 320 ) (-1408 664 320 ) (-1144 664 346.399628 ) 
4 1522 (-1144 546 400 ) (-1144 546 512 ) (-1144 544 512 ) (-1144 544 400 ) 
4 1522 (-1144 928 512 ) (-1144 928 480 ) (-1152 928 480 ) (-1152 928 512 ) 
4 1522 (-1144 928 480 ) (-1144 928 346.400024 ) (-1200 928 340.800018 ) (-1200 928 480 ) 
4 1522 (-1200 928 512 ) (-1200 928 340.799988 ) (-1408 928 320 ) (-1408 928 512 ) 
4 1522 (-1408 544 512 ) (-1408 544 320 ) (-1144 544 346.400024 ) (-1144 544 512 ) 
4 1523 (-1088 808 352.003937 ) (-1088 928 352.003937 ) (-1088 928 336 ) (-1088 808 336 ) 
4 1523 (-1088 544 336 ) (-1088 544 352.003937 ) (-1088 664 352.003937 ) (-1088 664 336 ) 
4 1523 (-1084 544 336 ) (-1088 544 336 ) (-1088 928 336 ) (-1084 928 336 ) 
4 1523 (-1024 544 336 ) (-1084 544 336 ) (-1084 928 336 ) (-1024 928 336 ) 
4 1523 (-1024 544 336 ) (-1024 544 358.400024 ) (-1088 544 352 ) (-1088 544 336 ) 
4 1523 (-1088 928 352 ) (-1024 928 358.399994 ) (-1024 928 336 ) (-1088 928 336 ) 
4 1524 (-1084 924 296 ) (-1084 812 296 ) (-1084 812 320 ) (-1084 924 320 ) 
4 1524 (-1084 660 296 ) (-1084 548 296 ) (-1084 548 320 ) (-1084 660 320 ) 
4 1524 (-1024 924 296 ) (-1084 924 296 ) (-1084 924 320 ) (-1024 924 320 ) 
4 1524 (-1024 924 320 ) (-1024 548 320 ) (-1024 548 304 ) (-1024 924 304 ) 
4 1524 (-1024 548 320 ) (-1024 924 320 ) (-1084 924 320 ) (-1084 548 320 ) 
4 1524 (-1024 548 320 ) (-1084 548 320 ) (-1084 548 296 ) (-1024 548 296 ) 
4 1525 (-1088 663.992432 296 ) (-1084 659.995239 296 ) (-1084 659.995239 320 ) (-1088 663.995239 320 ) 
4 1525 (-1084 660 320 ) (-1084 812 320 ) (-1088 808 320 ) (-1088 664 320 ) 
4 1525 (-1088 808 320 ) (-1084 812 320 ) (-1084 812 296 ) (-1088 808 296 ) 
4 1526 (-1088 808 296 ) (-1088 928 296 ) (-1088 928 160 ) (-1088 808 160 ) 
4 1526 (-1088 544 160 ) (-1088 544 296 ) (-1088 664 296 ) (-1088 664 160 ) 
4 1526 (-1088 664 160 ) (-1088 808 160 ) (-1080 808 160 ) (-1080 664 160 ) 
4 1526 (-1024 544 160 ) (-1024 544 296 ) (-1088 544 296 ) (-1088 544 160 ) 
4 1526 (-1088 928 160 ) (-1088 928 296 ) (-1024 928 296 ) (-1024 928 160 ) 
4 1526 (-1024 924 296 ) (-1024 928 296 ) (-1084 928 296 ) (-1084 924 296 ) 
4 1526 (-1024 548 296 ) (-1084 548 296 ) (-1084 544 296 ) (-1024 544 296 ) 
4 1526 (-1084 660 296 ) (-1088 664 296 ) (-1088 544 296 ) (-1084 544 296 ) 
4 1526 (-1084 812 296 ) (-1084 928 296 ) (-1088 928 296 ) (-1088 808 296 ) 
4 1527 (-1024 928 128 ) (-1024 544 128 ) (-1048 544 128 ) (-1048 928 128 ) 
4 1527 (-1048 656 144 ) (-1048 816 144 ) (-1048 816 128 ) (-1048 656 128 ) 
4 1527 (-1048 928 160 ) (-1024 928 160 ) (-1024 928 128 ) (-1048 928 128 ) 
4 1527 (-1048 544 128 ) (-1024 544 128 ) (-1024 544 160 ) (-1048 544 160 ) 
4 1528 (-1048 816 144 ) (-1048 656 144 ) (-1080 656 144 ) (-1080 816 144 ) 
4 1528 (-1080 808 144 ) (-1080 664 144 ) (-1080 664 160 ) (-1080 808 160 ) 
4 1528 (-1080 928 144 ) (-1080 928 160 ) (-1048 928 160 ) (-1048 928 144 ) 
4 1528 (-1048 544 144 ) (-1048 544 160 ) (-1080 544 160 ) (-1080 544 144 ) 
4 1529 (-1088 808 160 ) (-1088 928 160 ) (-1088 928 144 ) (-1088 808 144 ) 
4 1529 (-1088 808 144 ) (-1088 816 144 ) (-1080 816 144 ) (-1080 808 144 ) 
4 1529 (-1088 808 144 ) (-1080 808 144 ) (-1080 808 160 ) (-1088 808 160 ) 
4 1529 (-1080 928 144 ) (-1088 928 144 ) (-1088 928 160 ) (-1080 928 160 ) 
4 1530 (-1088 544 144 ) (-1088 544 160 ) (-1088 664 160 ) (-1088 664 144 ) 
4 1530 (-1088 656 144 ) (-1088 664 144 ) (-1080 664 144 ) (-1080 656 144 ) 
4 1530 (-1080 544 160 ) (-1088 544 160 ) (-1088 544 144 ) (-1080 544 144 ) 
4 1530 (-1088 664 160 ) (-1080 664 160 ) (-1080 664 144 ) (-1088 664 144 ) 
4 1531 (-1088 816 128 ) (-1088 928 128 ) (-1072 928 128 ) (-1072 816 128 ) 
4 1531 (-1072 928 128 ) (-1048 928 128 ) (-1048 816 128 ) (-1072 816 128 ) 
4 1531 (-1088 816 144 ) (-1088 928 144 ) (-1088 928 128 ) (-1088 816 128 ) 
4 1531 (-1088 928 144 ) (-1048 928 144 ) (-1048 928 128 ) (-1088 928 128 ) 
4 1531 (-1048 816 128 ) (-1048 816 144 ) (-1088 816 144 ) (-1088 816 128 ) 
4 1532 (-1072 544 128 ) (-1088 544 128 ) (-1088 656 128 ) (-1072 656 128 ) 
4 1532 (-1048 544 128 ) (-1072 544 128 ) (-1072 656 128 ) (-1048 656 128 ) 
4 1532 (-1088 544 128.001617 ) (-1088 544 144 ) (-1088 656 144 ) (-1088 656 128.001144 ) 
4 1532 (-1088 656 128 ) (-1088 656 144 ) (-1048 656 144 ) (-1048 656 128 ) 
4 1532 (-1088 544 128 ) (-1048 544 128 ) (-1048 544 144 ) (-1088 544 144 ) 
4 1533 (-1248 664 240 ) (-1280 664 240 ) (-1280 808 240 ) (-1248 808 240 ) 
4 1533 (-1280 808 256 ) (-1280 808 240 ) (-1280 664 240 ) (-1280 664 256 ) 
4 1533 (-1088 664 320 ) (-1088 808 320 ) (-1088 808 336 ) (-1088 664 336 ) 
4 1533 (-1088 664 240 ) (-1088 664 352 ) (-1280 664 332.799988 ) (-1280 664 240 ) 
4 1533 (-1280 808 240 ) (-1280 808 332.799988 ) (-1088 808 352 ) (-1088 808 240 ) 
4 1534 (-1408 808 304 ) (-1376 808 304 ) (-1376 664 304 ) (-1408 664 304 ) 
4 1534 (-1280 808 304 ) (-1408 808 304 ) (-1408 808 320 ) (-1280 808 332.799988 ) 
4 1534 (-1280 664 332.799988 ) (-1408 664 320 ) (-1408 664 304 ) (-1280 664 304 ) 
4 1535 (-1312 808 256 ) (-1312 664 256 ) (-1312 664 272 ) (-1312 808 272 ) 
4 1535 (-1312 664 256 ) (-1280 664 256 ) (-1280 664 304 ) (-1312 664 304 ) 
4 1535 (-1312 808 304 ) (-1280 808 304 ) (-1280 808 256 ) (-1312 808 256 ) 
4 1535 (-1312 808 256 ) (-1280 808 256 ) (-1280 664 256 ) (-1312 664 256 ) 
4 1536 (-1376 664 288 ) (-1376 808 288 ) (-1344 808 288 ) (-1344 664 288 ) 
4 1536 (-1376 808 288 ) (-1376 808 304 ) (-1312 808 304 ) (-1312 808 288 ) 
4 1536 (-1312 664 288 ) (-1312 664 304 ) (-1376 664 304 ) (-1376 664 288 ) 
4 1536 (-1376 664 288 ) (-1376 664 304 ) (-1376 808 304 ) (-1376 808 288 ) 
4 1537 (-1344 808 272 ) (-1312 808 272 ) (-1312 664 272 ) (-1344 664 272 ) 
4 1537 (-1344 808 288 ) (-1312 808 288 ) (-1312 808 272 ) (-1344 808 272 ) 
4 1537 (-1344 664 272 ) (-1312 664 272 ) (-1312 664 288 ) (-1344 664 288 ) 
4 1537 (-1344 808 272 ) (-1344 664 272 ) (-1344 664 288 ) (-1344 808 288 ) 
4 1538 (-1120 808 176 ) (-1120 808 160 ) (-1120 664 160 ) (-1120 664 176 ) 
4 1538 (-1088 664 160 ) (-1120 664 160 ) (-1120 808 160 ) (-1088 808 160 ) 
4 1538 (-1088 664 160 ) (-1088 664 240 ) (-1120 664 240 ) (-1120 664 160 ) 
4 1538 (-1120 808 240 ) (-1088 808 240 ) (-1088 808 160 ) (-1120 808 160 ) 
4 1539 (-1248 664 224 ) (-1248 808 224 ) (-1216 808 224 ) (-1216 664 224 ) 
4 1539 (-1248 808 224 ) (-1248 808 240 ) (-1120 808 240 ) (-1120 808 224 ) 
4 1539 (-1120 664 240 ) (-1248 664 240 ) (-1248 664 224 ) (-1120 664 224 ) 
4 1539 (-1248 664 240 ) (-1248 808 240 ) (-1248 808 224 ) (-1248 664 224 ) 
4 1540 (-1152 808 176 ) (-1152 664 176 ) (-1152 664 192 ) (-1152 808 192 ) 
4 1540 (-1152 664 176 ) (-1120 664 176 ) (-1120 664 224 ) (-1152 664 224 ) 
4 1540 (-1152 808 176 ) (-1152 808 224 ) (-1120 808 224 ) (-1120 808 176 ) 
4 1540 (-1152 808 176 ) (-1120 808 176 ) (-1120 664 176 ) (-1152 664 176 ) 
4 1541 (-1216 664 208 ) (-1216 808 208 ) (-1184 808 208 ) (-1184 664 208 ) 
4 1541 (-1152 808 208 ) (-1216 808 208 ) (-1216 808 224 ) (-1152 808 224 ) 
4 1541 (-1152 664 208 ) (-1152 664 224 ) (-1216 664 224 ) (-1216 664 208 ) 
4 1541 (-1216 664 208 ) (-1216 664 224 ) (-1216 808 224 ) (-1216 808 208 ) 
4 1542 (-1184 664 192 ) (-1152 664 192 ) (-1152 664 208 ) (-1184 664 208 ) 
4 1542 (-1184 808 208 ) (-1152 808 208 ) (-1152 808 192 ) (-1184 808 192 ) 
4 1542 (-1184 808 192 ) (-1152 808 192 ) (-1152 664 192 ) (-1184 664 192 ) 
4 1542 (-1184 808 192 ) (-1184 664 192 ) (-1184 664 208 ) (-1184 808 208 ) 
4 1543 (-1488 928 488 ) (-1488 928 328 ) (-1488 792 328 ) (-1488 792 488 ) 
4 1543 (-1488 696 544 ) (-1488 928 544 ) (-1488 928 488 ) (-1488 696 488 ) 
4 1543 (-1488 544 544 ) (-1488 696 544 ) (-1488 696 328 ) (-1488 544 328 ) 
5 1543 (-1408 928 304 ) (-1440 928 304 ) (-1488 928 328 ) (-1488 928 544 ) (-1408 928 544 ) 
5 1543 (-1408 544 544 ) (-1488 544 544 ) (-1488 544 328 ) (-1440 544 304 ) (-1408 544 304 ) 
4 1543 (-1408 544 544 ) (-1408 928 544 ) (-1488 928 544 ) (-1488 544 544 ) 
4 1543 (-1408 664 304 ) (-1408 664 320 ) (-1408 544 320 ) (-1408 544 304 ) 
4 1543 (-1408 808 320 ) (-1408 808 304 ) (-1408 928 304 ) (-1408 928 320 ) 
4 1543 (-1440.004028 928 304 ) (-1408 928 304 ) (-1408 544 304 ) (-1440 544 304 ) 
4 1544 (-1520 792 240 ) (-1520 696 240 ) (-1496 696 252 ) (-1496 792 252 ) 
4 1544 (-1496 696 252 ) (-1488 696 256 ) (-1488 792 256 ) (-1496 792 252 ) 
4 1544 (-1520 824 240 ) (-1520 792 240 ) (-1488 792 256 ) (-1488 824 256 ) 
4 1544 (-1520 696 240 ) (-1520 664 240 ) (-1488 664 256 ) (-1488 696 256 ) 
4 1544 (-1488 664 255 ) (-1488 664 256 ) (-1520 664 240 ) (-1518 664 240 ) 
4 1544 (-1520 824 239 ) (-1520 824 240 ) (-1488 824 256 ) (-1488 824 255 ) 
4 1544 (-1488 824 255 ) (-1488 824 256 ) (-1488 664 256 ) (-1488 664 255 ) 
4 1544 (-1488 664 255.003204 ) (-1520 664 239.003204 ) (-1520 824 239.001328 ) (-1488 824 255 ) 
3 1545 (-1520 512 240 ) (-1520 512 239 ) (-1518 512 240 ) 
4 1545 (-1520 512 239.001328 ) (-1520 664 239.001328 ) (-1518.002441 664 240 ) (-1518.002441 512 240 ) 
4 1545 (-1517.996094 512 240 ) (-1517.996094 664 240 ) (-1520 664 240 ) (-1520 512 240 ) 
5 1546 (-1520 512 658.316162 ) (-1520 960.125977 658.316162 ) (-1488 928.124878 695.240662 ) (-1488 543.875244 695.240662 ) (-1519.874023 512 658.461548 ) 
4 1547 (-1488 928.130615 695.224854 ) (-1520 960.132141 658.299927 ) (-1520 975.992004 640 ) (-1488 975.992004 640 ) 
3 1548 (-1519.867310 512 658.467102 ) (-1488 543.867676 695.236816 ) (-1488 512 658.467102 ) 
4 1549 (-1488 960 320 ) (-1488 960 488 ) (-1520 960 488 ) (-1520 960 320 ) 
4 1549 (-1488 960 488 ) (-1488 960 640 ) (-1520 960 640 ) (-1520 960 488 ) 
4 1549 (-1488 960 640 ) (-1488 976 640 ) (-1520 976 640 ) (-1520 960 640 ) 
4 1549 (-1488 960 320 ) (-1520 960 320 ) (-1520 1024 320 ) (-1488 1024 320 ) 
4 1550 (-1496 792 328 ) (-1496 792 312 ) (-1496 696 312 ) (-1496 696 328 ) 
4 1550 (-1488 792 488 ) (-1496 792 488 ) (-1496 696 488 ) (-1488 696 488 ) 
4 1550 (-1488 696 312 ) (-1488 696 488 ) (-1496 696 488 ) (-1496 696 312 ) 
4 1550 (-1496 792 312 ) (-1496 792 488 ) (-1488 792 488 ) (-1488 792 312 ) 
4 1550 (-1488 696 312 ) (-1496 696 312 ) (-1496 792 312 ) (-1488 792 312 ) 
4 1551 (-1496 792 488 ) (-1520 792 488 ) (-1520 696 488 ) (-1496 696 488 ) 
4 1551 (-1496 696 328 ) (-1496 696 488 ) (-1520 696 488 ) (-1520 696 328 ) 
4 1551 (-1520 792 328 ) (-1520 792 488 ) (-1496 792 488 ) (-1496 792 328 ) 
4 1551 (-1520 792 328 ) (-1496 792 328 ) (-1496 696 328 ) (-1520 696 328 ) 
4 1552 (-1535.873413 512 640 ) (-1535.873413 976 640 ) (-1520 960.126587 658.315491 ) (-1520 512 658.315491 ) 
3 1553 (-1520 960.132263 658.299927 ) (-1535.859131 975.992004 640 ) (-1520 975.992004 640 ) 
4 1554 (-1557.333252 1024 328 ) (-1530.666748 1024 328 ) (-1520 960 328 ) (-1536 960 328 ) 
4 1554 (-1535.866699 976 640 ) (-1535.866577 512 640 ) (-1520 512 640 ) (-1520 976 640 ) 
4 1554 (-1568 512 640 ) (-1535.866577 512 640 ) (-1535.866699 1024 640 ) (-1568 1024 640 ) 
4 1554 (-1520 696 328 ) (-1520 696 640 ) (-1520 512 640 ) (-1520 512 328 ) 
4 1554 (-1520 696 488 ) (-1520 960 488 ) (-1520 960 640 ) (-1520 696 640 ) 
4 1554 (-1520 792 488 ) (-1520 792 328 ) (-1520 960 328 ) (-1520 960 488 ) 
4 1554 (-2048 512 428.234650 ) (-1567.998169 512 640 ) (-1567.998169 1024 640 ) (-2048 1024 428.234650 ) 
4 1555 (-1535.996948 960 328 ) (-1535.996948 960 320 ) (-1557.330322 1024 320 ) (-1557.329102 1024 328 ) 
3 1556 (-1530.666748 1024 320 ) (-1520 1024 320 ) (-1520 960 320 ) 
4 1556 (-1530.667236 1024 328 ) (-1530.666992 1024 320 ) (-1520 960 320 ) (-1520 960 328 ) 
4 1557 (-1536 960 328 ) (-1520 960 328 ) (-1520 960 320 ) (-1536 960 320 ) 
4 1557 (-1520 792 320 ) (-1520 792 328 ) (-1520 696 328 ) (-1520 696 320 ) 
4 1557 (-1520 792 328 ) (-1520 792 320 ) (-1520 960 320 ) (-1520 960 328 ) 
4 1557 (-1520 696 320 ) (-1520 696 328 ) (-1520 512 328 ) (-1520 512 320 ) 
4 1558 (-1536 960 230.997192 ) (-1741.994263 960 128 ) (-1741.994263 1024 128 ) (-1557.333252 1024 220.330490 ) 
4 1558 (-1535.995728 960 320 ) (-1535.995728 960 231.002090 ) (-1557.329102 1024 220.335419 ) (-1557.329102 1024 320 ) 
4 1559 (-1520 960 239 ) (-1520 960 240 ) (-1520 824 240 ) (-1520 824 239 ) 
4 1559 (-1520 696 240 ) (-1520 696 320 ) (-1520 512 320 ) (-1520 512 240 ) 
4 1559 (-1520 792 320 ) (-1520 792 240 ) (-1520 960 240 ) (-1520 960 320 ) 
4 1559 (-1520 792 320 ) (-1520 696 320 ) (-1520 696 240 ) (-1520 792 240 ) 
4 1559 (-1536 960 320 ) (-1520 960 320 ) (-1520 960 239 ) (-1536 960 231 ) 
4 1559 (-1742.002686 960 128 ) (-1520 960 238.998764 ) (-1520 512 238.998764 ) (-1741.997559 512 128 ) 
4 1560 (-1024 0 640 ) (-1024 0 960 ) (-1088 0 960 ) (-1088 0 640 ) 
4 1560 (-1088 0 960 ) (-1184 0 960 ) (-1184 0 640 ) (-1088 0 640 ) 
4 1560 (-1184 320 640 ) (-1184 0 640 ) (-1184 0 960 ) (-1184 320 960 ) 
4 1560 (-1024 512 960 ) (-1184 512 960 ) (-1184 0 960 ) (-1024 0 960 ) 
4 1560 (-1024 496.001099 640 ) (-1184 496.001099 640 ) (-1184 512 658.460266 ) (-1024 512 658.460266 ) 
4 1561 (-1024 0 528 ) (-1024 0 640 ) (-1088 0 640 ) (-1088 0 528 ) 
4 1561 (-1088 0 640 ) (-1184 0 640 ) (-1184 0 528 ) (-1088 0 528 ) 
4 1561 (-1184 320 528 ) (-1184 0 528 ) (-1184 0 640 ) (-1184 320 640 ) 
4 1561 (-1168 512 528 ) (-1056 512 528 ) (-1056 506 528 ) (-1168 506 528 ) 
4 1561 (-1024 496 640 ) (-1024 512 640 ) (-1184 512 640 ) (-1184 496 640 ) 
4 1561 (-1184 512 544 ) (-1184 512 640 ) (-1024 512 640 ) (-1024 512 544 ) 
4 1561 (-1184 512 528 ) (-1184 512 544 ) (-1024 512 544 ) (-1024 512 528 ) 
4 1562 (-1056 512 512 ) (-1056 506 512 ) (-1056 506 528 ) (-1056 512 528 ) 
4 1562 (-1056 512 512 ) (-1056 512 528 ) (-1024 512 528 ) (-1024 512 512 ) 
4 1563 (-1168 512 512 ) (-1184 512 512 ) (-1184 512 528 ) (-1168 512 528 ) 
4 1563 (-1168 512 528 ) (-1168 506 528 ) (-1168 506 512 ) (-1168 512 512 ) 
4 1564 (-1024 0 512 ) (-1024 0 528 ) (-1088 0 528 ) (-1088 0 512 ) 
4 1564 (-1088 0 528 ) (-1184 0 528 ) (-1184 0 512 ) (-1088 0 512 ) 
4 1564 (-1184 320 512 ) (-1184 0 512 ) (-1184 0 528 ) (-1184 320 528 ) 
4 1564 (-1168 506 528 ) (-1056 506 528 ) (-1056 506 512 ) (-1168 506 512 ) 
4 1565 (-1056 512 400 ) (-1024 512 400 ) (-1024 509 400 ) (-1056 509 400 ) 
4 1565 (-1056 512 400 ) (-1056 512 512 ) (-1024 512 512 ) (-1024 512 400 ) 
4 1565 (-1056 512 400 ) (-1056 509 400 ) (-1056 509 512 ) (-1056 512 512 ) 
4 1566 (-1080 510 400 ) (-1080 509 400 ) (-1144 509 400 ) (-1144 510 400 ) 
4 1566 (-1144 510 512 ) (-1144 509 512 ) (-1080 509 512 ) (-1080 510 512 ) 
4 1566 (-1144 510 400 ) (-1144 509 400 ) (-1144 509 512 ) (-1144 510 512 ) 
4 1566 (-1080 510 512 ) (-1080 509 512 ) (-1080 509 400 ) (-1080 510 400 ) 
4 1566 (-1080 510 512 ) (-1080 510 400 ) (-1144 510 400 ) (-1144 510 512 ) 
4 1567 (-1024 0 448 ) (-1024 0 512 ) (-1088 0 512 ) (-1088 0 448 ) 
4 1567 (-1088 0 512 ) (-1152 0 512 ) (-1152 0 448 ) (-1088 0 448 ) 
4 1567 (-1040 0 448 ) (-1152 0 448 ) (-1152 32 448 ) (-1040 32 448 ) 
4 1567 (-1152 509 512 ) (-1152 506 512 ) (-1056 506 512 ) (-1056 509 512 ) 
4 1567 (-1144 509 512 ) (-1144 509 448 ) (-1152 509 448 ) (-1152 509 512 ) 
4 1567 (-1080 509 448 ) (-1080 509 512 ) (-1056 509 512 ) (-1056 509 448 ) 
4 1568 (-1040 0 400 ) (-1024 0 400 ) (-1024 0 448 ) (-1040 0 448 ) 
4 1568 (-1040 448 400 ) (-1040 509 400 ) (-1024 509 400 ) (-1024 448 400 ) 
4 1568 (-1024 0 400 ) (-1040 0 400 ) (-1040 448 400 ) (-1024 448 400 ) 
4 1568 (-1040 0 448 ) (-1040 32 448 ) (-1040 32 400 ) (-1040 0 400 ) 
4 1568 (-1024 32 400 ) (-1024 32 448 ) (-1024 0 448 ) (-1024 0 400 ) 
4 1569 (-1152 448 400 ) (-1152 509 400 ) (-1040 509 400 ) (-1040 448 400 ) 
4 1569 (-1152 32 400 ) (-1152 448 400 ) (-1040 448 400 ) (-1040 32 400 ) 
4 1569 (-1152 352 400 ) (-1152 256 400 ) (-1152 256 448 ) (-1152 352 448 ) 
4 1569 (-1152 240 400 ) (-1152 144 400 ) (-1152 144 448 ) (-1152 240 448 ) 
4 1569 (-1152 464 400 ) (-1152 368 400 ) (-1152 368 448 ) (-1152 464 448 ) 
4 1569 (-1152 509 400 ) (-1152 480 400 ) (-1152 480 448 ) (-1152 509 448 ) 
4 1569 (-1152 128 400 ) (-1152 32 400 ) (-1152 32 448 ) (-1152 128 448 ) 
4 1569 (-1144 509 448 ) (-1144 509 400 ) (-1152 509 400 ) (-1152 509 448 ) 
4 1569 (-1080 509 448 ) (-1056 509 448 ) (-1056 509 400 ) (-1080 509 400 ) 
4 1569 (-1040 32 400 ) (-1040 32 448 ) (-1152 32 448 ) (-1152 32 400 ) 
4 1570 (-1184 509 448 ) (-1184 512 448 ) (-1168 512 448 ) (-1168 509 448 ) 
4 1570 (-1168 512 448 ) (-1184 512 448 ) (-1184 512 512 ) (-1168 512 512 ) 
4 1570 (-1168 512 512 ) (-1168 509 512 ) (-1168 509 448 ) (-1168 512 448 ) 
4 1571 (-1152 0 448 ) (-1152 0 512 ) (-1184 0 512 ) (-1184 0 448 ) 
4 1571 (-1184 320 448 ) (-1184 0 448 ) (-1184 0 512 ) (-1184 320 512 ) 
4 1571 (-1184 256 448 ) (-1184 352 448 ) (-1152 352 448 ) (-1152 256 448 ) 
4 1571 (-1184 144 448 ) (-1184 240 448 ) (-1152 240 448 ) (-1152 144 448 ) 
4 1571 (-1184 368 448 ) (-1184 464 448 ) (-1152 464 448 ) (-1152 368 448 ) 
4 1571 (-1184 480 448 ) (-1184 509 448 ) (-1152 509 448 ) (-1152 480 448 ) 
4 1571 (-1184 0 448 ) (-1184 128 448 ) (-1152 128 448 ) (-1152 0 448 ) 
4 1571 (-1168 509 512 ) (-1152 509 512 ) (-1152 509 448 ) (-1168 509 448 ) 
4 1571 (-1168 509 512 ) (-1168 506 512 ) (-1152 506 512 ) (-1152 509 512 ) 
4 1572 (-1184 464 400 ) (-1184 480 400 ) (-1152 480 400 ) (-1152 464 400 ) 
4 1572 (-1152 464 400 ) (-1152 464 448 ) (-1184 464 448 ) (-1184 464 400 ) 
4 1572 (-1184 480 400 ) (-1184 480 448 ) (-1152 480 448 ) (-1152 480 400 ) 
4 1573 (-1184 352 400 ) (-1184 368 400 ) (-1152 368 400 ) (-1152 352 400 ) 
4 1573 (-1152 352 400 ) (-1152 352 448 ) (-1184 352 448 ) (-1184 352 400 ) 
4 1573 (-1184 368 400 ) (-1184 368 448 ) (-1152 368 448 ) (-1152 368 400 ) 
4 1574 (-1184 240 400 ) (-1184 256 400 ) (-1152 256 400 ) (-1152 240 400 ) 
4 1574 (-1184 256 400 ) (-1184 240 400 ) (-1184 240 448 ) (-1184 256 448 ) 
4 1574 (-1152 240 400 ) (-1152 240 448 ) (-1184 240 448 ) (-1184 240 400 ) 
4 1574 (-1184 256 400 ) (-1184 256 448 ) (-1152 256 448 ) (-1152 256 400 ) 
4 1575 (-1184 128 400 ) (-1184 144 400 ) (-1152 144 400 ) (-1152 128 400 ) 
4 1575 (-1184 144 400 ) (-1184 128 400 ) (-1184 128 448 ) (-1184 144 448 ) 
4 1575 (-1184 144 400 ) (-1184 144 448 ) (-1152 144 448 ) (-1152 144 400 ) 
4 1575 (-1152 128 400 ) (-1152 128 448 ) (-1184 128 448 ) (-1184 128 400 ) 
3 1576 (-1328 392 879.846130 ) (-1258.533325 357.266693 960 ) (-1328 392 960 ) 
4 1576 (-1328 512 960 ) (-1328 512 879.855469 ) (-1328 392 879.855469 ) (-1328 392 960 ) 
4 1576 (-1328 392 960 ) (-1258.533325 357.266663 960 ) (-1258.533203 512 960 ) (-1328 512 960 ) 
3 1577 (-1535.873413 496 640 ) (-1535.873413 512 640 ) (-1519.873535 512 658.461548 ) 
5 1578 (-1503.998413 480 640 ) (-1184 320 640 ) (-1184 320 960 ) (-1258.533325 357.266693 960 ) (-1503.998413 480 676.770935 ) 
4 1578 (-1258.533325 357.266663 960 ) (-1184 320 960 ) (-1184 512 960 ) (-1258.533203 512 960 ) 
4 1578 (-1184 496.001099 640 ) (-1535.866089 496.001099 640 ) (-1519.867188 512 658.460266 ) (-1184 512 658.460266 ) 
5 1579 (-1520 512 400 ) (-1198 512 400 ) (-1198 480 400 ) (-1504 480 400 ) (-1529.599976 492.800018 400 ) 
4 1579 (-1198 480 400 ) (-1198 448 400 ) (-1440 448 400 ) (-1504 480 400 ) 
4 1579 (-1198 512 400 ) (-1184 512 400 ) (-1184 448 400 ) (-1198 448 400 ) 
3 1579 (-1184 448 400 ) (-1184 320 400 ) (-1440 448 400 ) 
4 1579 (-1503.998413 480 400 ) (-1184 320 400 ) (-1184 320 640 ) (-1503.998413 480 640 ) 
4 1579 (-1184 496 640 ) (-1184 512 640 ) (-1535.866577 512 640 ) (-1535.866577 496 640 ) 
3 1579 (-1535.866577 512 640 ) (-1568 512 640 ) (-1535.866577 495.933319 640 ) 
4 1579 (-1184 352 448 ) (-1184 320 448 ) (-1184 320 400 ) (-1184 352 400 ) 
4 1579 (-1184 464 448 ) (-1184 368 448 ) (-1184 368 400 ) (-1184 464 400 ) 
4 1579 (-1184 509 448 ) (-1184 480 448 ) (-1184 480 400 ) (-1184 509 400 ) 
4 1579 (-1184 509 448 ) (-1184 509 400 ) (-1184 512 400 ) (-1184 512 448 ) 
4 1579 (-1520 512 400 ) (-1520 512 640 ) (-1488 512 640 ) (-1488 512 400 ) 
4 1579 (-1184 512 400 ) (-1488 512 400 ) (-1488 512 544 ) (-1184 512 544 ) 
4 1579 (-1184 512 544 ) (-1488 512 544 ) (-1488 512 640 ) (-1184 512 640 ) 
3 1580 (-1529.599976 492.800018 400 ) (-1504 480 400 ) (-1536 480 400 ) 
4 1580 (-1568 512 704 ) (-1568 512 640 ) (-1568 480 640 ) (-1568 480 704 ) 
5 1580 (-1503.998413 480 704 ) (-1503.998413 480 676.770935 ) (-1535.866577 495.934174 640 ) (-1567.998047 512 640 ) (-1567.998047 512 704 ) 
4 1580 (-1568 480 400 ) (-1504 480 400 ) (-1504 480 704 ) (-1568 480 704 ) 
3 1580 (-1568 512 704 ) (-1568 480 704 ) (-1504.001221 480 704 ) 
4 1581 (-2048 480 400 ) (-1568 480 400 ) (-1568 480 640 ) (-2048 480 428.235199 ) 
4 1581 (-2048 480 428.236267 ) (-1568 480 639.998596 ) (-1568 512 639.998596 ) (-2048 512 428.235992 ) 
5 1582 (-2048 480 136 ) (-1725.984375 480 136 ) (-1536 480 230.992126 ) (-1536 480 400 ) (-2048 480 400 ) 
4 1582 (-1725.998657 480 136 ) (-1725.998657 512 136 ) (-1520 512 239 ) (-1536 480 231 ) 
4 1582 (-1536 480 400 ) (-1536 480 231 ) (-1520 512 239 ) (-1520 512 400 ) 
3 1583 (-1726 448 136 ) (-1728 448 136 ) (-1728 448 135 ) 
5 1583 (-1728.001221 448 135 ) (-1728.001221 448 136 ) (-2048 474.666565 136 ) (-2048 474.666565 128 ) (-1742 449.166565 128 ) 
5 1583 (-1726 480 136 ) (-2048 480 136 ) (-2048 474.674469 136 ) (-1727.906250 448 136 ) (-1726 448 136 ) 
5 1583 (-1725.998657 512 136 ) (-1725.998657 448 136 ) (-1727.967773 448 135.015442 ) (-1741.998657 449.169250 128 ) (-1741.998657 512 128 ) 
4 1584 (-1072 1024 96 ) (-1072 896 96 ) (-1072 896 114 ) (-1072 1024 114 ) 
4 1584 (-1024 896 114 ) (-1024 1024 114 ) (-1072 1024 114 ) (-1072 896 114 ) 
4 1584 (-1024 896 114 ) (-1072 896 114 ) (-1072 896 96 ) (-1024 896 96 ) 
4 1585 (-1424 1024 96 ) (-1424 848 96 ) (-1424 848 128 ) (-1424 1024 128 ) 
4 1585 (-1104 1024 128 ) (-1104 848 128 ) (-1104 848 96 ) (-1104 1024 96 ) 
4 1585 (-1424 848 128 ) (-1424 848 96 ) (-1104 848 96 ) (-1104 848 128 ) 
4 1586 (-1424 816 96 ) (-1424 528 96 ) (-1424 528 128 ) (-1424 816 128 ) 
4 1586 (-1104 816 128 ) (-1104 528 128 ) (-1104 528 96 ) (-1104 816 96 ) 
4 1586 (-1104 816 128 ) (-1104 816 96 ) (-1424 816 96 ) (-1424 816 128 ) 
4 1586 (-1424 528 128 ) (-1424 528 96 ) (-1104 528 96 ) (-1104 528 128 ) 
4 1587 (-1088 880 32 ) (-1088 880 0 ) (-1024 880 0 ) (-1024 880 32 ) 
4 1587 (-1088 880 96 ) (-1088 880 32 ) (-1024 880 32 ) (-1024 880 96 ) 
4 1587 (-1072 880 96 ) (-1072 1024 96 ) (-1088 1024 96 ) (-1088 880 96 ) 
4 1587 (-1024 880 96 ) (-1024 896 96 ) (-1072 896 96 ) (-1072 880 96 ) 
4 1588 (-1088 160 0 ) (-1088 32 0 ) (-1088 32 32 ) (-1088 160 32 ) 
4 1588 (-1024 160 0 ) (-1088 160 0 ) (-1088 160 32 ) (-1024 160 32 ) 
4 1588 (-1024 32 32 ) (-1024 160 32 ) (-1088 160 32 ) (-1088 32 32 ) 
4 1588 (-1024 32 32 ) (-1088 32 32 ) (-1088 32 0 ) (-1024 32 0 ) 
4 1589 (-1104 512 96 ) (-1104 528 96 ) (-1424 528 96 ) (-1424 512 96 ) 
4 1589 (-1104 816 96 ) (-1104 848 96 ) (-1424 848 96 ) (-1424 816 96 ) 
4 1589 (-1088 512 96 ) (-1088 1024 96 ) (-1104 1024 96 ) (-1104 512 96 ) 
4 1589 (-1440 512 96 ) (-1424 512 96 ) (-1424 1024 96 ) (-1440 1024 96 ) 
4 1589 (-1088 512 64 ) (-1088 880 64 ) (-1088 880 96 ) (-1088 512 96 ) 
4 1589 (-1088 512 64 ) (-1088 512 96 ) (-1440 512 96 ) (-1440 512 64 ) 
4 1589 (-1440 1024 64 ) (-1440 512 64 ) (-1440 512 96 ) (-1440 1024 96 ) 
4 1590 (-1440 1024 64 ) (-1696 1024 64 ) (-1696 512 64 ) (-1440 512 64 ) 
4 1590 (-1088 512 0 ) (-1088 512 64 ) (-1696 512 64 ) (-1696 512 0 ) 
4 1590 (-1088 880 32 ) (-1088 512 32 ) (-1088 512 0 ) (-1088 880 0 ) 
4 1590 (-1088 512 64 ) (-1088 512 32 ) (-1088 880 32 ) (-1088 880 64 ) 
4 1590 (-1568 1024 64 ) (-1440 1024 64 ) (-1440 1024 0 ) (-1568 1024 0 ) 
4 1590 (-1600 1024 64 ) (-1568 1024 64 ) (-1568 1024 0 ) (-1600 1024 0 ) 
4 1590 (-1696 1024 64 ) (-1600 1024 64 ) (-1600 1024 0 ) (-1696 1024 0 ) 
4 1590 (-1696 1024 0 ) (-1696 512 0 ) (-1696 512 64 ) (-1696 1024 64 ) 
4 1591 (-1742 449.166687 128 ) (-1728 448 128 ) (-1728 512 128 ) (-1742 512 128 ) 
4 1591 (-1742 512 128 ) (-1728 512 128 ) (-1728 960 128 ) (-1742 960 128 ) 
4 1591 (-1742 960 128 ) (-1728 960 128 ) (-1728 1024 128 ) (-1742 1024 128 ) 
4 1591 (-1728 1024 128 ) (-1728 448 128 ) (-1728 448 0 ) (-1728 1024 0 ) 
4 1591 (-2048 474.666779 0 ) (-1728 448 0 ) (-1728 448 128 ) (-2048 474.666748 128 ) 
4 1592 (-1088 880 -128 ) (-1088 1024 -128 ) (-1024 1024 -128 ) (-1024 880 -128 ) 
4 1592 (-1088 880 0 ) (-1088 880 -128 ) (-1024 880 -128 ) (-1024 880 0 ) 
4 1593 (-1088 512 -64 ) (-1088 512 -128 ) (-1024 512 -128 ) (-1024 512 -64 ) 
4 1593 (-1024 704 -64 ) (-1024 704 -128 ) (-1088 704 -128 ) (-1088 704 -64 ) 
4 1593 (-1024 704 -64 ) (-1088 704 -64 ) (-1088 512 -64 ) (-1024 512 -64 ) 
4 1594 (-1088 512 -128 ) (-1088 512 -384 ) (-1024 512 -384 ) (-1024 512 -128 ) 
4 1594 (-1024 512 -384 ) (-1088 512 -384 ) (-1088 704 -384 ) (-1024 704 -384 ) 
4 1594 (-1088 704 -128 ) (-1024 704 -128 ) (-1024 704 -384 ) (-1088 704 -384 ) 
4 1595 (-1088 32 0 ) (-1088 160 0 ) (-1088 160 -96 ) (-1088 32 -96 ) 
4 1595 (-1088 32 -96 ) (-1088 160 -96 ) (-1024 160 -96 ) (-1024 32 -96 ) 
4 1595 (-1024 160 0 ) (-1024 160 -96 ) (-1088 160 -96 ) (-1088 160 0 ) 
4 1595 (-1088 32 0 ) (-1088 32 -96 ) (-1024 32 -96 ) (-1024 32 0 ) 
4 1596 (-1312 512 -384 ) (-1312 512 -368 ) (-1312 640 -368 ) (-1312 640 -384 ) 
4 1596 (-1312 640 -304 ) (-1312 1024 -304 ) (-1312 1024 -384 ) (-1312 640 -384 ) 
4 1596 (-1312 928 -288 ) (-1312 960 -288 ) (-1312 960 -304 ) (-1312 928 -304 ) 
4 1596 (-1312 992 -272 ) (-1312 992 -304 ) (-1312 960 -304 ) (-1312 960 -272 ) 
4 1596 (-1312 1024 -256 ) (-1312 1024 -304 ) (-1312 992 -304 ) (-1312 992 -256 ) 
4 1596 (-1312 512 0 ) (-1312 512 -384 ) (-1088 512 -384 ) (-1088 512 0 ) 
4 1596 (-1088 704 -384 ) (-1088 1024 -384 ) (-1088 1024 -128 ) (-1088 704 -128 ) 
4 1596 (-1088 704 -64 ) (-1088 704 0 ) (-1088 512 0 ) (-1088 512 -64 ) 
4 1596 (-1088 704 -128 ) (-1088 880 -128 ) (-1088 880 0 ) (-1088 704 0 ) 
4 1596 (-1248 1024 -208 ) (-1248 1024 -192 ) (-1216 1024 -192 ) (-1216 1024 -208 ) 
4 1596 (-1280 1024 -208 ) (-1216 1024 -208 ) (-1216 1024 -224 ) (-1280 1024 -224 ) 
4 1596 (-1216 1024 -176 ) (-1184 1024 -176 ) (-1184 1024 -208 ) (-1216 1024 -224 ) 
4 1596 (-1216 1024 -224 ) (-1248 1024 -240 ) (-1312 1024 -240 ) (-1312 1024 -224 ) 
3 1596 (-1312 1024 -240 ) (-1248 1024 -240 ) (-1312 1024 -272 ) 
4 1596 (-1152 1024 -160 ) (-1152 1024 -192 ) (-1184 1024 -208 ) (-1184 1024 -160 ) 
4 1596 (-1120 1024 -144 ) (-1120 1024 -176 ) (-1152 1024 -192 ) (-1152 1024 -144 ) 
4 1596 (-1088 1024 -160 ) (-1120 1024 -176 ) (-1120 1024 -128 ) (-1088 1024 -128 ) 
4 1596 (-1088 1024 -384 ) (-1120 1024 -384 ) (-1120 1024 -240 ) (-1088 1024 -256 ) 
3 1596 (-1088 1024 -256 ) (-1184 1024 -208 ) (-1088 1024 -160 ) 
4 1596 (-1088 512 -384 ) (-1312 512 -384 ) (-1312 1024 -384 ) (-1088 1024 -384 ) 
4 1597 (-1312 1024 -240 ) (-1312 1024 -256 ) (-1440 1024 -256 ) (-1440 1024 -240 ) 
4 1597 (-1312 992 -256 ) (-1440 992 -256 ) (-1440 1024 -256 ) (-1312 1024 -256 ) 
4 1598 (-1312 992 -256 ) (-1312 992 -272 ) (-1440 992 -272 ) (-1440 992 -256 ) 
4 1598 (-1312 960 -272 ) (-1440 960 -272 ) (-1440 992 -272 ) (-1312 992 -272 ) 
4 1599 (-1440 928 -288 ) (-1440 960 -288 ) (-1312 960 -288 ) (-1312 928 -288 ) 
4 1599 (-1440 512 0 ) (-1440 512 -288 ) (-1312 512 -288 ) (-1312 512 0 ) 
4 1599 (-1312 960 -272 ) (-1312 960 -288 ) (-1440 960 -288 ) (-1440 960 -272 ) 
4 1600 (-1440 640 -304 ) (-1440 928 -304 ) (-1312 928 -304 ) (-1312 640 -304 ) 
4 1600 (-1440 512 -288 ) (-1440 512 -304 ) (-1312 512 -304 ) (-1312 512 -288 ) 
4 1600 (-1440 928 -288 ) (-1312 928 -288 ) (-1312 928 -304 ) (-1440 928 -304 ) 
4 1601 (-1376 640 -336 ) (-1376 640 -352 ) (-1376 512 -352 ) (-1376 512 -336 ) 
4 1601 (-1344 512 -352 ) (-1376 512 -352 ) (-1376 640 -352 ) (-1344 640 -352 ) 
4 1601 (-1376 640 -352 ) (-1376 640 -304 ) (-1312 640 -304 ) (-1312 640 -352 ) 
4 1601 (-1312 512 -352 ) (-1312 512 -304 ) (-1376 512 -304 ) (-1376 512 -352 ) 
4 1602 (-1312 512 -368 ) (-1344 512 -368 ) (-1344 640 -368 ) (-1312 640 -368 ) 
4 1602 (-1312 512 -368 ) (-1312 512 -352 ) (-1344 512 -352 ) (-1344 512 -368 ) 
4 1602 (-1344 640 -368 ) (-1344 640 -352 ) (-1312 640 -352 ) (-1312 640 -368 ) 
4 1602 (-1344 640 -368 ) (-1344 512 -368 ) (-1344 512 -352 ) (-1344 640 -352 ) 
4 1603 (-1408 640 -320 ) (-1408 640 -336 ) (-1408 512 -336 ) (-1408 512 -320 ) 
4 1603 (-1376 640 -336 ) (-1408 640 -336 ) (-1408 640 -304 ) (-1376 640 -304 ) 
4 1603 (-1376 512 -304 ) (-1408 512 -304 ) (-1408 512 -336 ) (-1376 512 -336 ) 
4 1603 (-1408 512 -336 ) (-1408 640 -336 ) (-1376 640 -336 ) (-1376 512 -336 ) 
4 1604 (-1440 512 -320 ) (-1440 512 -304 ) (-1440 640 -304 ) (-1440 640 -320 ) 
4 1604 (-1408 640 -320 ) (-1440 640 -320 ) (-1440 640 -304 ) (-1408 640 -304 ) 
4 1604 (-1408 512 -304 ) (-1440 512 -304 ) (-1440 512 -320 ) (-1408 512 -320 ) 
4 1604 (-1440 640 -320 ) (-1408 640 -320 ) (-1408 512 -320 ) (-1440 512 -320 ) 
4 1605 (-1696 512 -304 ) (-1696 512 -64 ) (-1696 592 -64 ) (-1696 592 -304 ) 
4 1605 (-1696 592 -64 ) (-1696 688 -64 ) (-1696 688 -112 ) (-1696 592 -112 ) 
4 1605 (-1696 688 -288 ) (-1696 688 -304 ) (-1696 592 -304 ) (-1696 592 -288 ) 
4 1605 (-1696 688 -64 ) (-1696 848 -64 ) (-1696 848 -304 ) (-1696 688 -304 ) 
4 1605 (-1696 944 -304 ) (-1696 848 -304 ) (-1696 848 -288 ) (-1696 944 -288 ) 
4 1605 (-1696 1024 -112 ) (-1696 1024 -304 ) (-1696 944 -304 ) (-1696 944 -112 ) 
4 1605 (-1696 848 -64 ) (-1696 1024 -64 ) (-1696 1024 -112 ) (-1696 848 -112 ) 
4 1605 (-1696 512 -64 ) (-1696 512 0 ) (-1696 1024 0 ) (-1696 1024 -64 ) 
4 1605 (-1696 512 -64 ) (-1696 512 -304 ) (-1440 512 -304 ) (-1440 512 -64 ) 
4 1605 (-1696 512 0 ) (-1696 512 -64 ) (-1440 512 -64 ) (-1440 512 0 ) 
4 1605 (-1440 928 -288 ) (-1440 928 -304 ) (-1440 960 -304 ) (-1440 960 -288 ) 
4 1605 (-1440 960 -272 ) (-1440 960 -304 ) (-1440 992 -304 ) (-1440 992 -272 ) 
4 1605 (-1440 992 -256 ) (-1440 992 -304 ) (-1440 1024 -304 ) (-1440 1024 -256 ) 
4 1605 (-1696 1024 -304 ) (-1696 1024 0 ) (-1600 1024 0 ) (-1600 1024 -304 ) 
4 1605 (-1440 1024 -304 ) (-1600 1024 -304 ) (-1600 1024 -128 ) (-1440 1024 -128 ) 
4 1605 (-1440 1024 -128 ) (-1600 1024 -128 ) (-1600 1024 0 ) (-1440 1024 0 ) 
4 1605 (-1440 512 -304 ) (-1696 512 -304 ) (-1696 1024 -304 ) (-1440 1024 -304 ) 
4 1606 (-1680 352 -320 ) (-1584 352 -320 ) (-1584 352 -272 ) (-1680 352 -272 ) 
4 1606 (-1584 352 -64 ) (-1584 352 -320 ) (-1584 448 -320 ) (-1584 448 -64 ) 
4 1606 (-1696 352 -320 ) (-1696 448 -320 ) (-1584 448 -320 ) (-1584 352 -320 ) 
4 1606 (-1584 352 -64 ) (-1584 448 -64 ) (-1696 448 -64 ) (-1696 352 -64 ) 
4 1606 (-1696 448 -64 ) (-1584 448 -64 ) (-1584 448 -320 ) (-1696 448 -320 ) 
4 1607 (-1680 320 -64 ) (-1584 320 -64 ) (-1584 352 -64 ) (-1680 352 -64 ) 
4 1607 (-1584 352 -272 ) (-1584 352 -64 ) (-1584 320 -64 ) (-1584 320 -272 ) 
4 1607 (-1584 320 -272 ) (-1584 320 -64 ) (-1680 320 -64 ) (-1680 320 -272 ) 
4 1607 (-1584 320 -272 ) (-1680 320 -272 ) (-1680 352 -272 ) (-1584 352 -272 ) 
4 1608 (-1696 352 -272 ) (-1696 352 -320 ) (-1696 320 -320 ) (-1696 320 -272 ) 
4 1608 (-1680 320 -272 ) (-1680 320 -320 ) (-1680 352 -320 ) (-1680 352 -272 ) 
4 1608 (-1696 320 -320 ) (-1680 320 -320 ) (-1680 320 -64 ) (-1696 320 -64 ) 
4 1608 (-1696 320 -320 ) (-1696 352 -320 ) (-1680 352 -320 ) (-1680 320 -320 ) 
4 1608 (-1680 320 -64 ) (-1680 352 -64 ) (-1696 352 -64 ) (-1696 320 -64 ) 
4 1609 (-1696 848 -272 ) (-1696 848 -112 ) (-1728 848 -112 ) (-1728 848 -272 ) 
4 1609 (-1704 848 -272 ) (-1728 848 -272 ) (-1728 944 -272 ) (-1704 944 -272 ) 
4 1609 (-1728 944 -272 ) (-1728 944 -112 ) (-1696 944 -112 ) (-1696 944 -272 ) 
4 1609 (-1696 944 -112 ) (-1728 944 -112 ) (-1728 848 -112 ) (-1696 848 -112 ) 
4 1610 (-1696 848 -288 ) (-1696 848 -272 ) (-1704 848 -272 ) (-1704 848 -288 ) 
4 1610 (-1696 848 -288 ) (-1704 848 -288 ) (-1704 944 -288 ) (-1696 944 -288 ) 
4 1610 (-1704 944 -288 ) (-1704 944 -272 ) (-1696 944 -272 ) (-1696 944 -288 ) 
4 1610 (-1704 944 -288 ) (-1704 848 -288 ) (-1704 848 -272 ) (-1704 944 -272 ) 
4 1611 (-1696 592 -272 ) (-1696 592 -112 ) (-1728 592 -112 ) (-1728 592 -272 ) 
4 1611 (-1704 592 -272 ) (-1728 592 -272 ) (-1728 688 -272 ) (-1704 688 -272 ) 
4 1611 (-1696 688 -112 ) (-1728 688 -112 ) (-1728 592 -112 ) (-1696 592 -112 ) 
4 1611 (-1728 688 -272 ) (-1728 688 -112 ) (-1696 688 -112 ) (-1696 688 -272 ) 
4 1612 (-1696 592 -288 ) (-1696 592 -272 ) (-1704 592 -272 ) (-1704 592 -288 ) 
4 1612 (-1696 592 -288 ) (-1704 592 -288 ) (-1704 688 -288 ) (-1696 688 -288 ) 
4 1612 (-1704 688 -288 ) (-1704 688 -272 ) (-1696 688 -272 ) (-1696 688 -288 ) 
4 1612 (-1704 688 -288 ) (-1704 592 -288 ) (-1704 592 -272 ) (-1704 688 -272 ) 
4 1613 (-1728 352 -320 ) (-1696 352 -320 ) (-1696 352 -272 ) (-1728 352 -272 ) 
4 1613 (-1728 352 -320 ) (-1728 448 -320 ) (-1696 448 -320 ) (-1696 352 -320 ) 
4 1613 (-1696 352 -64 ) (-1696 448 -64 ) (-1728 448 -64 ) (-1728 352 -64 ) 
4 1613 (-1728 448 -64 ) (-1696 448 -64 ) (-1696 448 -320 ) (-1728 448 -320 ) 
4 1614 (-1696 320 -272 ) (-1696 320 -64 ) (-1728 320 -64 ) (-1728 320 -272 ) 
4 1614 (-1696 320 -64 ) (-1696 352 -64 ) (-1728 352 -64 ) (-1728 320 -64 ) 
4 1614 (-1696 320 -272 ) (-1728 320 -272 ) (-1728 352 -272 ) (-1696 352 -272 ) 
4 1615 (-1728 448 -64 ) (-1728 1024 -64 ) (-1728 1024 0 ) (-1728 448 0 ) 
4 1615 (-2048 474.665985 -64 ) (-1728 448 -64 ) (-1728 448 0 ) (-2048 474.665985 0 ) 
4 1616 (-1920 320 -272 ) (-2016 320 -272 ) (-2016 352 -272 ) (-1920 352 -272 ) 
4 1616 (-1808 320 -272 ) (-1904 320 -272 ) (-1904 352 -272 ) (-1808 352 -272 ) 
4 1616 (-2032 320 -272 ) (-2048 320 -272 ) (-2048 352 -272 ) (-2032 352 -272 ) 
4 1616 (-1728 352 -272 ) (-1728 320 -272 ) (-1792 320 -272 ) (-1792 352 -272 ) 
4 1616 (-1728 448 -64 ) (-2048 474.666687 -64 ) (-2048 320 -64 ) (-1728 320 -64 ) 
4 1616 (-2048 320 -272 ) (-1728 320 -272 ) (-1728 320 -64 ) (-2048 320 -64 ) 
4 1616 (-1728 1024 -112 ) (-1728 1024 -64 ) (-1728 848 -64 ) (-1728 848 -112 ) 
4 1616 (-1728 1024 -272 ) (-1728 1024 -112 ) (-1728 944 -112 ) (-1728 944 -272 ) 
4 1616 (-1728 688 -272 ) (-1728 848 -272 ) (-1728 848 -64 ) (-1728 688 -64 ) 
4 1616 (-1728 592 -112 ) (-1728 688 -112 ) (-1728 688 -64 ) (-1728 592 -64 ) 
4 1616 (-1728 448 -272 ) (-1728 592 -272 ) (-1728 592 -64 ) (-1728 448 -64 ) 
4 1617 (-1728 448 -512 ) (-1728 448 -320 ) (-2048 448 -320 ) (-2048 448 -512 ) 
4 1617 (-1728 448 -272 ) (-1728 448 -320 ) (-1728 592 -320 ) (-1728 592 -272 ) 
4 1617 (-1728 592 -272 ) (-1728 592 -288 ) (-1728 688 -288 ) (-1728 688 -272 ) 
4 1617 (-1728 592 -288 ) (-1728 592 -320 ) (-1728 688 -320 ) (-1728 688 -288 ) 
4 1617 (-1728 688 -272 ) (-1728 688 -320 ) (-1728 848 -320 ) (-1728 848 -272 ) 
4 1617 (-1728 848 -512 ) (-1728 848 -320 ) (-1728 448 -320 ) (-1728 448 -512 ) 
4 1617 (-1728 944 -288 ) (-1728 944 -272 ) (-1728 848 -272 ) (-1728 848 -288 ) 
4 1617 (-1728 944 -512 ) (-1728 944 -288 ) (-1728 848 -288 ) (-1728 848 -512 ) 
4 1617 (-1728 1024 -512 ) (-1728 1024 -272 ) (-1728 944 -272 ) (-1728 944 -512 ) 
4 1617 (-1728 448 -512 ) (-2048 448 -512 ) (-2048 1024 -512 ) (-1728 1024 -512 ) 
4 1618 (-1920 352 -272 ) (-2016 352 -272 ) (-2016 352 -320 ) (-1920 352 -320 ) 
4 1618 (-1808 352 -272 ) (-1904 352 -272 ) (-1904 352 -320 ) (-1808 352 -320 ) 
4 1618 (-2032 352 -272 ) (-2048 352 -272 ) (-2048 352 -320 ) (-2032 352 -320 ) 
4 1618 (-1728 352 -320 ) (-1728 352 -272 ) (-1792 352 -272 ) (-1792 352 -320 ) 
4 1618 (-1728 352 -320 ) (-2048 352 -320 ) (-2048 448 -320 ) (-1728 448 -320 ) 
4 1619 (-1792 320 -272 ) (-1792 320 -320 ) (-1792 352 -320 ) (-1792 352 -272 ) 
4 1619 (-1792 320 -272 ) (-1808 320 -272 ) (-1808 320 -320 ) (-1792 320 -320 ) 
4 1619 (-1792 320 -320 ) (-1808 320 -320 ) (-1808 352 -320 ) (-1792 352 -320 ) 
4 1619 (-1808 352 -272 ) (-1808 352 -320 ) (-1808 320 -320 ) (-1808 320 -272 ) 
4 1620 (-1920 352 -272 ) (-1920 352 -320 ) (-1920 320 -320 ) (-1920 320 -272 ) 
4 1620 (-1904 320 -272 ) (-1920 320 -272 ) (-1920 320 -320 ) (-1904 320 -320 ) 
4 1620 (-1904 320 -320 ) (-1920 320 -320 ) (-1920 352 -320 ) (-1904 352 -320 ) 
4 1620 (-1904 320 -272 ) (-1904 320 -320 ) (-1904 352 -320 ) (-1904 352 -272 ) 
4 1621 (-2032 352 -272 ) (-2032 352 -320 ) (-2032 320 -320 ) (-2032 320 -272 ) 
4 1621 (-2016 320 -320 ) (-2032 320 -320 ) (-2032 352 -320 ) (-2016 352 -320 ) 
4 1621 (-2016 320 -272 ) (-2032 320 -272 ) (-2032 320 -320 ) (-2016 320 -320 ) 
4 1621 (-2016 320 -272 ) (-2016 320 -320 ) (-2016 352 -320 ) (-2016 352 -272 ) 
4 1622 (-1024 -160 32 ) (-1088 -160 32 ) (-1088 -160 0 ) (-1024 -160 0 ) 
4 1622 (-1088 -32 0 ) (-1088 -160 0 ) (-1088 -160 32 ) (-1088 -32 32 ) 
4 1622 (-1024 -160 32 ) (-1024 -32 32 ) (-1088 -32 32 ) (-1088 -160 32 ) 
4 1622 (-1024 -32 0 ) (-1088 -32 0 ) (-1088 -32 32 ) (-1024 -32 32 ) 
4 1623 (-1088 -160 0 ) (-1088 -160 -96 ) (-1024 -160 -96 ) (-1024 -160 0 ) 
4 1623 (-1088 -160 0 ) (-1088 -32 0 ) (-1088 -32 -96 ) (-1088 -160 -96 ) 
4 1623 (-1088 -160 -96 ) (-1088 -32 -96 ) (-1024 -32 -96 ) (-1024 -160 -96 ) 
4 1623 (-1024 -32 0 ) (-1024 -32 -96 ) (-1088 -32 -96 ) (-1088 -32 0 ) 
3 1624 (-2112 1472.003052 384.001495 ) (-2112 1097 196.499969 ) (-2112 1097 200.489365 ) 
4 1624 (-2080 1456 376.001587 ) (-2064 1456 376.001587 ) (-2064 1097 196.501587 ) (-2080 1097 196.501587 ) 
4 1624 (-2112 1097 196.501587 ) (-2112 1456 376.001587 ) (-2080 1456 376.001587 ) (-2080 1097 196.501587 ) 
4 1624 (-2064 1456 376.001587 ) (-2048 1456 376.001587 ) (-2048 1104 200.001587 ) (-2064 1104 200.001587 ) 
4 1624 (-2048 1104 200.001587 ) (-2048 1097 196.501587 ) (-2064 1097 196.501587 ) (-2064 1104 200.001587 ) 
4 1624 (-2064 1471.849731 383.926453 ) (-2048 1471.849731 383.926453 ) (-2048 1456 376.001587 ) (-2064 1456 376.001587 ) 
4 1624 (-2112 1456 376.001587 ) (-2112 1471.849731 383.926453 ) (-2064 1471.849731 383.926453 ) (-2064 1456 376.001587 ) 
4 1624 (-2048 1472.395142 384.196442 ) (-2112 1472.395142 384.196442 ) (-2112 1097 200.491165 ) (-2048 1097 200.491165 ) 
4 1624 (-2112 1097 196.500854 ) (-2048 1097 196.500854 ) (-2048 1097 200.484375 ) (-2112 1097 200.484375 ) 
4 1625 (-2064 1472 336 ) (-2064 1472 176 ) (-2064 1456 176 ) (-2064 1456 336 ) 
4 1625 (-2048 1456 176 ) (-2064 1456 176 ) (-2064 1472 176 ) (-2048 1472 176 ) 
4 1625 (-2064 1472 336 ) (-2048 1472 336 ) (-2048 1472 176 ) (-2064 1472 176 ) 
4 1625 (-2048 1472 336 ) (-2064 1472 336 ) (-2064 1456 336 ) (-2048 1456 336 ) 
5 1626 (-2064 1456 360 ) (-2064 1456 344 ) (-2064 1120 176 ) (-2064 1104 176 ) (-2064 1104 184 ) 
4 1626 (-2064 1456 176 ) (-2064 1456 144 ) (-2064 1104 144 ) (-2064 1104 176 ) 
4 1626 (-2064 1104 184 ) (-2064 1104 144 ) (-2048 1104 144 ) (-2048 1104 184 ) 
4 1626 (-2064 1456 176 ) (-2048 1456 176 ) (-2048 1456 144 ) (-2064 1456 144 ) 
4 1626 (-2064 1456 336 ) (-2064 1456 360 ) (-2048 1456 360 ) (-2048 1456 336 ) 
4 1626 (-2048 1456 360.001312 ) (-2064 1456 360.001312 ) (-2064 1104 184.001312 ) (-2048 1104 184.001312 ) 
4 1627 (-2080 1120 176 ) (-2080 1456 176 ) (-2064 1456 176 ) (-2064 1120 176 ) 
4 1627 (-2064 1456 344 ) (-2064 1456 176 ) (-2080 1456 176 ) (-2080 1456 344 ) 
3 1627 (-2080 1456 344 ) (-2080 1456 176 ) (-2080 1120 176 ) 
4 1627 (-2080 1456 344 ) (-2080 1120.002197 176 ) (-2064 1120.002197 176 ) (-2064 1456 343.998901 ) 
4 1628 (-2112 1024 256 ) (-2112 1024 400 ) (-2112 1056 400 ) (-2112 1056 256 ) 
4 1628 (-2112 1056 400 ) (-2112 1096 400 ) (-2112 1096 211 ) (-2112 1056 191 ) 
4 1628 (-2048 1041.997559 184 ) (-2112 1041.997559 184 ) (-2112 1096 211 ) (-2048 1096 211 ) 
4 1628 (-2048 1096 428.235199 ) (-2048 1096 211 ) (-2112 1096 211 ) (-2112 1096 400 ) 
4 1628 (-2048 1096 428.241669 ) (-2112 1096 400.007416 ) (-2112 1024 400.007416 ) (-2048 1024 428.242706 ) 
4 1629 (-2048 1042 184 ) (-2048 1056 184 ) (-2112 1056 184 ) (-2112 1042 184 ) 
4 1629 (-2112 1056 184 ) (-2048 1056 184 ) (-2048 1056 144 ) (-2112 1056 144 ) 
4 1630 (-2072 1464 144 ) (-2048 1464 144 ) (-2048 1464 112 ) (-2072 1464 112 ) 
4 1630 (-2072 1096 144 ) (-2064 1096 144 ) (-2064 1456 144 ) (-2072 1456 144 ) 
4 1630 (-2064 1104 144 ) (-2064 1096 144 ) (-2048 1096 144 ) (-2048 1104 144 ) 
4 1630 (-2072 1464 144 ) (-2072 1456 144 ) (-2048 1456 144 ) (-2048 1464 144 ) 
4 1630 (-2072 1096 112 ) (-2048 1096 112 ) (-2048 1096 144 ) (-2072 1096 144 ) 
4 1630 (-2072 1464 144 ) (-2072 1464 112 ) (-2072 1096 112 ) (-2072 1096 144 ) 
4 1631 (-2048 1056 144 ) (-2048 1056 112 ) (-2080 1056 112 ) (-2080 1056 144 ) 
4 1632 (-2080 1232 0 ) (-2080 1088 0 ) (-2080 1088 32 ) (-2080 1232 32 ) 
4 1632 (-2080 1088 32 ) (-2080 1088 112 ) (-2080 1328 112 ) (-2080 1328 32 ) 
4 1632 (-2080 1472 0 ) (-2080 1328 0 ) (-2080 1328 112 ) (-2080 1472 112 ) 
4 1632 (-2048 1088 112 ) (-2048 1096 112 ) (-2080 1096 112 ) (-2080 1088 112 ) 
4 1632 (-2048 1464 112 ) (-2048 1472 112 ) (-2080 1472 112 ) (-2080 1464 112 ) 
4 1632 (-2072 1096 112 ) (-2072 1464 112 ) (-2080 1464 112 ) (-2080 1096 112 ) 
4 1632 (-2048 1472 0 ) (-2080 1472 0 ) (-2080 1472 112 ) (-2048 1472 112 ) 
4 1632 (-2048 1088 112 ) (-2080 1088 112 ) (-2080 1088 0 ) (-2048 1088 0 ) 
4 1633 (-2048 1056 0 ) (-2080 1056 0 ) (-2080 1056 112 ) (-2048 1056 112 ) 
4 1634 (-2112 1328 0 ) (-2112 1232 0 ) (-2112 1232 32 ) (-2112 1328 32 ) 
4 1634 (-2080 1232 32 ) (-2080 1328 32 ) (-2112 1328 32 ) (-2112 1232 32 ) 
4 1634 (-2112 1328 0 ) (-2112 1328 32 ) (-2080 1328 32 ) (-2080 1328 0 ) 
4 1634 (-2080 1232 0 ) (-2080 1232 32 ) (-2112 1232 32 ) (-2112 1232 0 ) 
4 1635 (-2112 1056 0 ) (-2112 1056 32 ) (-2080 1056 32 ) (-2080 1056 0 ) 
4 1635 (-2112 1056 32 ) (-2112 1056 144 ) (-2080 1056 144 ) (-2080 1056 32 ) 
4 1636 (-2112 1056 256 ) (-2112 1056 0 ) (-2240 1056 0 ) (-2240 1056 256 ) 
3 1636 (-2112 1056 191 ) (-2112 1042 184 ) (-2112 1056 184 ) 
4 1636 (-2240 1056 0 ) (-2240 1024 0 ) (-2240 1024 256 ) (-2240 1056 256 ) 
4 1636 (-2112 1024 256 ) (-2112 1056 256 ) (-2240 1056 256 ) (-2240 1024 256 ) 
4 1637 (-2080 1328 0 ) (-2080 1472 0 ) (-2080 1472 -144 ) (-2080 1328 -144 ) 
4 1637 (-2080 1088 -144 ) (-2080 1088 0 ) (-2080 1232 0 ) (-2080 1232 -144 ) 
4 1637 (-2080 1088 -160 ) (-2080 1088 -144 ) (-2080 1472 -144 ) (-2080 1472 -160 ) 
4 1637 (-2080 1088 0 ) (-2080 1088 -160 ) (-2048 1088 -160 ) (-2048 1088 0 ) 
4 1637 (-2048 1472 0 ) (-2048 1472 -160 ) (-2080 1472 -160 ) (-2080 1472 0 ) 
4 1637 (-2048 1088 -160 ) (-2080 1088 -160 ) (-2080 1472 -160 ) (-2048 1472 -160 ) 
4 1638 (-2112 1328 -112 ) (-2112 1328 -128 ) (-2112 1232 -128 ) (-2112 1232 -112 ) 
4 1638 (-2112 1232 0 ) (-2112 1328 0 ) (-2112 1328 -112 ) (-2112 1232 -112 ) 
4 1638 (-2088 1232 -128 ) (-2112 1232 -128 ) (-2112 1328 -128 ) (-2088 1328 -128 ) 
4 1638 (-2080 1328 0 ) (-2080 1328 -128 ) (-2112 1328 -128 ) (-2112 1328 0 ) 
4 1638 (-2112 1232 0 ) (-2112 1232 -128 ) (-2080 1232 -128 ) (-2080 1232 0 ) 
4 1639 (-2088 1232 -144 ) (-2080 1232 -144 ) (-2080 1232 -128 ) (-2088 1232 -128 ) 
4 1639 (-2080 1328 -144 ) (-2080 1232 -144 ) (-2088 1232 -144 ) (-2088 1328 -144 ) 
4 1639 (-2088 1328 -128 ) (-2080 1328 -128 ) (-2080 1328 -144 ) (-2088 1328 -144 ) 
4 1639 (-2088 1232 -144 ) (-2088 1232 -128 ) (-2088 1328 -128 ) (-2088 1328 -144 ) 
4 1640 (-2112 1024 -512 ) (-2112 1024 -320 ) (-2112 1056 -320 ) (-2112 1056 -512 ) 
4 1640 (-2080 1056 -512 ) (-2080 1056 0 ) (-2048 1056 0 ) (-2048 1056 -512 ) 
4 1640 (-2080 1056 -144 ) (-2080 1056 -512 ) (-2112 1056 -512 ) (-2112 1056 -144 ) 
4 1640 (-2080 1056 0 ) (-2080 1056 -144 ) (-2112 1056 -144 ) (-2112 1056 0 ) 
4 1640 (-2048 1024 -512 ) (-2112 1024 -512 ) (-2112 1056 -512 ) (-2048 1056 -512 ) 
4 1641 (-2240 1056 -112 ) (-2240 1024 -112 ) (-2240 1024 0 ) (-2240 1056 0 ) 
4 1641 (-2112 1056 0 ) (-2112 1056 -112 ) (-2240 1056 -112 ) (-2240 1056 0 ) 
4 1642 (-2112 1424 -128 ) (-2112 1424 -112 ) (-2112 1328 -112 ) (-2112 1328 -128 ) 
4 1642 (-2120 1424 -112 ) (-2120 1328 -112 ) (-2112 1328 -112 ) (-2112 1424 -112 ) 
4 1642 (-2120 1424 -128 ) (-2120 1424 -112 ) (-2112 1424 -112 ) (-2112 1424 -128 ) 
4 1642 (-2120 1328 -112 ) (-2120 1328 -128 ) (-2112 1328 -128 ) (-2112 1328 -112 ) 
4 1643 (-2112 1328 -128 ) (-2120 1328 -128 ) (-2120 1232 -128 ) (-2112 1232 -128 ) 
4 1643 (-2120 1424 -128 ) (-2112 1424 -128 ) (-2112 1424 -272 ) (-2120 1424 -272 ) 
4 1643 (-2112 1232 -128 ) (-2112 1232 -144 ) (-2112 1328 -144 ) (-2112 1328 -128 ) 
4 1643 (-2112 1424 -128 ) (-2112 1328 -128 ) (-2112 1328 -144 ) (-2112 1424 -144 ) 
4 1643 (-2112 1232 -272 ) (-2112 1424 -272 ) (-2112 1424 -144 ) (-2112 1232 -144 ) 
4 1644 (-2112 1232 -112 ) (-2112 1232 -128 ) (-2120 1232 -128 ) (-2120 1232 -112 ) 
4 1644 (-2112 1232 -272 ) (-2112 1232 -144 ) (-2112 1056 -144 ) (-2112 1056 -272 ) 
4 1644 (-2112 1232 -144 ) (-2112 1232 -112 ) (-2112 1056 -112 ) (-2112 1056 -144 ) 
4 1644 (-2120 1232 -112 ) (-2120 1056 -112 ) (-2112 1056 -112 ) (-2112 1232 -112 ) 
4 1645 (-2240 1104 -272 ) (-2240 1200 -272 ) (-2208 1200 -272 ) (-2208 1104 -272 ) 
4 1645 (-2240 1216 -272 ) (-2240 1312 -272 ) (-2208 1312 -272 ) (-2208 1216 -272 ) 
4 1645 (-2208 1024 -272 ) (-2240 1024 -272 ) (-2240 1088 -272 ) (-2208 1088 -272 ) 
4 1645 (-2240 1328 -272 ) (-2240 1424 -272 ) (-2208 1424 -272 ) (-2208 1328 -272 ) 
4 1645 (-2120 1424 -112 ) (-2240 1424 -112 ) (-2240 1056 -112 ) (-2120 1056 -112 ) 
4 1645 (-2240 1424 -112 ) (-2120 1424 -112 ) (-2120 1424 -272 ) (-2240 1424 -272 ) 
4 1645 (-2120 1328 -112 ) (-2120 1232 -112 ) (-2120 1232 -128 ) (-2120 1328 -128 ) 
4 1645 (-2240 1424 -112 ) (-2240 1424 -272 ) (-2240 1024 -272 ) (-2240 1024 -112 ) 
4 1646 (-2208 1104 -272 ) (-2208 1200 -272 ) (-2208 1200 -320 ) (-2208 1104 -320 ) 
4 1646 (-2208 1216 -272 ) (-2208 1312 -272 ) (-2208 1312 -320 ) (-2208 1216 -320 ) 
4 1646 (-2208 1024 -320 ) (-2208 1024 -272 ) (-2208 1088 -272 ) (-2208 1088 -320 ) 
4 1646 (-2208 1328 -272 ) (-2208 1424 -272 ) (-2208 1424 -320 ) (-2208 1328 -320 ) 
4 1646 (-2112 1424 -272 ) (-2112 1424 -320 ) (-2208 1424 -320 ) (-2208 1424 -272 ) 
4 1646 (-2112 1424 -320 ) (-2112 1424 -272 ) (-2112 1056 -272 ) (-2112 1056 -320 ) 
4 1646 (-2208 1024 -320 ) (-2208 1424 -320 ) (-2112 1424 -320 ) (-2112 1024 -320 ) 
4 1647 (-2240 1312 -272 ) (-2240 1312 -320 ) (-2208 1312 -320 ) (-2208 1312 -272 ) 
4 1647 (-2240 1328 -320 ) (-2240 1312 -320 ) (-2240 1312 -272 ) (-2240 1328 -272 ) 
4 1647 (-2208 1328 -320 ) (-2208 1312 -320 ) (-2240 1312 -320 ) (-2240 1328 -320 ) 
4 1647 (-2208 1328 -272 ) (-2208 1328 -320 ) (-2240 1328 -320 ) (-2240 1328 -272 ) 
4 1648 (-2208 1216 -272 ) (-2208 1216 -320 ) (-2240 1216 -320 ) (-2240 1216 -272 ) 
4 1648 (-2208 1216 -320 ) (-2208 1200 -320 ) (-2240 1200 -320 ) (-2240 1216 -320 ) 
4 1648 (-2240 1216 -320 ) (-2240 1200 -320 ) (-2240 1200 -272 ) (-2240 1216 -272 ) 
4 1648 (-2240 1200 -272 ) (-2240 1200 -320 ) (-2208 1200 -320 ) (-2208 1200 -272 ) 
4 1649 (-2208 1104 -272 ) (-2208 1104 -320 ) (-2240 1104 -320 ) (-2240 1104 -272 ) 
4 1649 (-2208 1104 -320 ) (-2208 1088 -320 ) (-2240 1088 -320 ) (-2240 1104 -320 ) 
4 1649 (-2240 1104 -320 ) (-2240 1088 -320 ) (-2240 1088 -272 ) (-2240 1104 -272 ) 
4 1649 (-2240 1088 -272 ) (-2240 1088 -320 ) (-2208 1088 -320 ) (-2208 1088 -272 ) 
4 1650 (-2112 480 256 ) (-2048 480 256 ) (-2048 480 428.235199 ) (-2112 480 400 ) 
4 1650 (-2112 1024 400 ) (-2112 1024 256 ) (-2112 480 256 ) (-2112 480 400 ) 
4 1650 (-2048 1024 428.233856 ) (-2112 1024 400.001404 ) (-2112 480 400.001404 ) (-2048 480 428.236694 ) 
4 1651 (-2240 480 0 ) (-2112 480 0 ) (-2112 480 136 ) (-2240 480 136 ) 
4 1651 (-2048 480 136 ) (-2048 480 256 ) (-2240 480 256 ) (-2240 480 136 ) 
4 1651 (-2112 1024 256 ) (-2240 1024 256 ) (-2240 480 256 ) (-2112 480 256 ) 
4 1651 (-2240 1024 0 ) (-2240 480 0 ) (-2240 480 256 ) (-2240 1024 256 ) 
3 1652 (-2048 474.666687 136 ) (-2048 480 136 ) (-2112 480 136 ) 
4 1652 (-2048 474.665649 136 ) (-2112.011963 480 136 ) (-2112.011963 480 0 ) (-2048 474.665680 0 ) 
4 1653 (-2240 480 -272 ) (-2240 528 -272 ) (-2208 528 -272 ) (-2208 480 -272 ) 
4 1653 (-2240 544 -272 ) (-2240 640 -272 ) (-2208 640 -272 ) (-2208 544 -272 ) 
4 1653 (-2240 656 -272 ) (-2240 752 -272 ) (-2208 752 -272 ) (-2208 656 -272 ) 
4 1653 (-2240 768 -272 ) (-2240 864 -272 ) (-2208 864 -272 ) (-2208 768 -272 ) 
4 1653 (-2240 880 -272 ) (-2240 976 -272 ) (-2208 976 -272 ) (-2208 880 -272 ) 
4 1653 (-2240 992 -272 ) (-2240 1024 -272 ) (-2208 1024 -272 ) (-2208 992 -272 ) 
4 1653 (-2240 480 0 ) (-2240 480 -64 ) (-2112 480 -64 ) (-2112 480 0 ) 
4 1653 (-2240 1024 -272 ) (-2240 480 -272 ) (-2240 480 0 ) (-2240 1024 0 ) 
4 1654 (-2112.011230 480 0 ) (-2112.011230 480 -64 ) (-2048 474.665741 -64 ) (-2048 474.665741 0 ) 
4 1655 (-2240 432 -272 ) (-2240 480 -272 ) (-2208 480 -272 ) (-2208 432 -272 ) 
4 1655 (-2240 320 -272 ) (-2240 416 -272 ) (-2208 416 -272 ) (-2208 320 -272 ) 
4 1655 (-2048 352 -272 ) (-2048 320 -272 ) (-2128 320 -272 ) (-2128 352 -272 ) 
4 1655 (-2144 320 -272 ) (-2208 320 -272 ) (-2208 352 -272 ) (-2144 352 -272 ) 
5 1655 (-2048 474.666687 -64 ) (-2112 480 -64 ) (-2240 480 -64 ) (-2240 320 -64 ) (-2048 320 -64 ) 
4 1655 (-2240 320 -64 ) (-2240 320 -272 ) (-2048 320 -272 ) (-2048 320 -64 ) 
4 1655 (-2240 480 -272 ) (-2240 320 -272 ) (-2240 320 -64 ) (-2240 480 -64 ) 
4 1656 (-2208 432 -272 ) (-2208 528 -272 ) (-2208 528 -320 ) (-2208 432 -320 ) 
4 1656 (-2208 544 -272 ) (-2208 640 -272 ) (-2208 640 -320 ) (-2208 544 -320 ) 
4 1656 (-2208 656 -272 ) (-2208 752 -272 ) (-2208 752 -320 ) (-2208 656 -320 ) 
4 1656 (-2208 768 -272 ) (-2208 864 -272 ) (-2208 864 -320 ) (-2208 768 -320 ) 
4 1656 (-2208 880 -272 ) (-2208 976 -272 ) (-2208 976 -320 ) (-2208 880 -320 ) 
4 1656 (-2208 992 -272 ) (-2208 1024 -272 ) (-2208 1024 -320 ) (-2208 992 -320 ) 
4 1656 (-2208 352 -272 ) (-2208 416 -272 ) (-2208 416 -320 ) (-2208 352 -320 ) 
4 1656 (-2208 448 -320 ) (-2208 1024 -320 ) (-2112 1024 -320 ) (-2112 448 -320 ) 
4 1656 (-2208 352 -320 ) (-2208 448 -320 ) (-2048 448 -320 ) (-2048 352 -320 ) 
4 1656 (-2128 352 -320 ) (-2048 352 -320 ) (-2048 352 -272 ) (-2128 352 -272 ) 
4 1656 (-2208 352 -272 ) (-2208 352 -320 ) (-2144 352 -320 ) (-2144 352 -272 ) 
4 1657 (-2144 352 -320 ) (-2128 352 -320 ) (-2128 320 -320 ) (-2144 320 -320 ) 
4 1657 (-2144 352 -272 ) (-2144 352 -320 ) (-2144 320 -320 ) (-2144 320 -272 ) 
4 1657 (-2144 320 -320 ) (-2128 320 -320 ) (-2128 320 -272 ) (-2144 320 -272 ) 
4 1657 (-2128 320 -272 ) (-2128 320 -320 ) (-2128 352 -320 ) (-2128 352 -272 ) 
4 1658 (-2112 448 -512 ) (-2112 448 -320 ) (-2112 1024 -320 ) (-2112 1024 -512 ) 
4 1658 (-2048 448 -320 ) (-2112 448 -320 ) (-2112 448 -512 ) (-2048 448 -512 ) 
4 1658 (-2048 448 -512 ) (-2112 448 -512 ) (-2112 1024 -512 ) (-2048 1024 -512 ) 
4 1659 (-2208 992 -272 ) (-2208 992 -320 ) (-2240 992 -320 ) (-2240 992 -272 ) 
4 1659 (-2240 976 -320 ) (-2240 992 -320 ) (-2208 992 -320 ) (-2208 976 -320 ) 
4 1659 (-2240 992 -320 ) (-2240 976 -320 ) (-2240 976 -272 ) (-2240 992 -272 ) 
4 1659 (-2240 976 -272 ) (-2240 976 -320 ) (-2208 976 -320 ) (-2208 976 -272 ) 
4 1660 (-2240 880 -320 ) (-2240 864 -320 ) (-2240 864 -272 ) (-2240 880 -272 ) 
4 1660 (-2240 864 -320 ) (-2240 880 -320 ) (-2208 880 -320 ) (-2208 864 -320 ) 
4 1660 (-2208 880 -272 ) (-2208 880 -320 ) (-2240 880 -320 ) (-2240 880 -272 ) 
4 1660 (-2240 864 -272 ) (-2240 864 -320 ) (-2208 864 -320 ) (-2208 864 -272 ) 
4 1661 (-2240 768 -320 ) (-2240 752 -320 ) (-2240 752 -272 ) (-2240 768 -272 ) 
4 1661 (-2240 752 -320 ) (-2240 768 -320 ) (-2208 768 -320 ) (-2208 752 -320 ) 
4 1661 (-2208 768 -272 ) (-2208 768 -320 ) (-2240 768 -320 ) (-2240 768 -272 ) 
4 1661 (-2240 752 -272 ) (-2240 752 -320 ) (-2208 752 -320 ) (-2208 752 -272 ) 
4 1662 (-2240 640 -272 ) (-2240 640 -320 ) (-2208 640 -320 ) (-2208 640 -272 ) 
4 1662 (-2208 656 -272 ) (-2208 656 -320 ) (-2240 656 -320 ) (-2240 656 -272 ) 
4 1662 (-2240 640 -320 ) (-2240 656 -320 ) (-2208 656 -320 ) (-2208 640 -320 ) 
4 1662 (-2240 656 -320 ) (-2240 640 -320 ) (-2240 640 -272 ) (-2240 656 -272 ) 
4 1663 (-2240 528 -272 ) (-2240 528 -320 ) (-2208 528 -320 ) (-2208 528 -272 ) 
4 1663 (-2240 528 -320 ) (-2240 544 -320 ) (-2208 544 -320 ) (-2208 528 -320 ) 
4 1663 (-2240 544 -320 ) (-2240 528 -320 ) (-2240 528 -272 ) (-2240 544 -272 ) 
4 1663 (-2208 544 -272 ) (-2208 544 -320 ) (-2240 544 -320 ) (-2240 544 -272 ) 
4 1664 (-2240 416 -272 ) (-2240 416 -320 ) (-2208 416 -320 ) (-2208 416 -272 ) 
4 1664 (-2240 416 -320 ) (-2240 432 -320 ) (-2208 432 -320 ) (-2208 416 -320 ) 
4 1664 (-2240 432 -320 ) (-2240 416 -320 ) (-2240 416 -272 ) (-2240 432 -272 ) 
4 1664 (-2208 432 -272 ) (-2208 432 -320 ) (-2240 432 -320 ) (-2240 432 -272 ) 
